tarih,fonKodu,akis_oran_pct
2026-08-31,AAL,-13.563146458649697
2026-08-31,AAS,-2.902457859805148
2026-08-31,AAV,-7.349609297466508
2026-08-31,ABG,0.404922449628889
2026-08-31,ABJ,0.0
2026-08-31,ABU,0.0
2026-08-31,AC1,-2.207808724850872
2026-08-31,AC2,221.77365874890356
2026-08-31,AC3,0.0
2026-08-31,AC4,12.514260175354577
2026-08-31,AC5,1.7354259821615294
2026-08-31,AC6,0.3173914188495777
2026-08-31,AC7,-7.923483256245042
2026-08-31,AC8,-0.2067282605812638
2026-08-31,ACC,-37.18614831097537
2026-08-31,ACD,0.15834284082432606
2026-08-31,ACN,0.0
2026-08-31,ACU,-0.5979803903717428
2026-08-31,ADE,-4.412027486037619
2026-08-31,ADP,-9.18572964096099
2026-08-31,AED,1.023297098620219
2026-08-31,AES,-6.159410602847217
2026-08-31,AEV,-0.268548220764991
2026-08-31,AFA,0.81187417279665
2026-08-31,AFO,-1.86497708272074
2026-08-31,AFS,2.9316755463825985
2026-08-31,AFT,-2.2702750577322846
2026-08-31,AFV,1.6234483445521097
2026-08-31,AGC,-14.833665188758705
2026-08-31,AHH,0.0
2026-08-31,AHI,1.884777208415053
2026-08-31,AHN,-3.8436977739775067
2026-08-31,AHU,-29.822156657094485
2026-08-31,AHV,1.5644344109980663
2026-08-31,AHZ,5.729878327326615e-05
2026-08-31,AI1,1.1750896881836506e-06
2026-08-31,AIH,-1.6074897894753397
2026-08-31,AII,0.0
2026-08-31,AIM,0.0
2026-08-31,AIR,-0.5497321613702261
2026-08-31,AIS,5.5262151915789435
2026-08-31,AJ1,-28.35421704013256
2026-08-31,AJE,-6.789385683552409
2026-08-31,AJK,5.068904403279665
2026-08-31,AJL,-6.591839284187379
2026-08-31,AJN,-4.476867653835018
2026-08-31,AK2,44.83184024321831
2026-08-31,AK3,4.015409611762832
2026-08-31,AKE,0.3898259883914794
2026-08-31,AKU,-4.623453292356876
2026-08-31,AL4,0.0
2026-08-31,AL5,-2.2724642451517556
2026-08-31,AL6,0.0
2026-08-31,AL7,15.713529553872519
2026-08-31,ALC,-1.5478826689970762
2026-08-31,ALE,-0.07146381054267555
2026-08-31,AN1,0.8751881819762681
2026-08-31,ANL,11.472051300710852
2026-08-31,ANZ,-1.9484213825723555
2026-08-31,AOJ,-0.7657368795323544
2026-08-31,AOY,-8.039198266865483
2026-08-31,AP2,-3.063663628653272
2026-08-31,AP4,0.0
2026-08-31,AP5,3.355526765477592
2026-08-31,AP6,-1.7799893340105483e-05
2026-08-31,AP7,-4.219204737565816
2026-08-31,APJ,-2.9181317209469637
2026-08-31,APP,0.0
2026-08-31,APT,36.20892306535175
2026-08-31,ARE,13.754171252772665
2026-08-31,ARF,0.0
2026-08-31,ARL,-1.3975372411617328
2026-08-31,ARM,-5.248093134792441
2026-08-31,ARP,0.0
2026-08-31,AS1,-9.361761361534825
2026-08-31,AS3,0.0
2026-08-31,ASJ,-2.869682854685375
2026-08-31,ATJ,-0.010091969090862156
2026-08-31,AU1,26.218019988267233
2026-08-31,AUV,-36.03589643574184
2026-08-31,AVC,0.0
2026-08-31,AVT,17.393966498753972
2026-08-31,AVZ,0.0
2026-08-31,AY6,0.0
2026-08-31,AY7,0.0
2026-08-31,AYA,-2.692830361869888
2026-08-31,AYR,0.9965313633566725
2026-08-31,AZF,0.0
2026-08-31,AZJ,30.426606619623485
2026-08-31,AZV,-0.11007252667999354
2026-08-31,AZZ,0.0
2026-08-31,BA1,0.37727729323004044
2026-08-31,BAC,2.869610970989303
2026-08-31,BAG,-2.370190814477017
2026-08-31,BAI,41.271719086814194
2026-08-31,BAL,0.0
2026-08-31,BAO,0.0
2026-08-31,BAS,0.0
2026-08-31,BBF,2.2359804108822146
2026-08-31,BBI,0.0
2026-08-31,BBN,0.0
2026-08-31,BBO,0.0
2026-08-31,BBP,-3.899766504020002
2026-08-31,BBS,89.74771698479003
2026-08-31,BCC,-0.03533534146443131
2026-08-31,BCK,-14.626731885963776
2026-08-31,BCO,158.46037693469677
2026-08-31,BDA,26.79527858696521
2026-08-31,BDC,-6.690249276822077
2026-08-31,BDI,-1.7687345389831906e-09
2026-08-31,BDO,-37.41685087698642
2026-08-31,BDS,-18.977175790014954
2026-08-31,BDY,-3.3739019350285537
2026-08-31,BFE,6.852264900790968
2026-08-31,BFO,0.0
2026-08-31,BFS,45.54797381805471
2026-08-31,BFT,-30.84181017200604
2026-08-31,BGH,0.0
2026-08-31,BGP,-6.223962732938875
2026-08-31,BGR,7.957018660835725
2026-08-31,BHA,0.2516712074588415
2026-08-31,BHE,-0.7498797857132112
2026-08-31,BHF,-5.496214090964128
2026-08-31,BHH,-9.504035314750092e-07
2026-08-31,BHI,23.64600679395305
2026-08-31,BHL,22.578925582988123
2026-08-31,BHN,-0.5499482971461394
2026-08-31,BHO,0.0
2026-08-31,BI5,0.0
2026-08-31,BIA,236.259550027874
2026-08-31,BID,-0.9913078622662953
2026-08-31,BIG,-2.5684199621624715
2026-08-31,BIH,0.005702651065575155
2026-08-31,BIK,0.012496170287220281
2026-08-31,BIO,-8.621022968380569
2026-08-31,BIP,80.16917140147918
2026-08-31,BIS,-0.6758216101614539
2026-08-31,BIY,1.3429052093162834
2026-08-31,BJD,-9.451429119835158
2026-08-31,BKO,-42.234025523954784
2026-08-31,BKY,19.160550143267407
2026-08-31,BLA,0.0
2026-08-31,BLD,-5.29473021364548
2026-08-31,BLT,22.68919898020748
2026-08-31,BMU,-55.56592334401215
2026-08-31,BNC,-9.91815524283136
2026-08-31,BNH,5.685739262731864
2026-08-31,BOH,0.0
2026-08-31,BOL,29.55715208472866
2026-08-31,BON,-88.2465757276718
2026-08-31,BOP,4.901215394907291
2026-08-31,BOS,-0.706618978660323
2026-08-31,BP5,-67.85581783306563
2026-08-31,BPD,0.0
2026-08-31,BPZ,79.90234214725734
2026-08-31,BRB,-13.21975791853069
2026-08-31,BRC,-3.587228609200916
2026-08-31,BRF,-3.7364102678308546
2026-08-31,BRG,9.781895377191196
2026-08-31,BRH,-4.430989491138011
2026-08-31,BRR,776.081541131451
2026-08-31,BRT,-12.864068109103211
2026-08-31,BRZ,-13.700944904134873
2026-08-31,BS1,1816.0689318736352
2026-08-31,BSA,0.0
2026-08-31,BSC,-0.00010840695857788015
2026-08-31,BSD,17.726624072867285
2026-08-31,BSE,-2.3561137765965418e-06
2026-08-31,BSF,0.0
2026-08-31,BSH,21.88861010192099
2026-08-31,BSM,-6.19954521750882
2026-08-31,BSN,0.0
2026-08-31,BST,-9.873221753461703
2026-08-31,BTE,-10.80465425184376
2026-08-31,BTJ,-0.4817309487123172
2026-08-31,BTK,6.002429579989403
2026-08-31,BTP,-20.04874150602584
2026-08-31,BTY,0.0
2026-08-31,BTZ,-14.186362070853257
2026-08-31,BUB,-26.68102204614903
2026-08-31,BUC,288.9785755588434
2026-08-31,BUP,0.0
2026-08-31,BUT,-21.709040550736468
2026-08-31,BUV,-21.111346614459922
2026-08-31,BUY,-5.805061542137958
2026-08-31,BV1,1.3460299377712017
2026-08-31,BVB,0.0
2026-08-31,BVC,0.0
2026-08-31,BVD,-4.923005492407269
2026-08-31,BVF,1.3413831253318684
2026-08-31,BVH,0.0
2026-08-31,BVI,-2.4384025531645026
2026-08-31,BVK,-75.62001239151495
2026-08-31,BVM,-10.353153092941046
2026-08-31,BVT,0.0
2026-08-31,BVV,17.10629861378398
2026-08-31,BVZ,8.247186641782536
2026-08-31,BYZ,-0.002995972233371095
2026-08-31,CAH,-38.65408568541206
2026-08-31,CBD,623.9831983016315
2026-08-31,CBN,0.0
2026-08-31,CBO,0.0
2026-08-31,CEY,0.0
2026-08-31,CFO,-38.6073785489008
2026-08-31,CGD,0.0
2026-08-31,CHY,0.0379897259068444
2026-08-31,CIN,-5.732972268338127
2026-08-31,CJD,27406.690713291788
2026-08-31,CJF,-15.527332202587738
2026-08-31,CJG,0.0
2026-08-31,CJH,-2.422357426901437
2026-08-31,CKF,-2.6664026182929947
2026-08-31,CKL,-0.6322068149725193
2026-08-31,CKS,1.8545311842102643
2026-08-31,COT,0.5622364499366587
2026-08-31,CPT,-7.769872205793566
2026-08-31,CPU,11.479254868007214
2026-08-31,CRL,0.0
2026-08-31,CSD,0.0
2026-08-31,CSH,-1.1075408386649534e-06
2026-08-31,CTF,0.0
2026-08-31,CTG,0.0
2026-08-31,CTM,0.0
2026-08-31,CTP,0.0
2026-08-31,CTV,0.0
2026-08-31,CVA,0.0
2026-08-31,CVB,0.0
2026-08-31,CVC,0.0
2026-08-31,CVD,0.0
2026-08-31,CVE,0.0
2026-08-31,CVF,0.0
2026-08-31,CVK,-0.7919741839127659
2026-08-31,CVL,336.8747029935605
2026-08-31,CYD,2.4003840628148794
2026-08-31,DA1,-58.46539859408121
2026-08-31,DAC,0.0
2026-08-31,DAE,12.294799982752576
2026-08-31,DAH,-3.552451299486258
2026-08-31,DAI,-0.6068692898368324
2026-08-31,DAL,0.7890316474349091
2026-08-31,DAP,3806.1526844612404
2026-08-31,DAS,-2.8762746629151423
2026-08-31,DAT,-18.36775359937584
2026-08-31,DAV,4.332767739929171
2026-08-31,DAZ,0.0
2026-08-31,DB2,-4.388421976613374
2026-08-31,DBA,-2.580104498551007
2026-08-31,DBB,-6.683998278934503
2026-08-31,DBG,0.1287851398052439
2026-08-31,DBH,-2.8635300617998816
2026-08-31,DBK,4.076273916924148
2026-08-31,DBP,-0.11545637679332522
2026-08-31,DBZ,-4.747746744059424
2026-08-31,DCB,10.794161555986129
2026-08-31,DCD,0.0
2026-08-31,DCE,0.0
2026-08-31,DCN,204.2053165310959
2026-08-31,DCP,-0.9112861656793082
2026-08-31,DCV,-0.037354128840135746
2026-08-31,DDA,2.7353745251099553
2026-08-31,DDC,-5.281473304606093
2026-08-31,DDE,0.0
2026-08-31,DDF,22.20969536237534
2026-08-31,DDP,0.0
2026-08-31,DEF,-1.1518301585774957
2026-08-31,DEH,126.94286610735404
2026-08-31,DEI,0.0
2026-08-31,DFC,-33.521624367407135
2026-08-31,DFD,-0.4347379100031688
2026-08-31,DFI,-6.823560426009395
2026-08-31,DFO,0.24274233710737614
2026-08-31,DGF,-48.650123316226825
2026-08-31,DGH,14.977847610654027
2026-08-31,DHI,11.755507612979937
2026-08-31,DHJ,0.888064338360974
2026-08-31,DHM,-10.245582235404438
2026-08-31,DHP,0.0
2026-08-31,DHS,0.0
2026-08-31,DHT,16.150478791837493
2026-08-31,DHV,-8.04777323781387
2026-08-31,DID,1.9591613862085335
2026-08-31,DIH,0.0
2026-08-31,DIM,0.0
2026-08-31,DIP,-2.643110074418869
2026-08-31,DK1,1.306831879625311
2026-08-31,DK8,67.6000761885248
2026-08-31,DKA,0.0
2026-08-31,DKC,1.5709455965001369
2026-08-31,DKH,-2.541829377688361
2026-08-31,DKL,-1.2005389777385025
2026-08-31,DKP,-0.7287178348877016
2026-08-31,DKR,-61.10670259666361
2026-08-31,DKS,0.0
2026-08-31,DL2,-40.43381008490096
2026-08-31,DLD,2.573503181308057
2026-08-31,DLG,-1.8429662679289287
2026-08-31,DLN,50.51731427329553
2026-08-31,DLY,-8.159635143050933
2026-08-31,DLZ,2.8744223543404304
2026-08-31,DMG,-1.4557486211302546
2026-08-31,DMI,126.1040713956632
2026-08-31,DMR,0.0
2026-08-31,DMV,0.0
2026-08-31,DMZ,0.0
2026-08-31,DNA,0.0
2026-08-31,DNF,1276.7569354289221
2026-08-31,DNH,-9.134530660426504
2026-08-31,DNK,-0.4280075674168982
2026-08-31,DNL,0.0
2026-08-31,DNM,2.397277386831854
2026-08-31,DNP,91.73484783253912
2026-08-31,DNU,0.0
2026-08-31,DOC,-6.823739829650835e-05
2026-08-31,DOD,-24.098550220769596
2026-08-31,DOH,2166.087017322285
2026-08-31,DOL,11.07030707089475
2026-08-31,DOR,-0.00924739087772698
2026-08-31,DOS,0.0
2026-08-31,DOV,-0.6684099007837144
2026-08-31,DP1,0.0
2026-08-31,DP2,2.8609395224090663
2026-08-31,DP3,-0.15448538515370167
2026-08-31,DP4,-0.8970667879569728
2026-08-31,DP5,0.0
2026-08-31,DP6,-0.025098080578066867
2026-08-31,DP7,0.0
2026-08-31,DP8,0.0
2026-08-31,DP9,0.0
2026-08-31,DPB,-16.735807784799224
2026-08-31,DPC,-0.8713941574957069
2026-08-31,DPE,0.0
2026-08-31,DPG,0.0
2026-08-31,DPI,-0.269238815596519
2026-08-31,DPK,-8.34490044706321
2026-08-31,DPL,0.0
2026-08-31,DPN,0.0
2026-08-31,DPP,-74.4656789290571
2026-08-31,DPT,-3.387413641972007
2026-08-31,DPZ,0.0
2026-08-31,DRA,-1.4373190041716861
2026-08-31,DRD,-0.3253270760281363
2026-08-31,DRH,-5.8246590439178535e-06
2026-08-31,DRT,3.73435489096138
2026-08-31,DSC,0.0
2026-08-31,DSD,-22.149332066335823
2026-08-31,DSH,22.936968217457622
2026-08-31,DSP,-2.4935215716768258
2026-08-31,DSV,-69.5542074007532
2026-08-31,DTH,-0.2833014839487833
2026-08-31,DTL,-0.6942975288910493
2026-08-31,DTM,-4.497537574016261
2026-08-31,DTO,-0.022850537108666087
2026-08-31,DTP,0.0
2026-08-31,DTV,0.0
2026-08-31,DTZ,3.781755412203795
2026-08-31,DUC,0.0
2026-08-31,DUD,6.7692603808434475
2026-08-31,DUH,-105.23468355323627
2026-08-31,DUT,-0.0008733785951140911
2026-08-31,DUV,3.7938530359131235
2026-08-31,DVC,0.0
2026-08-31,DVI,0.0
2026-08-31,DVN,0.0
2026-08-31,DVO,0.0
2026-08-31,DVS,30.250221994032607
2026-08-31,DVT,-0.7423863441992503
2026-08-31,DVU,-0.24162855257656027
2026-08-31,DVZ,0.0
2026-08-31,DXP,-7.207662727618494
2026-08-31,DYJ,0.0
2026-08-31,DYN,-0.6769369177969246
2026-08-31,DYS,0.0
2026-08-31,DZ2,0.0
2026-08-31,DZE,-4.9631305117938975
2026-08-31,DZM,-15.627997152748568
2026-08-31,DZP,0.0
2026-08-31,DZS,-2.322907967303474
2026-08-31,EBD,-2.9232855343146134
2026-08-31,EBI,0.001184455967051597
2026-08-31,EBS,0.23941386407324736
2026-08-31,EC2,-3.873880731751856
2026-08-31,ECA,13.390030010187068
2026-08-31,ECB,8.452054541622873
2026-08-31,ECV,1.2834671746451631
2026-08-31,EDD,25.404980135017176
2026-08-31,EDN,22.25460036080033
2026-08-31,EDP,20.05819740178657
2026-08-31,EDT,-4.347860197425352
2026-08-31,EDU,0.021331183716520485
2026-08-31,EES,0.1834900635895008
2026-08-31,EGP,0.0
2026-08-31,EGR,12.70654914287522
2026-08-31,EHS,0.0
2026-08-31,EIB,-4.206724199117351
2026-08-31,EID,-3.6283239171561585
2026-08-31,EIL,-8.564246299847571
2026-08-31,EJG,0.0
2026-08-31,EKF,-12.815636749365009
2026-08-31,EKL,-15.787764499470324
2026-08-31,ELZ,-29.942253346941545
2026-08-31,EME,-0.05313855916748803
2026-08-31,EML,-2.977360199744642
2026-08-31,ENA,37.325332940963804
2026-08-31,ENJ,-0.7676192487541112
2026-08-31,ENO,9.765060144140419
2026-08-31,ENR,52.032914909008184
2026-08-31,ENS,5.2357601582153634
2026-08-31,EP1,17.703229153936697
2026-08-31,EPA,0.15164867646878916
2026-08-31,EPI,0.4170683178219986
2026-08-31,EPK,-10.739338120247972
2026-08-31,EPO,0.0
2026-08-31,EPP,-1.7198278755777567
2026-08-31,EPT,36.97487137025844
2026-08-31,ESG,-0.2866789160025369
2026-08-31,ESN,0.0
2026-08-31,ESP,-5.03132139132501
2026-08-31,ETN,0.002254210853458333
2026-08-31,EUN,-0.7209683725851402
2026-08-31,EUZ,0.7074848346724425
2026-08-31,EVM,9.232137713841595
2026-08-31,EYT,-2.57940018424022
2026-08-31,EZM,0.0
2026-08-31,FAK,-22.722832121914706
2026-08-31,FAL,-1.7042480936851025
2026-08-31,FBC,-3.099268478284659
2026-08-31,FBI,12.688159454037331
2026-08-31,FBN,0.00021144212182724686
2026-08-31,FBV,-0.4049108623162762
2026-08-31,FBZ,8.201647620803735
2026-08-31,FCK,-2.956016457533833
2026-08-31,FCS,-17.77862757813182
2026-08-31,FD1,-6.939230361301722
2026-08-31,FDE,-0.0767689750564957
2026-08-31,FDG,-21.44205256167403
2026-08-31,FDO,0.0
2026-08-31,FDV,0.0
2026-08-31,FDZ,0.0
2026-08-31,FFD,451.76690462079296
2026-08-31,FFF,0.0
2026-08-31,FFH,-3.0954993109537727
2026-08-31,FFO,0.0
2026-08-31,FFP,-16.80443349554431
2026-08-31,FHI,-1.388220665264055
2026-08-31,FHP,-28.638733094217063
2026-08-31,FHZ,0.0
2026-08-31,FI3,1.0121337018217507
2026-08-31,FI5,4.998635929112435
2026-08-31,FIB,-0.8401302175126799
2026-08-31,FID,-5.410703200181892
2026-08-31,FIL,1.6614525258342974
2026-08-31,FIT,18.201621107854038
2026-08-31,FJB,-0.780920984729359
2026-08-31,FJC,0.0
2026-08-31,FJM,-6.822294604579334
2026-08-31,FJN,0.0
2026-08-31,FJZ,-0.9292809495336168
2026-08-31,FKE,1.5704212745687043
2026-08-31,FKV,-0.5006340660489053
2026-08-31,FLS,2.6224217942815344
2026-08-31,FLY,15.305113932863257
2026-08-31,FMG,-0.13313692413509118
2026-08-31,FMS,0.0
2026-08-31,FMV,0.0072003442033340085
2026-08-31,FNO,-3.357073789010211
2026-08-31,FNT,11.041215282025762
2026-08-31,FP4,-28.26459871533337
2026-08-31,FPE,-0.18825164836537364
2026-08-31,FPG,-3.6390887193182277
2026-08-31,FPH,-2.5176542926413115
2026-08-31,FPI,-23.743575620312832
2026-08-31,FPK,-13.676581234333618
2026-08-31,FPR,-1.1517360956683969
2026-08-31,FPZ,-3.35147071607202
2026-08-31,FR1,0.0
2026-08-31,FRA,0.0
2026-08-31,FRC,0.019807661836080865
2026-08-31,FRZ,0.0
2026-08-31,FS1,-6.1895118260730975
2026-08-31,FS2,4.716175547624083
2026-08-31,FS3,0.0
2026-08-31,FS4,0.0
2026-08-31,FS5,43.436776175254636
2026-08-31,FS6,46.73095970213933
2026-08-31,FSF,-2.8110139888124492
2026-08-31,FSG,-6.302407412851855
2026-08-31,FSH,-4.89394605999408
2026-08-31,FSK,16.50755865699189
2026-08-31,FSM,0.03488121532007406
2026-08-31,FSP,-58.4315916753679
2026-08-31,FSR,-8.315763848444343
2026-08-31,FSU,84.20182415530455
2026-08-31,FSV,-0.40774198906794734
2026-08-31,FTL,-23.212687041755554
2026-08-31,FTY,-0.006059897313814282
2026-08-31,FUA,-1.6160821654806135
2026-08-31,FUB,-0.7057689307486683
2026-08-31,FUM,0.0
2026-08-31,FUN,158.70886588071932
2026-08-31,FUP,-9.846000742841957
2026-08-31,FVL,-0.11588426476768432
2026-08-31,FYA,-1.0832603415650817
2026-08-31,FYB,0.0
2026-08-31,FYD,-8.112728416266298
2026-08-31,FYF,-0.6067771012658159
2026-08-31,FYG,0.0
2026-08-31,FYH,-2.267351116147618
2026-08-31,FYI,-55.25074566717916
2026-08-31,FYM,0.0
2026-08-31,FYO,13.433997267953101
2026-08-31,FYT,-0.8049874528216461
2026-08-31,FYZ,0.0
2026-08-31,FZJ,-2.5906416958499667
2026-08-31,FZP,-8.03616817720574
2026-08-31,GA1,1.2344567989724464
2026-08-31,GAC,0.0
2026-08-31,GAE,-5.174476743361711
2026-08-31,GAF,-3.077753961412694
2026-08-31,GAG,2.8965239714285187
2026-08-31,GAH,-3.7433475928202316
2026-08-31,GAJ,0.0
2026-08-31,GAL,107.48914877471478
2026-08-31,GAN,0.0
2026-08-31,GAS,0.335983258521712
2026-08-31,GAU,0.0
2026-08-31,GAV,0.0
2026-08-31,GBC,9.601323436879843
2026-08-31,GBG,9.127207971222875
2026-08-31,GBH,-1.1620621891154097
2026-08-31,GBJ,3.077171879719047
2026-08-31,GBL,-2.070419203968099
2026-08-31,GBN,-0.09554093262200862
2026-08-31,GBP,-1.5883370943130175
2026-08-31,GBV,-12.177651886943988
2026-08-31,GBZ,11.0924362366898
2026-08-31,GCA,-0.14131100743526614
2026-08-31,GCC,0.0
2026-08-31,GCD,20.51541380822371
2026-08-31,GCI,0.0
2026-08-31,GCZ,0.0
2026-08-31,GDJ,0.0
2026-08-31,GDP,0.0
2026-08-31,GEC,12.262058434269441
2026-08-31,GEI,0.0
2026-08-31,GEZ,0.0
2026-08-31,GFB,-1.9930663664773314
2026-08-31,GFD,-2.94709260209836
2026-08-31,GFI,0.0
2026-08-31,GFL,0.0
2026-08-31,GFN,0.0
2026-08-31,GFY,-2.9984290377006326
2026-08-31,GGA,-4.459385025978644
2026-08-31,GGC,0.0
2026-08-31,GGD,-4.654473139131889
2026-08-31,GGK,-3.182233501378572
2026-08-31,GGM,0.0
2026-08-31,GGN,0.0
2026-08-31,GGP,0.0
2026-08-31,GGR,0.0
2026-08-31,GHS,-17.39171983624514
2026-08-31,GID,-16.39985833210898
2026-08-31,GIE,-7.454397120889866
2026-08-31,GIH,-18.76817537223485
2026-08-31,GJA,0.0
2026-08-31,GJB,-4.209929376540571
2026-08-31,GJD,-0.23770850519852513
2026-08-31,GJE,0.0
2026-08-31,GJF,-0.5989119806147883
2026-08-31,GJH,-36.29671029201707
2026-08-31,GJM,-0.622406462522796
2026-08-31,GJO,0.0
2026-08-31,GKF,0.18322320865730687
2026-08-31,GKG,-6.738081408559903
2026-08-31,GKH,4.266873396684629
2026-08-31,GKK,0.0
2026-08-31,GKL,0.0
2026-08-31,GKM,0.0
2026-08-31,GKV,-0.17429850109478637
2026-08-31,GL1,7.6378297831600745
2026-08-31,GLC,0.8583848496172936
2026-08-31,GLG,-12.531805383310568
2026-08-31,GLL,2.638687827551236
2026-08-31,GLM,0.0
2026-08-31,GLP,0.0
2026-08-31,GLS,-3.4638197133860875
2026-08-31,GLV,0.07720873074810679
2026-08-31,GMA,9.356063702346884
2026-08-31,GMC,-2.570499352966902
2026-08-31,GMD,396.5686261978574
2026-08-31,GME,0.0
2026-08-31,GMI,3.1774208059934668
2026-08-31,GMM,0.0
2026-08-31,GMN,-3.4490598702324125
2026-08-31,GMO,-0.07228195555520946
2026-08-31,GMP,-1.2024473404015297
2026-08-31,GMR,-9.0766044014224
2026-08-31,GMZ,-2.2648544995130093
2026-08-31,GNH,14.506432375745614
2026-08-31,GNK,2.1718084442724916
2026-08-31,GNL,-3.5864747858334365
2026-08-31,GNP,208.99994826718978
2026-08-31,GNS,0.6287787624598253
2026-08-31,GNZ,-1.5192324453705783
2026-08-31,GO1,-1.4596021780021273
2026-08-31,GO3,-3.0574095695340606
2026-08-31,GO4,-7.473003444743825
2026-08-31,GO6,1.4705020165708653
2026-08-31,GO9,-13.897398684499674
2026-08-31,GOF,5.273684560143442
2026-08-31,GOH,-3.3920543435599497
2026-08-31,GOL,-2.998613913530125
2026-08-31,GOP,14.594158366927374
2026-08-31,GP1,0.0
2026-08-31,GP3,3.1969568709228264
2026-08-31,GPA,4.08710319838934
2026-08-31,GPB,-1.4331518872571343
2026-08-31,GPC,-2.0928107662182094
2026-08-31,GPF,8.066178058673758
2026-08-31,GPG,4.297157106771764
2026-08-31,GPH,0.0
2026-08-31,GPI,-1.77977036717908
2026-08-31,GPJ,-6.822259414816589
2026-08-31,GPL,-0.3519107261358868
2026-08-31,GPM,0.0
2026-08-31,GPN,25.33651595183305
2026-08-31,GPT,-5.328760835046265
2026-08-31,GPU,-3.011475041439745
2026-08-31,GPV,-0.670920526880615
2026-08-31,GPZ,91.53376848558901
2026-08-31,GRL,-10.495728535246455
2026-08-31,GRO,-0.8261151688825661
2026-08-31,GRT,-5.460463171032537
2026-08-31,GSE,1.292070916626198
2026-08-31,GSG,0.0
2026-08-31,GSL,-53.735202255281976
2026-08-31,GSO,2852.849847965707
2026-08-31,GSP,7.909229795363376
2026-08-31,GSR,0.0
2026-08-31,GTA,-0.39216256198698923
2026-08-31,GTF,-16.562323580220756
2026-08-31,GTH,-11.580211518860704
2026-08-31,GTK,0.0
2026-08-31,GTL,8.45078292017963
2026-08-31,GTM,-10.473459933032961
2026-08-31,GTN,0.0
2026-08-31,GTY,-7.038137833852742
2026-08-31,GTZ,-4.064477275286812
2026-08-31,GUA,0.0
2026-08-31,GUB,14.425242326289126
2026-08-31,GUC,-58.39947514005955
2026-08-31,GUF,9.535995170633043
2026-08-31,GUH,2.6995619415095864
2026-08-31,GUK,-0.03203810068548388
2026-08-31,GUM,-2.5584543823895123
2026-08-31,GUV,22.996039737410452
2026-08-31,GVA,0.08727613404531306
2026-08-31,GVB,0.0
2026-08-31,GVC,0.0
2026-08-31,GVD,0.0
2026-08-31,GVI,-2.2643922855231655
2026-08-31,GVL,0.0
2026-08-31,GVZ,0.0
2026-08-31,GYC,0.0
2026-08-31,GYG,-0.8285756997459598
2026-08-31,GYK,2.6461968250065593
2026-08-31,GYL,-4.808507708455025
2026-08-31,GYN,0.0
2026-08-31,GYR,-1.9770705947608467
2026-08-31,GZB,0.0
2026-08-31,GZD,0.0
2026-08-31,GZE,-3.021368022722796
2026-08-31,GZG,10.444001368991836
2026-08-31,GZH,-9.43716037423577
2026-08-31,GZJ,-3.095691607486371
2026-08-31,GZL,1.0271652263082236
2026-08-31,GZM,64.8328136251038
2026-08-31,GZN,-2.363362265236137
2026-08-31,GZO,0.0
2026-08-31,GZP,-1.8585199927517566
2026-08-31,GZR,-0.2323094939675525
2026-08-31,GZU,0.0
2026-08-31,GZV,-0.7734455271230156
2026-08-31,GZY,-10.281260087113347
2026-08-31,GZZ,-15.72440693542942
2026-08-31,HAE,0.19302685122268584
2026-08-31,HAG,0.0
2026-08-31,HAI,30.78033294896404
2026-08-31,HAM,-0.9651583850027194
2026-08-31,HAR,-11.099142314749129
2026-08-31,HAT,-25.180967564357847
2026-08-31,HB1,-5.553552854780873
2026-08-31,HB2,-3.581870195648048
2026-08-31,HBF,-3.427713311005523
2026-08-31,HBJ,0.0
2026-08-31,HBN,-6.6537985225370715
2026-08-31,HBU,-3.5887000284014454
2026-08-31,HBV,-1.6870824972859791e-06
2026-08-31,HCV,9.806764964800259
2026-08-31,HDA,-28.285877606371514
2026-08-31,HDD,113.08855860300457
2026-08-31,HDE,2.265861853225229
2026-08-31,HDH,-1.4345607376501023e-05
2026-08-31,HDJ,0.0
2026-08-31,HDK,-0.3784406701044066
2026-08-31,HDS,0.0
2026-08-31,HDV,1.5195584244039895
2026-08-31,HEH,-20.354155410175554
2026-08-31,HFA,0.0
2026-08-31,HFI,2.678306217149927
2026-08-31,HFO,24.105770741946507
2026-08-31,HFR,-31.454874166767244
2026-08-31,HFV,-1.9214592006707436
2026-08-31,HFY,-29.89740889906589
2026-08-31,HGC,0.3143415063186115
2026-08-31,HGH,-39.51376328291131
2026-08-31,HGJ,0.0
2026-08-31,HGM,-28.85272771957933
2026-08-31,HGR,53.21837940105875
2026-08-31,HGT,0.0
2026-08-31,HGU,0.0
2026-08-31,HGV,-9.314777976827735
2026-08-31,HIA,4.7663534606813815
2026-08-31,HIF,1.6206922909726351
2026-08-31,HIH,-9.513659633662215
2026-08-31,HII,0.0
2026-08-31,HIM,-2.3838383073478577
2026-08-31,HIP,5.8583865123579955
2026-08-31,HIS,0.0
2026-08-31,HIZ,2.2826469855447953
2026-08-31,HJA,0.0
2026-08-31,HJB,-31.010324726227484
2026-08-31,HKG,4.701607095869238
2026-08-31,HKH,-33.32910660591929
2026-08-31,HKJ,8.499122161030815
2026-08-31,HKM,-10.87945630460041
2026-08-31,HKP,-29.1318849261686
2026-08-31,HKR,-6.37530491454783
2026-08-31,HKV,9.048098392061457
2026-08-31,HLA,-0.014345800215740816
2026-08-31,HLL,12.703326029713146
2026-08-31,HLR,18.77854045457693
2026-08-31,HMC,15.371230172582253
2026-08-31,HME,1.9063495722952506
2026-08-31,HMG,12.227021308394216
2026-08-31,HMK,-45.664104903375616
2026-08-31,HML,0.43098292251293835
2026-08-31,HMS,-7.697743747716758
2026-08-31,HMT,-0.0026461815593016094
2026-08-31,HMV,0.0
2026-08-31,HNS,0.09671775660711274
2026-08-31,HOA,5.937945066978283
2026-08-31,HOY,-3.0192142143034166
2026-08-31,HP3,104.83997344813969
2026-08-31,HPC,1.4777451555307142
2026-08-31,HPD,-4.415862780132458
2026-08-31,HPF,0.0
2026-08-31,HPH,-45.84966955680364
2026-08-31,HPI,0.0
2026-08-31,HPJ,-51.05270860163531
2026-08-31,HPL,0.0
2026-08-31,HPO,-7.65213991768499
2026-08-31,HPT,8.084407292321059
2026-08-31,HPV,-9.69163080007062
2026-08-31,HPZ,-0.010518402990430784
2026-08-31,HRZ,-27.75183731265501
2026-08-31,HSA,-1.9490352740588013
2026-08-31,HSL,-0.011332511784354482
2026-08-31,HSP,1.6802593920065931
2026-08-31,HST,-2.1255511817231962
2026-08-31,HTF,-2.9616634932374306
2026-08-31,HTJ,93.96426938299506
2026-08-31,HTK,10.022463740281797
2026-08-31,HTS,10.08404246243116
2026-08-31,HTZ,0.0
2026-08-31,HUI,0.0
2026-08-31,HUS,0.0
2026-08-31,HVA,-9.255041721262259
2026-08-31,HVB,0.0969369977457899
2026-08-31,HVC,-3.646593481463625e-05
2026-08-31,HVI,-2.439927364041451
2026-08-31,HVK,-28.391079250986106
2026-08-31,HVL,0.0
2026-08-31,HVN,0.0
2026-08-31,HVS,-2.6449019889497456
2026-08-31,HVT,9.373443307046319
2026-08-31,HVU,0.7131183502891704
2026-08-31,HVV,0.0
2026-08-31,HVZ,-4.534750113129435
2026-08-31,HYK,0.4989217508696733
2026-08-31,HYP,0.04509007808176169
2026-08-31,HYU,-4.466205090110165
2026-08-31,HYV,-4.542607076758755
2026-08-31,HYY,0.0
2026-08-31,HZV,0.0
2026-08-31,IAC,0.0
2026-08-31,IAE,10.628558389808896
2026-08-31,IAI,0.0
2026-08-31,IAJ,0.0
2026-08-31,IAM,-7.159925161623698
2026-08-31,IAR,-1.2165381777615776
2026-08-31,IAS,0.0
2026-08-31,IAT,3.1713304229398482
2026-08-31,IAU,-6.670361990794552
2026-08-31,IAY,-10.790489290572033
2026-08-31,IBB,-7.392588668762453
2026-08-31,IBC,0.0
2026-08-31,IBE,0.0
2026-08-31,IBG,0.0
2026-08-31,IBJ,0.0
2026-08-31,IBK,-0.6822714638765057
2026-08-31,IBM,-3.2956461728115767
2026-08-31,IBP,0.0
2026-08-31,IBR,2.0406831319206344
2026-08-31,ICA,-4.913362619290375
2026-08-31,ICC,-9.48766144542114
2026-08-31,ICD,-18.89665995470213
2026-08-31,ICE,22.076409568071316
2026-08-31,ICF,20.425061480274877
2026-08-31,ICG,0.0
2026-08-31,ICH,354.4275580233576
2026-08-31,ICN,122.21350335941558
2026-08-31,ICS,-10.32028752103917
2026-08-31,ICV,-33.45480368555466
2026-08-31,ICZ,3.068090847123616
2026-08-31,IDD,-0.03395399243980861
2026-08-31,IDF,-6.26277462096443
2026-08-31,IDH,-4.818319015547675
2026-08-31,IDI,170.69260731597714
2026-08-31,IDL,21.425433308512176
2026-08-31,IDO,0.3630494507316134
2026-08-31,IDP,-15.12829511413919
2026-08-31,IDV,-0.9137233130282933
2026-08-31,IDY,-8.34343805760227
2026-08-31,IED,-8.236881910342326
2026-08-31,IEN,-18.330036228289913
2026-08-31,IEV,46.652089059665634
2026-08-31,IEZ,0.08224894248020409
2026-08-31,IFD,0.0
2026-08-31,IFN,-13.494601952713825
2026-08-31,IFV,51.72810167899122
2026-08-31,IFY,0.0
2026-08-31,IGF,0.0
2026-08-31,IGL,2.2238736132672523
2026-08-31,IGM,1.5384247510624176
2026-08-31,IGZ,-77.99226209569616
2026-08-31,IH1,1.1840951856840436
2026-08-31,IHA,-10.32786637640008
2026-08-31,IHC,22.595046563539405
2026-08-31,IHK,-1.4493413896812555
2026-08-31,IHP,-0.9059702188761664
2026-08-31,IHT,-3.8454770125013242
2026-08-31,IHV,0.04021774216575311
2026-08-31,IHY,0.0
2026-08-31,IHZ,-4.50295920919122
2026-08-31,IIA,0.0
2026-08-31,IIC,0.0
2026-08-31,IIE,-5.702771651626771
2026-08-31,IIF,0.0
2026-08-31,IIH,-3.672339768177444
2026-08-31,IIN,7.746288871768546
2026-08-31,IIS,-1.731645952205749
2026-08-31,IJA,-12.8766527813309
2026-08-31,IJB,15.513293915325077
2026-08-31,IJC,-6.099356036856575
2026-08-31,IJE,-9.285429922984717
2026-08-31,IJF,0.0
2026-08-31,IJH,-29.920540017583114
2026-08-31,IJI,72.04040609701781
2026-08-31,IJK,-0.8416701459418472
2026-08-31,IJL,0.0
2026-08-31,IJP,-1.8310725137572186
2026-08-31,IJT,86.33319631922241
2026-08-31,IJV,2.941119841355467
2026-08-31,IJZ,0.8838470558513674
2026-08-31,IK2,0.0
2026-08-31,IKL,8.649804806357647
2026-08-31,IKP,-6.586843662773749
2026-08-31,IKV,2.1690292355898504
2026-08-31,ILC,0.0
2026-08-31,ILE,0.0
2026-08-31,ILH,11.750677077213965
2026-08-31,ILI,0.9290826664887702
2026-08-31,ILM,0.0
2026-08-31,ILP,-0.11428868152912314
2026-08-31,ILU,15.733494380155456
2026-08-31,ILZ,10.801251933523279
2026-08-31,IMB,-25.557559649102128
2026-08-31,IMF,0.0
2026-08-31,IMG,0.0
2026-08-31,IMH,0.0
2026-08-31,IML,-7.915606763046684
2026-08-31,IMO,0.0
2026-08-31,IMS,0.0
2026-08-31,IMT,0.0
2026-08-31,IMY,0.0
2026-08-31,IMZ,0.0
2026-08-31,INH,-6.847387414481145
2026-08-31,INV,0.0
2026-08-31,INZ,0.0014015640451123215
2026-08-31,IOG,-3.471375655844437
2026-08-31,IOH,-7.902658950612945
2026-08-31,IOJ,0.0
2026-08-31,IOL,0.0
2026-08-31,IOM,-2.1143084448959004
2026-08-31,ION,0.0
2026-08-31,IOO,117.20082540044442
2026-08-31,IOP,-5.676911770581635
2026-08-31,IOT,0.0
2026-08-31,IOV,0.0
2026-08-31,IPA,0.0
2026-08-31,IPB,-2.7752174534568104
2026-08-31,IPC,0.0
2026-08-31,IPE,0.0
2026-08-31,IPF,0.0
2026-08-31,IPG,-1.5718676405209389
2026-08-31,IPJ,-4.112792065733381
2026-08-31,IPK,-0.7418738379953244
2026-08-31,IPO,0.0
2026-08-31,IPP,-6.209690318817482
2026-08-31,IPR,0.0
2026-08-31,IPU,0.0
2026-08-31,IPV,-1.5053586401009016
2026-08-31,IRB,3.190648315561137
2026-08-31,IRE,-2.0297704406193464
2026-08-31,IRF,-6.75768973113813
2026-08-31,IRL,-0.3128882309259273
2026-08-31,IRO,-1.860790750570312
2026-08-31,IRT,-3.227938870814403
2026-08-31,IRV,41.071973322508995
2026-08-31,IRY,-6.009330580566745
2026-08-31,ISR,0.0
2026-08-31,ISS,0.0
2026-08-31,IST,20.22816620452623
2026-08-31,ITA,0.0
2026-08-31,ITC,-1.9260346121325385
2026-08-31,ITD,0.0
2026-08-31,ITJ,0.0
2026-08-31,ITL,0.0
2026-08-31,ITP,-3.602979327638986
2026-08-31,ITR,0.0
2026-08-31,ITV,0.0
2026-08-31,ITZ,2.1154372205968537
2026-08-31,IUA,-4.84720825862055
2026-08-31,IUB,0.0
2026-08-31,IUC,0.0
2026-08-31,IUF,2.906117425013593
2026-08-31,IUH,-3.046483897953755
2026-08-31,IUM,0.0
2026-08-31,IUN,0.0
2026-08-31,IUV,-1.4691213659748177
2026-08-31,IUZ,5.426331794672447
2026-08-31,IV2,0.0
2026-08-31,IV6,0.0
2026-08-31,IV7,0.0
2026-08-31,IV8,7.358128669588251
2026-08-31,IVF,-56.463801337237264
2026-08-31,IVS,1.2424577078598322
2026-08-31,IVY,1.5993005672593645
2026-08-31,IYB,8.932127628480625
2026-08-31,IYP,0.0
2026-08-31,IYR,-1.1341590067426597
2026-08-31,IYS,-0.003494671785706529
2026-08-31,IYV,-3.0461008648316024
2026-08-31,IZA,0.0
2026-08-31,IZB,-4.626695433795662
2026-08-31,IZE,0.0
2026-08-31,IZL,-0.0005876211929813999
2026-08-31,IZS,24.393950409856213
2026-08-31,IZV,0.0
2026-08-31,IZY,0.0
2026-08-31,JET,-2.2837854553406016
2026-08-31,JOT,0.0
2026-08-31,JUP,-0.5375100123782544
2026-08-31,KAC,-12.480503887722227
2026-08-31,KAN,1.3384173997911137
2026-08-31,KAV,-3.6303567322920145
2026-08-31,KBJ,-6.766779395715543
2026-08-31,KBP,0.0
2026-08-31,KBZ,0.0
2026-08-31,KCL,2.737208761064673
2026-08-31,KCR,22.471844001303843
2026-08-31,KCV,-4.852224018652056
2026-08-31,KDE,8.921330869428072
2026-08-31,KDI,-29.166023522986357
2026-08-31,KDK,0.0
2026-08-31,KDL,-1.8180012311395217
2026-08-31,KDO,15.837202883051752
2026-08-31,KDS,-4.999344494744327
2026-08-31,KDT,-0.5730286851186239
2026-08-31,KDV,-15.577874635869323
2026-08-31,KDZ,6.063241711629859
2026-08-31,KEI,0.0
2026-08-31,KEO,0.0
2026-08-31,KEU,-4.868817483606916
2026-08-31,KFZ,0.0
2026-08-31,KGM,-2.2248086039111206
2026-08-31,KH1,-0.7242490675595024
2026-08-31,KHA,268.5047191871053
2026-08-31,KHB,-29.128029639488407
2026-08-31,KHC,-56.8803377623132
2026-08-31,KHD,0.0
2026-08-31,KHF,0.0
2026-08-31,KHJ,-1.6385620732178006
2026-08-31,KHP,24.46376986815525
2026-08-31,KHT,8.656405881631592
2026-08-31,KHU,0.0
2026-08-31,KIA,-3.3530920508107673
2026-08-31,KIB,3.945644559648156
2026-08-31,KIE,31.78215237064133
2026-08-31,KIH,-0.0026003414106602917
2026-08-31,KIK,-2.7746623565588475
2026-08-31,KIS,-0.9692281545034157
2026-08-31,KJK,0.0
2026-08-31,KKB,0.0
2026-08-31,KKC,7.258251319580642
2026-08-31,KKE,0.0
2026-08-31,KKH,-2.9106751459132716
2026-08-31,KKL,2.4409703237709626
2026-08-31,KKO,-0.015910747279535925
2026-08-31,KKP,-0.3535580695604046
2026-08-31,KKT,-7.625946195333161
2026-08-31,KLH,-27.89700522002291
2026-08-31,KLI,22.08943652545659
2026-08-31,KLL,0.0
2026-08-31,KLM,0.0
2026-08-31,KLS,-13.889272023267882
2026-08-31,KLU,10.351811522003105
2026-08-31,KMA,0.0
2026-08-31,KME,-8.549886724592941
2026-08-31,KMF,2.8240547619430476
2026-08-31,KMN,1.0423779931797807
2026-08-31,KMT,0.0
2026-08-31,KNC,0.0
2026-08-31,KNI,23.005962974053862
2026-08-31,KNJ,28.54152209072438
2026-08-31,KNN,0.3407871210116789
2026-08-31,KNP,-11.365216699436296
2026-08-31,KNS,0.0
2026-08-31,KNT,0.0
2026-08-31,KNV,0.0
2026-08-31,KNZ,0.0
2026-08-31,KO4,-0.7936722201271161
2026-08-31,KOB,-2.14096055987685
2026-08-31,KOD,1.0956009305416312
2026-08-31,KOP,0.0
2026-08-31,KOT,-28.93123772601737
2026-08-31,KOZ,0.0
2026-08-31,KP3,-4.455476866230045
2026-08-31,KPA,10.746640189990558
2026-08-31,KPB,0.0
2026-08-31,KPC,3.2636866825052997
2026-08-31,KPD,-22.42504983967044
2026-08-31,KPF,-65.9961029055377
2026-08-31,KPH,-1.9246996545872646
2026-08-31,KPI,29.564044072101836
2026-08-31,KPK,0.0
2026-08-31,KPM,0.0
2026-08-31,KPP,-2.388260648261094
2026-08-31,KPR,-5.561689170818959
2026-08-31,KPS,0.0
2026-08-31,KPU,-2.7254715425374845
2026-08-31,KRC,-1.632194037346988
2026-08-31,KRF,-14.888772515234983
2026-08-31,KRH,-0.00016722695979727508
2026-08-31,KRO,-1.740550559217496
2026-08-31,KRR,-6.120020589168174
2026-08-31,KRS,-2.778853788044046
2026-08-31,KRT,-2.3753262312112167
2026-08-31,KRV,-0.2679364166467586
2026-08-31,KSA,1.631891628908449
2026-08-31,KSC,0.0
2026-08-31,KSK,-5.766503216783537
2026-08-31,KSL,1.2255072279801884
2026-08-31,KSM,-3.345797807169102
2026-08-31,KSP,0.0
2026-08-31,KSR,1.7312597396972607
2026-08-31,KST,-3.513854196945395
2026-08-31,KSV,34.68862214963086
2026-08-31,KSY,3.396270824859262
2026-08-31,KTE,0.0
2026-08-31,KTI,2.641464214063121
2026-08-31,KTJ,5.868456022302725
2026-08-31,KTM,1.2756671281522318
2026-08-31,KTN,-16.12400978265448
2026-08-31,KTR,0.01980887950993213
2026-08-31,KTS,-2.0976439924281896
2026-08-31,KTT,3.093537280603513
2026-08-31,KTU,0.0
2026-08-31,KTV,-2.4988968422511735
2026-08-31,KU3,-4.190383859907612
2026-08-31,KUA,-10.897868626781031
2026-08-31,KUB,-1.193948524259861
2026-08-31,KUD,26.97321530722041
2026-08-31,KUP,0.7499351841604893
2026-08-31,KUT,-1.6870248114266726
2026-08-31,KVA,0.0
2026-08-31,KVK,54.86335076625757
2026-08-31,KVR,-15.504078631683479
2026-08-31,KVS,-2.936653416077735
2026-08-31,KVT,-10.191812388943939
2026-08-31,KYA,-2.1319193907695033
2026-08-31,KYR,0.0
2026-08-31,KYS,0.0
2026-08-31,KZL,-5.756010954623924
2026-08-31,KZO,0.0
2026-08-31,KZU,7.501754082408478
2026-08-31,LAI,-43.909225178582325
2026-08-31,LET,0.0
2026-08-31,LFD,-98.19590166776838
2026-08-31,LGK,2.473698668369339
2026-08-31,LGO,0.0
2026-08-31,LHM,0.0
2026-08-31,LHP,-2.231060309045574
2026-08-31,LKF,39.095239244290184
2026-08-31,LKT,76.9696551918068
2026-08-31,LLA,-6.692471312143082
2026-08-31,LPH,32.151506761468404
2026-08-31,LRT,6.005836164723282
2026-08-31,LTC,-0.5006897528620934
2026-08-31,LTL,-81.87087543249467
2026-08-31,LTS,0.197624530895958
2026-08-31,LZV,0.0
2026-08-31,MAC,-3.8209294632146626
2026-08-31,MAD,-0.9851980257223318
2026-08-31,MAS,0.22357636321193594
2026-08-31,MAV,0.0
2026-08-31,MBL,-0.009539334171438209
2026-08-31,MBR,10.075329861873263
2026-08-31,MCU,203.20374019288053
2026-08-31,MD1,17.357723163410036
2026-08-31,MD2,4.305065361540276
2026-08-31,MDF,-8.232910887822674
2026-08-31,MET,-1.9490707848810134
2026-08-31,MGB,-6.795215328598195
2026-08-31,MGD,0.0
2026-08-31,MGE,0.9786979323489866
2026-08-31,MGH,0.057985652468750176
2026-08-31,MHF,-16.777093850506603
2026-08-31,MIK,-0.011673025957474705
2026-08-31,MJB,0.9547843808090608
2026-08-31,MJE,-8.534339808650158
2026-08-31,MJG,-3.5201320536469134
2026-08-31,MJH,0.1486001310786446
2026-08-31,MJK,-4.75828450022551
2026-08-31,MJL,13.797286824850987
2026-08-31,MKA,-4.260358527104942
2026-08-31,MKG,-3.914779369198001
2026-08-31,MKL,0.0
2026-08-31,MLS,0.0
2026-08-31,MLT,-12.302039978175825
2026-08-31,MMH,-5.148670770139467
2026-08-31,MOD,-0.0625161238659619
2026-08-31,MOZ,-0.06484759660451084
2026-08-31,MP2,0.0
2026-08-31,MP4,2.021551412487071
2026-08-31,MPD,12.115606806901358
2026-08-31,MPE,-0.18625414104693627
2026-08-31,MPF,3.851049988334268
2026-08-31,MPI,0.012319962913939577
2026-08-31,MPK,-12.605441850053154
2026-08-31,MPL,-4.6040702438179455
2026-08-31,MPN,-1.4772914767855831
2026-08-31,MPP,-10.801744991466734
2026-08-31,MPS,-4.942376412470967
2026-08-31,MRI,6.4930990639631
2026-08-31,MSK,-0.007257323889530129
2026-08-31,MSO,-4.512588113860281
2026-08-31,MSR,-10.654928756705377
2026-08-31,MT1,-6.710395503773209
2026-08-31,MT2,-15.600824100837926
2026-08-31,MT5,-0.006175565464607467
2026-08-31,MT6,42.622026879653845
2026-08-31,MT7,0.0
2026-08-31,MT8,-31.694858873754946
2026-08-31,MT9,102.81376896523496
2026-08-31,MTD,-0.961422317558631
2026-08-31,MTE,-37.273067360037096
2026-08-31,MTF,-7.481677641446708
2026-08-31,MTG,76.1877240639445
2026-08-31,MTH,2.5299498536135188
2026-08-31,MTI,0.0
2026-08-31,MTK,605.894212218103
2026-08-31,MTL,723.0226766574538
2026-08-31,MTS,-27.132743830337315
2026-08-31,MTU,-0.00746180089826783
2026-08-31,MTV,-0.9455704506999941
2026-08-31,MTX,-3.96375901575115
2026-08-31,MUL,14.215741445686763
2026-08-31,MUT,-0.7403068451891721
2026-08-31,NAK,-0.5969560392104627
2026-08-31,NAL,49513.2856737594
2026-08-31,NAU,-11.079319711635014
2026-08-31,NAV,19.518512546016755
2026-08-31,NBE,14.423670024070864
2026-08-31,NBH,16.094453269654394
2026-08-31,NBO,15.948708366218131
2026-08-31,NBZ,4.695547069245413
2026-08-31,NCS,7.068692575382009
2026-08-31,NCU,-0.49693738172900376
2026-08-31,NDL,0.0
2026-08-31,NDS,-9.022834078686708
2026-08-31,NES,0.0
2026-08-31,NFF,-16.776849972271997
2026-08-31,NFH,-0.8840575656173484
2026-08-31,NFK,-0.8480446411164845
2026-08-31,NHP,-2.5141137858441924
2026-08-31,NHT,0.0
2026-08-31,NHV,0.0
2026-08-31,NHY,-16.88468722253121
2026-08-31,NIG,-17.87847156132877
2026-08-31,NIS,1.1454351887091894
2026-08-31,NJF,-0.23155242293133663
2026-08-31,NJG,0.0
2026-08-31,NJR,43.336758820908464
2026-08-31,NJY,-9.990332104736249
2026-08-31,NKA,-15.25169892397988
2026-08-31,NKC,-9.326664478964085
2026-08-31,NKH,-0.9175843134788231
2026-08-31,NKJ,0.0
2026-08-31,NKK,0.0010347361694409414
2026-08-31,NKL,7.868805090955819
2026-08-31,NKM,-0.9826413229413381
2026-08-31,NKP,-1.399529916124097
2026-08-31,NKS,-1.8792405569218245
2026-08-31,NKT,21.105898951160473
2026-08-31,NKV,0.0
2026-08-31,NLC,0.0
2026-08-31,NLD,0.0
2026-08-31,NLE,-3.1399035318029735
2026-08-31,NLK,13.357129475182022
2026-08-31,NLL,-0.034095895231785106
2026-08-31,NME,-1.863481745705791
2026-08-31,NMG,0.0
2026-08-31,NMP,441338.80244327255
2026-08-31,NMU,51.46119394482946
2026-08-31,NNF,-16.670962547516673
2026-08-31,NOA,0.0
2026-08-31,NOI,11.39070722913331
2026-08-31,NOV,0.0
2026-08-31,NP1,-3.5701177787014573
2026-08-31,NPH,-16.24631522943529
2026-08-31,NPK,-0.0021886958503781833
2026-08-31,NRC,-4.453774933762384
2026-08-31,NRG,4.716699582456844
2026-08-31,NRM,0.0
2026-08-31,NSA,-10.72366955354637
2026-08-31,NSD,8.016711803376394
2026-08-31,NSH,16.344636038311712
2026-08-31,NSK,-0.011810501707295569
2026-08-31,NSP,3.8376008580108962
2026-08-31,NSS,0.0
2026-08-31,NST,-6.0421783195823275
2026-08-31,NSY,-0.6260709775696821
2026-08-31,NTB,-3.318578546917157e-05
2026-08-31,NTD,0.0
2026-08-31,NTF,0.0
2026-08-31,NTI,1.210745358244032
2026-08-31,NTO,0.0
2026-08-31,NTS,0.0
2026-08-31,NUB,-2.3226377406741805
2026-08-31,NUG,-97.8128214751516
2026-08-31,NUH,-36.00483027662845
2026-08-31,NVB,-1.6257903962399467
2026-08-31,NVC,44.064573226956014
2026-08-31,NVK,-0.003664514290185736
2026-08-31,NVP,0.0
2026-08-31,NVT,-2.898890693142615
2026-08-31,NVZ,-0.23778631818017165
2026-08-31,NYH,0.0
2026-08-31,NZH,-6.89168474408715
2026-08-31,NZT,17.20716745571007
2026-08-31,NZU,-5.269591052258022
2026-08-31,OAB,0.0
2026-08-31,OAO,3002.1829299890674
2026-08-31,OBI,-0.4415181482909163
2026-08-31,OBN,-2.135284042940273
2026-08-31,OBP,-0.26238641238888966
2026-08-31,OBR,-3.958534027517085
2026-08-31,OCM,0.0419684292947035
2026-08-31,OCN,0.0
2026-08-31,OCT,-1.3708239405590508
2026-08-31,ODD,-0.002642598316025582
2026-08-31,ODG,-4.509417184836894
2026-08-31,ODN,106.3761235018164
2026-08-31,ODP,-0.4602779625255463
2026-08-31,ODS,-1.7436804574870486
2026-08-31,ODV,-2.786226572787118
2026-08-31,OFA,-3.4551729231651347
2026-08-31,OFB,-0.5538605696351627
2026-08-31,OFI,-1.3990634681451137
2026-08-31,OFK,-9.393880744041333
2026-08-31,OFO,0.0
2026-08-31,OFS,-0.6724990686213527
2026-08-31,OGD,-1.523479997583766
2026-08-31,OGF,3.9791079047487696
2026-08-31,OGV,-2.3665543241645195
2026-08-31,OHB,-0.07111646444423757
2026-08-31,OHI,-37.310767305396375
2026-08-31,OHK,2.971790303312699
2026-08-31,OIL,1.7471462669708928
2026-08-31,OIR,3.5015392242306773
2026-08-31,OIS,0.0
2026-08-31,OJB,-6.533240098604597
2026-08-31,OJH,-2.3131821509364476
2026-08-31,OJK,-0.18619130775878645
2026-08-31,OJT,-1.3048941603597874
2026-08-31,OJU,-4.9970941793438595
2026-08-31,OJY,-3.502925717710398
2026-08-31,OKD,-5.495566572683676
2026-08-31,OKF,0.0
2026-08-31,OKP,3.828295635029308
2026-08-31,OKT,-4.312485370222998
2026-08-31,OLA,-1.06169178013311
2026-08-31,OLD,-7.5873583015003545
2026-08-31,OLE,-2.714591983128175
2026-08-31,OMB,0.0
2026-08-31,OMC,-0.6818540709964669
2026-08-31,OME,-1.0696705374027944
2026-08-31,OMG,-5.441494878865835
2026-08-31,OMT,51.35242842094341
2026-08-31,ONB,-4.99144484633192
2026-08-31,OND,-1.250709693538846
2026-08-31,ONE,9.195597706032132
2026-08-31,ONF,2.7475353265961253
2026-08-31,ONK,-1.4560650760586302
2026-08-31,ONN,12.136230996390127
2026-08-31,ONS,-1.3408293469015038
2026-08-31,ONT,-10.020215664627456
2026-08-31,ONY,-1.0527252950230053
2026-08-31,OPB,-0.20063393933156715
2026-08-31,OPD,0.040896814645948666
2026-08-31,OPF,0.1388404489186743
2026-08-31,OPH,0.26740611218186594
2026-08-31,OPI,-1.018199762887068
2026-08-31,OPJ,366.97580015928224
2026-08-31,OPL,-9.938319950243125
2026-08-31,OPZ,0.0
2026-08-31,ORC,0.0016599034474113997
2026-08-31,ORI,0.6013388600957258
2026-08-31,OSD,-0.8579096543387972
2026-08-31,OSF,-35.56041620149619
2026-08-31,OSH,0.0
2026-08-31,OSL,0.6538659761244943
2026-08-31,OSN,-2.7680401363627642
2026-08-31,OTE,0.0
2026-08-31,OTF,7.26991108445392
2026-08-31,OTJ,-3.3790010012920084
2026-08-31,OTK,-6.371404374164297
2026-08-31,OTM,-0.12123029322839908
2026-08-31,OTZ,0.0
2026-08-31,OUB,0.0
2026-08-31,OUD,-0.23134854109150313
2026-08-31,OUN,-1.1229042809894416
2026-08-31,OUR,0.0
2026-08-31,OUY,0.0
2026-08-31,OVD,3.0139435034888336
2026-08-31,OVR,0.0
2026-08-31,OYL,14.298512587096399
2026-08-31,OYS,-2.3221130208783856
2026-08-31,OYT,10.256110485390025
2026-08-31,OZC,-72.47799102888197
2026-08-31,P1A,-17.689320780463817
2026-08-31,PA2,42.815860234716325
2026-08-31,PAB,27.8231340554557
2026-08-31,PAC,0.0
2026-08-31,PAF,-5.299819480731639
2026-08-31,PAI,-6.218277826978285
2026-08-31,PAL,-6.968072390561996
2026-08-31,PAO,0.19859340054696795
2026-08-31,PAU,-0.9862502171423445
2026-08-31,PBE,-18.544422916433234
2026-08-31,PBF,0.0
2026-08-31,PBH,0.23378174748707065
2026-08-31,PBI,9.811017849603813
2026-08-31,PBK,-8.472428891181444
2026-08-31,PBN,-2.075964116493747
2026-08-31,PBR,-76.91813005728208
2026-08-31,PBS,0.0
2026-08-31,PBY,-0.05829380644154365
2026-08-31,PCE,-65.97000595643037
2026-08-31,PCH,-0.0009601487459049931
2026-08-31,PCN,0.0
2026-08-31,PCS,14.025686158880418
2026-08-31,PDC,-0.0020681098364215785
2026-08-31,PDD,-5.090491028957113
2026-08-31,PDE,-14.240513809226696
2026-08-31,PDF,-1.6434920998841795
2026-08-31,PDG,-76.97272303271944
2026-08-31,PDH,-0.38185082240450063
2026-08-31,PDR,0.0
2026-08-31,PDS,-0.0006456801437307371
2026-08-31,PEA,0.05757895670299028
2026-08-31,PFO,-1.5694596371405047
2026-08-31,PFS,2.726334436133118
2026-08-31,PGD,-10.758746099565883
2026-08-31,PGE,-0.00026690896350475043
2026-08-31,PGH,0.6924087667355485
2026-08-31,PGS,-2.7660598616186354
2026-08-31,PHB,-14.105858885888706
2026-08-31,PHE,-53.84451729668754
2026-08-31,PHF,0.0
2026-08-31,PHI,9.743617499056352
2026-08-31,PHK,4.1468390677857085
2026-08-31,PHN,4.8063005686130795
2026-08-31,PHS,-22.866297742012936
2026-08-31,PHY,-2.9246129844778803
2026-08-31,PID,1.7153073055430048
2026-08-31,PIL,-8.800875216068205
2026-08-31,PIP,-44.97469508528687
2026-08-31,PIR,-7.809989380968297
2026-08-31,PIS,38.06376376369852
2026-08-31,PJL,-1.1228417503727566
2026-08-31,PJP,-9.636574213871974
2026-08-31,PK1,-83.74207217022838
2026-08-31,PKD,44.62565624741187
2026-08-31,PKF,-5.026366238207108
2026-08-31,PKH,6.242803384703547
2026-08-31,PKL,-68.69145675765085
2026-08-31,PKM,18.079223852600148
2026-08-31,PKN,-7.183069541021577
2026-08-31,PKP,45.65810203571794
2026-08-31,PKR,-4.090851161424672
2026-08-31,PKT,5.462539667383596
2026-08-31,PKU,-4.9856496774515415
2026-08-31,PKV,33.20480249788864
2026-08-31,PKZ,-8.312232338622408
2026-08-31,PLA,4.163857452416478
2026-08-31,PLR,11.308390560611215
2026-08-31,PLS,0.0
2026-08-31,PMG,0.0
2026-08-31,PMH,-89.49154872638854
2026-08-31,PMP,-12.181807256264973
2026-08-31,PNU,40.11836377757677
2026-08-31,PO7,-41.66838973979604
2026-08-31,PO8,-18.832863885942263
2026-08-31,PO9,220.93863143230288
2026-08-31,POB,-0.009049404507490172
2026-08-31,POD,-5.459715884016651
2026-08-31,POF,4.897934820707499
2026-08-31,POH,0.0
2026-08-31,POI,-3.538279038865015e-07
2026-08-31,POS,-7.675717917096087
2026-08-31,POU,-4.820604754658025
2026-08-31,PP1,-7.14259100525147
2026-08-31,PPB,-1.3171730041242125
2026-08-31,PPD,-4.451584546693606
2026-08-31,PPE,-0.005282188800583578
2026-08-31,PPF,-40.54721090904731
2026-08-31,PPG,-3.8131630104652023
2026-08-31,PPH,-9.47233409674428
2026-08-31,PPI,15.337545041919864
2026-08-31,PPJ,6.891706613291956
2026-08-31,PPK,1.7238497911507011
2026-08-31,PPM,-8.54556688736948
2026-08-31,PPN,-1.2823787730574738
2026-08-31,PPO,-3.382493656028337e-05
2026-08-31,PPP,-7.028032276502065
2026-08-31,PPS,-9.830471826737043
2026-08-31,PPT,16.350160001166973
2026-08-31,PPU,-1.1186871465424122e-05
2026-08-31,PPV,63.13028313472302
2026-08-31,PPZ,-5.987864229333934
2026-08-31,PRD,4.847200865993707
2026-08-31,PRF,0.0
2026-08-31,PRH,-6.880363737193639
2026-08-31,PRR,-13.324623840751443
2026-08-31,PRU,-6.975621443283544
2026-08-31,PRV,17.883203965325343
2026-08-31,PRY,-1.6526690333514078
2026-08-31,PSD,0.0
2026-08-31,PSE,-8.16593086808832
2026-08-31,PSG,-13.766243018527197
2026-08-31,PSH,-12.057059620142518
2026-08-31,PSL,-26.28314282340023
2026-08-31,PSO,0.0
2026-08-31,PSR,0.32666746868199087
2026-08-31,PSS,-16.989288360895692
2026-08-31,PST,36.140049295495956
2026-08-31,PTC,0.0
2026-08-31,PTE,23.21956128378146
2026-08-31,PTF,-8.85126976278956
2026-08-31,PTG,0.0
2026-08-31,PTL,31.28874396284277
2026-08-31,PTN,34.08871152697876
2026-08-31,PTO,-5.430626176900604
2026-08-31,PTP,-21.929571223410154
2026-08-31,PTS,11.84159044400015
2026-08-31,PUA,0.0
2026-08-31,PUC,-45.70333929563258
2026-08-31,PUH,-7.7695423131076025
2026-08-31,PUK,-1.5924708756310162
2026-08-31,PUR,0.8553250238629942
2026-08-31,PUT,0.0
2026-08-31,PUV,0.0
2026-08-31,PVK,13.901048492787387
2026-08-31,PYB,-18.121667852423478
2026-08-31,PYD,-0.0011232502710280337
2026-08-31,PYF,99.44440834177112
2026-08-31,PYH,-9.421499884542136
2026-08-31,PYI,-25.391394368769166
2026-08-31,PYL,0.0
2026-08-31,PYR,-5.6007774066097085
2026-08-31,PYS,-1.8082534608973921
2026-08-31,RAF,-21.31191533866121
2026-08-31,RAI,0.0
2026-08-31,RAN,0.0
2026-08-31,RAV,0.0
2026-08-31,RAY,0.0
2026-08-31,RBA,-0.7188254664143798
2026-08-31,RBB,-4.801013849631402
2026-08-31,RBE,0.0
2026-08-31,RBF,27.28604965084133
2026-08-31,RBH,-3.2913965188637198
2026-08-31,RBI,-22.917881722904404
2026-08-31,RBK,-21.455744495847878
2026-08-31,RBL,-6.324020575568773
2026-08-31,RBN,-5.107802561213084
2026-08-31,RBP,10.68621916720704
2026-08-31,RBR,51.74216120827831
2026-08-31,RBT,0.7672953690200909
2026-08-31,RBV,15.476567394807883
2026-08-31,RCL,0.0
2026-08-31,RCS,0.0
2026-08-31,RCV,4.228031103905593
2026-08-31,RD1,0.1655182103717091
2026-08-31,RDF,-5.069721950804551
2026-08-31,RDH,0.0
2026-08-31,RDK,136.8950927015067
2026-08-31,RDS,301.27951043208736
2026-08-31,RDT,2.3144835271025253
2026-08-31,RDZ,-6.137975170740931e-07
2026-08-31,RE6,316.40899320751646
2026-08-31,RE7,0.0
2026-08-31,RE8,1.7671265217200676
2026-08-31,RFM,45.78999057081868
2026-08-31,RGD,-3.807737945291417
2026-08-31,RGH,0.03306217061253661
2026-08-31,RHD,0.0
2026-08-31,RHI,17.015210789573175
2026-08-31,RHS,-3.5554328601958645
2026-08-31,RIA,-35.80697427765598
2026-08-31,RIH,35.043528213568635
2026-08-31,RIK,-25.08630257900061
2026-08-31,RJG,-13.27651356665775
2026-08-31,RKC,-13.577905115472397
2026-08-31,RKH,0.1828470907536474
2026-08-31,RKL,0.0
2026-08-31,RKS,-2.358070741742067
2026-08-31,RKV,14.777428248412452
2026-08-31,RLH,4.100138915976643
2026-08-31,RO1,-3.052706749639213
2026-08-31,ROD,-15.87185673444501
2026-08-31,ROF,6.9774087753021945
2026-08-31,ROY,0.0
2026-08-31,RPC,-1.7363303917902781
2026-08-31,RPD,-6.340207371163191
2026-08-31,RPG,-3.229510001599
2026-08-31,RPI,-8.394182366870597
2026-08-31,RPK,0.0
2026-08-31,RPL,0.0006631645607442611
2026-08-31,RPM,22.63346753661751
2026-08-31,RPN,0.0
2026-08-31,RPO,0.0
2026-08-31,RPP,-1.2250207269524127
2026-08-31,RPS,-0.3452232771052807
2026-08-31,RPT,0.11214679738756683
2026-08-31,RPU,0.0
2026-08-31,RPX,-1.9106443799769817
2026-08-31,RRA,-45.17741088977388
2026-08-31,RRP,2.1823605993028945
2026-08-31,RS1,-7.3421788012092595
2026-08-31,RSF,3.8514638247577784
2026-08-31,RSK,-1.6128595151267129
2026-08-31,RSY,0.0
2026-08-31,RSZ,-1.130782625192661
2026-08-31,RTA,0.0
2026-08-31,RTB,-14.787584482242616
2026-08-31,RTD,-2.663094856138
2026-08-31,RTG,-3.054495600347883
2026-08-31,RTH,-21.810916253097094
2026-08-31,RTI,98.49679671871519
2026-08-31,RTP,-5.475759436004347
2026-08-31,RUH,0.23157150572758084
2026-08-31,RUT,9.917016236982823
2026-08-31,RVI,0.0
2026-08-31,RVS,-0.23935452017839423
2026-08-31,RYA,0.0
2026-08-31,RYB,0.0
2026-08-31,RYD,0.0
2026-08-31,RYF,6.369365055440941
2026-08-31,RYU,3.2501461097104674
2026-08-31,RZR,0.0
2026-08-31,SAP,-2.6662084827726242
2026-08-31,SAR,0.0
2026-08-31,SAS,-4.504115859760789
2026-08-31,SAT,0.0
2026-08-31,SBH,-12.1409123916942
2026-08-31,SBI,0.0
2026-08-31,SBR,0.0
2026-08-31,SBS,0.0
2026-08-31,SCZ,-1.649814768109225
2026-08-31,SD1,76.12219011830888
2026-08-31,SDA,-0.013226754515389762
2026-08-31,SEH,-0.005123851248926479
2026-08-31,SER,-0.3150667290273912
2026-08-31,SFA,1.6580303036310133
2026-08-31,SFS,0.7410032736427431
2026-08-31,SGK,0.22071320522873272
2026-08-31,SGT,3.7155952997530455
2026-08-31,SHC,44.20027707892842
2026-08-31,SHE,8.704220704298878
2026-08-31,SHI,-4.6385032984171924e-07
2026-08-31,SHU,219.8289792902028
2026-08-31,SIA,-101.30996870589644
2026-08-31,SIS,535.0371569912212
2026-08-31,SJP,-0.4596015076845413
2026-08-31,SKL,-29.358194350185162
2026-08-31,SKO,-11.056391778447669
2026-08-31,SKS,0.0
2026-08-31,SKT,15.844233196895413
2026-08-31,SKZ,-4.904361739202554
2026-08-31,SLF,11.883657661857416
2026-08-31,SLG,-1.7181692087197706
2026-08-31,SLR,0.0
2026-08-31,SLS,0.005489511440888026
2026-08-31,SMP,0.0
2026-08-31,SNY,-10.242460774015226
2026-08-31,SOS,88.38276108722765
2026-08-31,SPA,0.30136126804147145
2026-08-31,SPD,0.0
2026-08-31,SPE,4.6270795187873395
2026-08-31,SPN,-5.026442599902472
2026-08-31,SPP,-13.513691519761764
2026-08-31,SPR,-6.955960094452837
2026-08-31,SPT,-9.067620940355075
2026-08-31,SRA,-11.046738575510709
2026-08-31,SRE,0.0
2026-08-31,SRL,-64.53023831512148
2026-08-31,SRO,0.0
2026-08-31,SSD,0.0
2026-08-31,SSE,0.22982267626154104
2026-08-31,SSF,0.0
2026-08-31,SSK,1.6504189203094262
2026-08-31,SSN,0.0
2026-08-31,SSO,0.0
2026-08-31,SSS,-7.24709510656985
2026-08-31,SST,0.0
2026-08-31,ST1,-1.3720223183566864
2026-08-31,STI,-0.5227424589991474
2026-08-31,STM,0.0
2026-08-31,STS,0.0
2026-08-31,STZ,-0.36687114642206714
2026-08-31,SUA,-2.0847937978608995
2026-08-31,SUB,-2.8260293373770513
2026-08-31,SUC,5.198340488151566
2026-08-31,SUR,0.016155490202673563
2026-08-31,SVB,-2.733452912982671
2026-08-31,SVS,0.0
2026-08-31,SVY,0.02810517217897135
2026-08-31,SYF,-4.6020239208293
2026-08-31,SYL,0.0
2026-08-31,SYR,0.0
2026-08-31,SYS,0.0
2026-08-31,T3B,1.0594913540286113
2026-08-31,TAL,1.0815361911320116
2026-08-31,TAO,0.0
2026-08-31,TAR,-5.703366450879019
2026-08-31,TAU,3.091629617386429
2026-08-31,TAZ,0.0
2026-08-31,TB9,0.9270410817897115
2026-08-31,TBP,-0.6766972013885315
2026-08-31,TBT,14.342813864179618
2026-08-31,TBV,-2.775473426292105
2026-08-31,TCA,-1.1911596839831748
2026-08-31,TCB,-1.9569928270036827
2026-08-31,TCC,-7.553412724297731
2026-08-31,TCD,-1.9095112615075127
2026-08-31,TCF,-8.99111803355544
2026-08-31,TCG,0.0
2026-08-31,TCH,-0.5746434965121524
2026-08-31,TCI,-0.0034414960745828807
2026-08-31,TCS,-0.09134842908668496
2026-08-31,TDG,-0.048123715557941725
2026-08-31,TDP,0.0
2026-08-31,TE3,-2.8318304728042616
2026-08-31,TE4,1.4563594784319671
2026-08-31,TEJ,3.1165461250303816
2026-08-31,TFE,-3.5389593049466166
2026-08-31,TFF,-6.412329018405588
2026-08-31,TFU,-54.45627118910392
2026-08-31,TGA,-3.579649071373304
2026-08-31,TGE,-6.634851481985924
2026-08-31,TGN,-7.54408624946647
2026-08-31,TGR,-6.56008517786099
2026-08-31,TGT,25.47250615474524
2026-08-31,TGV,0.019311912512982945
2026-08-31,TGZ,0.0
2026-08-31,THD,-1.7131865279705407
2026-08-31,THF,5775.977841074949
2026-08-31,THG,-0.5309763030204977
2026-08-31,THH,0.0
2026-08-31,THO,0.0
2026-08-31,THS,0.0
2026-08-31,THT,61.92110639602547
2026-08-31,THV,0.018128982580348407
2026-08-31,TI1,6.763443437269864
2026-08-31,TI2,-3.206419863261243
2026-08-31,TI3,-3.01320191438917
2026-08-31,TI4,-5.001581862671215
2026-08-31,TI6,-13.966078263370314
2026-08-31,TI7,-2.09853921301066
2026-08-31,TIE,-3.4938584182603982
2026-08-31,TIL,1.4020724224238992
2026-08-31,TIP,1786.8969629722849
2026-08-31,TIV,23.23542390994823
2026-08-31,TJB,0.0
2026-08-31,TJF,-1.7877484151401148
2026-08-31,TJI,-1.6882606084414158
2026-08-31,TJL,-0.000548905832768951
2026-08-31,TJT,-2.3017621237591093
2026-08-31,TKF,-1.2733962810047004
2026-08-31,TKH,-0.008214400573030408
2026-08-31,TKK,-2.3395334406439687
2026-08-31,TKM,2.389729350890763
2026-08-31,TLC,47.80024855062318
2026-08-31,TLE,-0.4007997297295243
2026-08-31,TLH,-2.1542641983333435
2026-08-31,TLK,6.380829261498865
2026-08-31,TLT,0.0
2026-08-31,TLU,0.0
2026-08-31,TLV,-0.42614925630831507
2026-08-31,TLY,5.792606748643467
2026-08-31,TLZ,8.239208871598073
2026-08-31,TMC,21.986921921349783
2026-08-31,TMG,3.503738168459565
2026-08-31,TMM,32.922949830463686
2026-08-31,TMR,-1.1398933823014759
2026-08-31,TMS,1.3526034556491924
2026-08-31,TMU,-3.195102765930259
2026-08-31,TMV,32.629060741284945
2026-08-31,TMZ,0.025209081688866555
2026-08-31,TNB,-3.4926669388250184
2026-08-31,TND,-1.3747013057584416
2026-08-31,TNF,0.0
2026-08-31,TNH,14084.656620203992
2026-08-31,TNI,-3.8690665214950446
2026-08-31,TNK,9.299441810771587
2026-08-31,TNS,0.0
2026-08-31,TO8,1.9329278603576532
2026-08-31,TOK,1.2083460792046448
2026-08-31,TOT,-2.1406939778452547
2026-08-31,TP1,0.0
2026-08-31,TP2,12.011711879118671
2026-08-31,TPC,-0.25474385629909696
2026-08-31,TPE,-2.7613896503148823
2026-08-31,TPF,-1.0988272632237195
2026-08-31,TPJ,-6.328859350654384
2026-08-31,TPL,-1.0057532493146413
2026-08-31,TPO,0.0
2026-08-31,TPP,-0.9579680866993049
2026-08-31,TPR,-85.1262030966287
2026-08-31,TPV,6.969755998848835
2026-08-31,TPZ,19.54982055110632
2026-08-31,TRJ,11.656510354552454
2026-08-31,TRN,0.0
2026-08-31,TRO,-11.332529309008207
2026-08-31,TRR,-2.193177344228686
2026-08-31,TRU,-0.7310269343093588
2026-08-31,TSI,2.316642517762977
2026-08-31,TSP,0.0
2026-08-31,TTA,-1.101240827705211
2026-08-31,TTE,0.6348596757024381
2026-08-31,TTL,-0.7172702000616936
2026-08-31,TTP,-0.11648904218691351
2026-08-31,TTS,0.0
2026-08-31,TTV,-4.886045438859507
2026-08-31,TTZ,0.0
2026-08-31,TUA,-2.7009600570362577
2026-08-31,TVE,-14.0313954738111
2026-08-31,TVN,36.43600992193382
2026-08-31,TYH,-7.355698449660536
2026-08-31,TZC,0.10728750419801636
2026-08-31,TZD,-0.7611274317115345
2026-08-31,TZH,0.0
2026-08-31,TZL,-0.16987212005590702
2026-08-31,TZP,-0.2024905923712397
2026-08-31,TZT,8.53247216204352
2026-08-31,TZV,36.862261355662376
2026-08-31,UAB,29.703658804803435
2026-08-31,UAP,0.0
2026-08-31,UCN,0.0060840100183358605
2026-08-31,UCP,-23.046167919971744
2026-08-31,UFH,0.0
2026-08-31,UHL,0.0
2026-08-31,UHS,0.0
2026-08-31,ULH,-1.3520908414165351
2026-08-31,ULL,0.0
2026-08-31,UNT,-1.260430419557112
2026-08-31,UP1,4.4406275613156225
2026-08-31,UP2,23.318911060339044
2026-08-31,UPD,-3.8586945394505467
2026-08-31,UPH,-61.19950629609181
2026-08-31,UPP,-4.689725929938701
2026-08-31,UPS,0.0
2026-08-31,URA,-10.810194595700146
2026-08-31,URC,-1.7779009522698188
2026-08-31,URD,-0.013753811536836753
2026-08-31,URG,0.0
2026-08-31,URM,85.01131120049057
2026-08-31,URS,0.0
2026-08-31,URV,0.0
2026-08-31,USS,0.0
2026-08-31,UST,0.0
2026-08-31,USY,-9.277291357632746
2026-08-31,UYH,-3.708187860924958
2026-08-31,UZY,36.33788523808191
2026-08-31,VAY,20.32178642147275
2026-08-31,VCD,-60.57481029583434
2026-08-31,VCG,-0.0803700931725325
2026-08-31,VCY,-7.318321206174802
2026-08-31,VFK,-0.33445503986710395
2026-08-31,VFO,545.907568720291
2026-08-31,VFS,0.0
2026-08-31,VHS,10.289051325908668
2026-08-31,VK6,-7.899492449522491
2026-08-31,VKI,-80.32758752532843
2026-08-31,VKK,61.19307951590086
2026-08-31,VKT,21.307846535970075
2026-08-31,VKV,90.67816846990769
2026-08-31,VLT,7.309820786287687
2026-08-31,VMV,22.33812372385995
2026-08-31,VNK,3.4922746813912657
2026-08-31,VPA,-27.270637793752435
2026-08-31,VPP,12.783956386976152
2026-08-31,VPS,-21.382461461576202
2026-08-31,VRK,-15.84352549135781
2026-08-31,VTF,0.0
2026-08-31,VTL,32.85442169586844
2026-08-31,YA1,56.88181330121924
2026-08-31,YAC,-2.746529270467244
2026-08-31,YAE,-31.837420525159153
2026-08-31,YAK,-1.5123090491264994
2026-08-31,YAN,-1.568426438151906
2026-08-31,YAR,0.0
2026-08-31,YAS,-2.551459624920079
2026-08-31,YAY,0.643155491447626
2026-08-31,YBE,-0.587757816576497
2026-08-31,YBH,-6.756638740870096
2026-08-31,YBJ,0.0
2026-08-31,YBP,-0.7178091445090911
2026-08-31,YBR,7.325112979973701
2026-08-31,YBS,-2.8096173767673243
2026-08-31,YCG,0.0
2026-08-31,YCH,-2.185763123082679
2026-08-31,YCK,0.5048971162062846
2026-08-31,YCL,-15.647316473234413
2026-08-31,YCP,0.9350884189466826
2026-08-31,YCY,15.730778178702096
2026-08-31,YDH,26.81326085823215
2026-08-31,YDI,-0.28440528303187596
2026-08-31,YDK,-0.32087880174171735
2026-08-31,YDL,0.0
2026-08-31,YDM,0.0
2026-08-31,YDP,2.59168966991184
2026-08-31,YDZ,-1.4309302800680082
2026-08-31,YEF,6.4993872931782315
2026-08-31,YFV,-0.6987131225502557
2026-08-31,YGM,-5.358656041712593
2026-08-31,YHB,-4.8759864365581835
2026-08-31,YHI,-3.9761682565092986
2026-08-31,YHK,-20.6295698114335
2026-08-31,YHP,-2.7242648072443445
2026-08-31,YHS,-5.65025719494118
2026-08-31,YHT,14.875458028022129
2026-08-31,YHY,0.0
2026-08-31,YHZ,14.4122483308218
2026-08-31,YIK,-47.722295851756904
2026-08-31,YIS,0.014543852325876063
2026-08-31,YIT,-4.370969626415961
2026-08-31,YIV,0.0
2026-08-31,YJA,0.0
2026-08-31,YJH,-4.7740098456685915
2026-08-31,YJK,-1.0374631316328715
2026-08-31,YJU,0.0
2026-08-31,YJY,-0.4495154577208979
2026-08-31,YKS,-0.5268026600780823
2026-08-31,YKT,-1.9788610419673953
2026-08-31,YLB,15.528149535811167
2026-08-31,YLC,-14.635877182877294
2026-08-31,YLE,-24.45943720500762
2026-08-31,YLO,-3.055918662291693
2026-08-31,YLR,0.0
2026-08-31,YLY,-12.283728953997873
2026-08-31,YLZ,10.620828738764567
2026-08-31,YMD,0.8477534610055053
2026-08-31,YMH,-8.571292639238777
2026-08-31,YMP,42.19335575490238
2026-08-31,YNF,5821.4381409407815
2026-08-31,YNK,1.069583294717547
2026-08-31,YNL,0.0
2026-08-31,YOA,-0.24363228840559645
2026-08-31,YOS,-5.357703973975092
2026-08-31,YOT,3.080444502023619
2026-08-31,YOZ,5.968656570181598
2026-08-31,YP1,0.0
2026-08-31,YP2,0.0
2026-08-31,YP4,-1.2869199665133568
2026-08-31,YPC,-6.718708242513443
2026-08-31,YPD,0.0
2026-08-31,YPF,-3.7726010282015126
2026-08-31,YPI,-2.3264542215063377
2026-08-31,YPK,-3.2559990467091744
2026-08-31,YPL,0.14876605829997142
2026-08-31,YPN,9.481522948079615
2026-08-31,YPP,0.0
2026-08-31,YPR,-2.8337463898129043
2026-08-31,YPT,2.9555311705295777
2026-08-31,YPU,10.605832146881305
2026-08-31,YPV,-1.3659388455639165
2026-08-31,YRZ,-0.21378145630011067
2026-08-31,YSA,22.90568269417655
2026-08-31,YSH,20.643872118690123
2026-08-31,YSL,-0.4000211671998141
2026-08-31,YSO,17.284003105530484
2026-08-31,YSU,-1.2024771762801922
2026-08-31,YTD,-0.5864511615354612
2026-08-31,YTJ,0.0
2026-08-31,YTO,0.0
2026-08-31,YTR,0.0
2026-08-31,YTV,-12.108650399399618
2026-08-31,YTY,6.9981554996149855
2026-08-31,YUB,-3.6476580839998065
2026-08-31,YUD,-1.4143094636510498
2026-08-31,YUI,0.0
2026-08-31,YUK,-0.010549603338671798
2026-08-31,YUN,3.539356973441992
2026-08-31,YUY,0.0
2026-08-31,YVB,9.041763888770948
2026-08-31,YVD,10.362007198498047
2026-08-31,YVF,0.0
2026-08-31,YVG,0.8650822282344262
2026-08-31,YVO,0.0
2026-08-31,YVS,0.0
2026-08-31,YZC,0.3798257753815102
2026-08-31,YZF,0.0
2026-08-31,YZG,-2.8190446254274066
2026-08-31,YZH,2.5878348580455093
2026-08-31,YZK,-1.5424055159287795
2026-08-31,YZL,-4.453224115960549
2026-08-31,YZT,56.92402372751801
2026-08-31,ZA2,-14.884875907331862
2026-08-31,ZAD,23.365309561601862
2026-08-31,ZAV,-2.0429291545441273
2026-08-31,ZAY,-10.209447432417775
2026-08-31,ZBD,-0.36329997714638046
2026-08-31,ZBI,-11.357698317180281
2026-08-31,ZBJ,27.127079561476826
2026-08-31,ZBN,-3.385520924377862
2026-08-31,ZBO,0.0147157701411255
2026-08-31,ZBZ,0.0
2026-08-31,ZCA,0.0
2026-08-31,ZCB,-64.29966852752946
2026-08-31,ZCC,0.0
2026-08-31,ZCD,-1.384681172840091
2026-08-31,ZCE,0.0
2026-08-31,ZCF,0.0
2026-08-31,ZCG,23.57995313853192
2026-08-31,ZCH,0.0
2026-08-31,ZCK,2.4536833032594894
2026-08-31,ZCN,10.456390762942865
2026-08-31,ZDD,0.006256878641945978
2026-08-31,ZDK,0.0
2026-08-31,ZDZ,-1.3497985193053033
2026-08-31,ZFB,-1.5066177909954297
2026-08-31,ZFZ,0.0
2026-08-31,ZHH,3.777393391285324
2026-08-31,ZIH,3639.426246475039
2026-08-31,ZJB,-3.3328269941001696
2026-08-31,ZJH,0.0
2026-08-31,ZJI,-3.063700082034518
2026-08-31,ZJL,-1.1381246015792141
2026-08-31,ZJT,0.0
2026-08-31,ZJV,0.04378213074836157
2026-08-31,ZK1,9.292590092934066
2026-08-31,ZK2,-34.07335235063481
2026-08-31,ZKK,0.0
2026-08-31,ZLB,-3.2745446898481854
2026-08-31,ZLG,0.0
2026-08-31,ZLH,0.20214139389773406
2026-08-31,ZMT,2.0505792996010035
2026-08-31,ZMU,2.716860287356024
2026-08-31,ZMY,-1.187946060884679
2026-08-31,ZNF,0.0
2026-08-31,ZOS,0.0
2026-08-31,ZP1,0.0
2026-08-31,ZP2,0.0
2026-08-31,ZP3,0.0
2026-08-31,ZP6,-12.420005518648805
2026-08-31,ZP7,-15.361488686337033
2026-08-31,ZP8,4.092520414076664
2026-08-31,ZP9,-0.1245404249358084
2026-08-31,ZPA,32.47507923909674
2026-08-31,ZPC,-0.2895492148204019
2026-08-31,ZPE,-0.2380860039861052
2026-08-31,ZPF,0.028156277991723898
2026-08-31,ZPG,-1.122744054791381
2026-08-31,ZPH,66.4007357439059
2026-08-31,ZPJ,-6.189792254915699
2026-08-31,ZPK,16.91838495522505
2026-08-31,ZPN,-1.479709629123418
2026-08-31,ZPO,277.6967826940792
2026-08-31,ZPR,79.34040240309638
2026-08-31,ZR2,0.0
2026-08-31,ZR3,0.009892685663349015
2026-08-31,ZSB,5.055613402708122
2026-08-31,ZSF,-1.0176838096517686
2026-08-31,ZSG,-0.2595914215063975
2026-08-31,ZSK,0.0
2026-08-31,ZSN,0.0
2026-08-31,ZTF,0.0
2026-08-31,ZTG,-17.43154751872433
2026-08-31,ZTV,9067.333539424573
2026-08-31,ZUD,0.0
2026-08-31,ZUE,0.0
2026-08-31,ZUS,-2.6828982294566095
2026-08-31,ZVB,-0.25042841113054065
2026-08-31,ZVO,-1.069741102766474
2026-08-31,ZYC,0.0
2026-08-31,ZYD,0.0
2026-08-31,ZZL,0.0
2026-08-31,FDY,-2.200567040828485
2026-08-31,ZJR,0.0
2026-08-31,DKY,0.0
2026-08-31,FKH,-21.03063796531407
2026-09-01,AAL,-13.563146458649697
2026-09-01,AAS,-2.902457859805148
2026-09-01,AAV,-7.349609297466508
2026-09-01,ABG,0.404922449628889
2026-09-01,ABJ,0.0
2026-09-01,ABU,0.0
2026-09-01,AC1,-2.207808724850872
2026-09-01,AC2,221.77365874890356
2026-09-01,AC3,0.0
2026-09-01,AC4,12.514260175354577
2026-09-01,AC5,1.7354259821615294
2026-09-01,AC6,0.3173914188495777
2026-09-01,AC7,-7.923483256245042
2026-09-01,AC8,-0.2067282605812638
2026-09-01,ACC,-37.18614831097537
2026-09-01,ACD,0.15834284082432606
2026-09-01,ACN,0.0
2026-09-01,ACU,-0.5979803903717428
2026-09-01,ADE,-4.412027486037619
2026-09-01,ADP,-9.18572964096099
2026-09-01,AED,1.023297098620219
2026-09-01,AES,-6.159410602847217
2026-09-01,AEV,-0.268548220764991
2026-09-01,AFA,0.81187417279665
2026-09-01,AFO,-1.86497708272074
2026-09-01,AFS,2.9316755463825985
2026-09-01,AFT,-2.2702750577322846
2026-09-01,AFV,1.6234483445521097
2026-09-01,AGC,-14.833665188758705
2026-09-01,AHH,0.0
2026-09-01,AHI,1.884777208415053
2026-09-01,AHN,-3.8436977739775067
2026-09-01,AHU,-29.822156657094485
2026-09-01,AHV,1.5644344109980663
2026-09-01,AHZ,5.729878327326615e-05
2026-09-01,AI1,1.1750896881836506e-06
2026-09-01,AIH,-1.6074897894753397
2026-09-01,AII,0.0
2026-09-01,AIM,0.0
2026-09-01,AIR,-0.5497321613702261
2026-09-01,AIS,5.5262151915789435
2026-09-01,AJ1,-28.35421704013256
2026-09-01,AJE,-6.789385683552409
2026-09-01,AJK,5.068904403279665
2026-09-01,AJL,-6.591839284187379
2026-09-01,AJN,-4.476867653835018
2026-09-01,AK2,44.83184024321831
2026-09-01,AK3,4.015409611762832
2026-09-01,AKE,0.3898259883914794
2026-09-01,AKU,-4.623453292356876
2026-09-01,AL4,0.0
2026-09-01,AL5,-2.2724642451517556
2026-09-01,AL6,0.0
2026-09-01,AL7,15.713529553872519
2026-09-01,ALC,-1.5478826689970762
2026-09-01,ALE,-0.07146381054267555
2026-09-01,AN1,0.8751881819762681
2026-09-01,ANL,11.472051300710852
2026-09-01,ANZ,-1.9484213825723555
2026-09-01,AOJ,-0.7657368795323544
2026-09-01,AOY,-8.039198266865483
2026-09-01,AP2,-3.063663628653272
2026-09-01,AP4,0.0
2026-09-01,AP5,3.355526765477592
2026-09-01,AP6,-1.7799893340105483e-05
2026-09-01,AP7,-4.219204737565816
2026-09-01,APJ,-2.9181317209469637
2026-09-01,APP,0.0
2026-09-01,APT,36.20892306535175
2026-09-01,ARE,13.754171252772665
2026-09-01,ARF,0.0
2026-09-01,ARL,-1.3975372411617328
2026-09-01,ARM,-5.248093134792441
2026-09-01,ARP,0.0
2026-09-01,AS1,-9.361761361534825
2026-09-01,AS3,0.0
2026-09-01,ASJ,-2.869682854685375
2026-09-01,ATJ,-0.010091969090862156
2026-09-01,AU1,26.218019988267233
2026-09-01,AUV,-36.03589643574184
2026-09-01,AVC,0.0
2026-09-01,AVT,17.393966498753972
2026-09-01,AVZ,0.0
2026-09-01,AY6,0.0
2026-09-01,AY7,0.0
2026-09-01,AYA,-2.692830361869888
2026-09-01,AYR,0.9965313633566725
2026-09-01,AZF,0.0
2026-09-01,AZJ,30.426606619623485
2026-09-01,AZV,-0.11007252667999354
2026-09-01,AZZ,0.0
2026-09-01,BA1,0.37727729323004044
2026-09-01,BAC,2.869610970989303
2026-09-01,BAG,-2.370190814477017
2026-09-01,BAI,41.271719086814194
2026-09-01,BAL,0.0
2026-09-01,BAO,0.0
2026-09-01,BAS,0.0
2026-09-01,BBF,2.2359804108822146
2026-09-01,BBI,0.0
2026-09-01,BBN,0.0
2026-09-01,BBO,0.0
2026-09-01,BBP,-3.899766504020002
2026-09-01,BBS,89.74771698479003
2026-09-01,BCC,-0.03533534146443131
2026-09-01,BCK,-14.626731885963776
2026-09-01,BCO,158.46037693469677
2026-09-01,BDA,26.79527858696521
2026-09-01,BDC,-6.690249276822077
2026-09-01,BDI,-1.7687345389831906e-09
2026-09-01,BDO,-37.41685087698642
2026-09-01,BDS,-18.977175790014954
2026-09-01,BDY,-3.3739019350285537
2026-09-01,BFE,6.852264900790968
2026-09-01,BFO,0.0
2026-09-01,BFS,45.54797381805471
2026-09-01,BFT,-30.84181017200604
2026-09-01,BGH,0.0
2026-09-01,BGP,-6.223962732938875
2026-09-01,BGR,7.957018660835725
2026-09-01,BHA,0.2516712074588415
2026-09-01,BHE,-0.7498797857132112
2026-09-01,BHF,-5.496214090964128
2026-09-01,BHH,-9.504035314750092e-07
2026-09-01,BHI,23.64600679395305
2026-09-01,BHL,22.578925582988123
2026-09-01,BHN,-0.5499482971461394
2026-09-01,BHO,0.0
2026-09-01,BI5,0.0
2026-09-01,BIA,236.259550027874
2026-09-01,BID,-0.9913078622662953
2026-09-01,BIG,-2.5684199621624715
2026-09-01,BIH,0.005702651065575155
2026-09-01,BIK,0.012496170287220281
2026-09-01,BIO,-8.621022968380569
2026-09-01,BIP,80.16917140147918
2026-09-01,BIS,-0.6758216101614539
2026-09-01,BIY,1.3429052093162834
2026-09-01,BJD,-9.451429119835158
2026-09-01,BKO,-42.234025523954784
2026-09-01,BKY,19.160550143267407
2026-09-01,BLA,0.0
2026-09-01,BLD,-5.29473021364548
2026-09-01,BLT,22.68919898020748
2026-09-01,BMU,-55.56592334401215
2026-09-01,BNC,-9.91815524283136
2026-09-01,BNH,5.685739262731864
2026-09-01,BOH,0.0
2026-09-01,BOL,29.55715208472866
2026-09-01,BON,-88.2465757276718
2026-09-01,BOP,4.901215394907291
2026-09-01,BOS,-0.706618978660323
2026-09-01,BP5,-67.85581783306563
2026-09-01,BPD,0.0
2026-09-01,BPZ,79.90234214725734
2026-09-01,BRB,-13.21975791853069
2026-09-01,BRC,-3.587228609200916
2026-09-01,BRF,-3.7364102678308546
2026-09-01,BRG,9.781895377191196
2026-09-01,BRH,-4.430989491138011
2026-09-01,BRR,776.081541131451
2026-09-01,BRT,-12.864068109103211
2026-09-01,BRZ,-13.700944904134873
2026-09-01,BS1,1816.0689318736352
2026-09-01,BSA,0.0
2026-09-01,BSC,-0.00010840695857788015
2026-09-01,BSD,17.726624072867285
2026-09-01,BSE,-2.3561137765965418e-06
2026-09-01,BSF,0.0
2026-09-01,BSH,21.88861010192099
2026-09-01,BSM,-6.19954521750882
2026-09-01,BSN,0.0
2026-09-01,BST,-9.873221753461703
2026-09-01,BTE,-10.80465425184376
2026-09-01,BTJ,-0.4817309487123172
2026-09-01,BTK,6.002429579989403
2026-09-01,BTP,-20.04874150602584
2026-09-01,BTY,0.0
2026-09-01,BTZ,-14.186362070853257
2026-09-01,BUB,-26.68102204614903
2026-09-01,BUC,288.9785755588434
2026-09-01,BUP,0.0
2026-09-01,BUT,-21.709040550736468
2026-09-01,BUV,-21.111346614459922
2026-09-01,BUY,-5.805061542137958
2026-09-01,BV1,1.3460299377712017
2026-09-01,BVB,0.0
2026-09-01,BVC,0.0
2026-09-01,BVD,-4.923005492407269
2026-09-01,BVF,1.3413831253318684
2026-09-01,BVH,0.0
2026-09-01,BVI,-2.4384025531645026
2026-09-01,BVK,-75.62001239151495
2026-09-01,BVM,-10.353153092941046
2026-09-01,BVT,0.0
2026-09-01,BVV,17.10629861378398
2026-09-01,BVZ,8.247186641782536
2026-09-01,BYZ,-0.002995972233371095
2026-09-01,CAH,-38.65408568541206
2026-09-01,CBD,623.9831983016315
2026-09-01,CBN,0.0
2026-09-01,CBO,0.0
2026-09-01,CEY,0.0
2026-09-01,CFO,-38.6073785489008
2026-09-01,CGD,0.0
2026-09-01,CHY,0.0379897259068444
2026-09-01,CIN,-5.732972268338127
2026-09-01,CJD,27406.690713291788
2026-09-01,CJF,-15.527332202587738
2026-09-01,CJG,0.0
2026-09-01,CJH,-2.422357426901437
2026-09-01,CKF,-2.6664026182929947
2026-09-01,CKL,-0.6322068149725193
2026-09-01,CKS,1.8545311842102643
2026-09-01,COT,0.5622364499366587
2026-09-01,CPT,-7.769872205793566
2026-09-01,CPU,11.479254868007214
2026-09-01,CRL,0.0
2026-09-01,CSD,0.0
2026-09-01,CSH,-1.1075408386649534e-06
2026-09-01,CTF,0.0
2026-09-01,CTG,0.0
2026-09-01,CTM,0.0
2026-09-01,CTP,0.0
2026-09-01,CTV,0.0
2026-09-01,CVA,0.0
2026-09-01,CVB,0.0
2026-09-01,CVC,0.0
2026-09-01,CVD,0.0
2026-09-01,CVE,0.0
2026-09-01,CVF,0.0
2026-09-01,CVK,-0.7919741839127659
2026-09-01,CVL,336.8747029935605
2026-09-01,CYD,2.4003840628148794
2026-09-01,DA1,-58.46539859408121
2026-09-01,DAC,0.0
2026-09-01,DAE,12.294799982752576
2026-09-01,DAH,-3.552451299486258
2026-09-01,DAI,-0.6068692898368324
2026-09-01,DAL,0.7890316474349091
2026-09-01,DAP,3806.1526844612404
2026-09-01,DAS,-2.8762746629151423
2026-09-01,DAT,-18.36775359937584
2026-09-01,DAV,4.332767739929171
2026-09-01,DAZ,0.0
2026-09-01,DB2,-4.388421976613374
2026-09-01,DBA,-2.580104498551007
2026-09-01,DBB,-6.683998278934503
2026-09-01,DBG,0.1287851398052439
2026-09-01,DBH,-2.8635300617998816
2026-09-01,DBK,4.076273916924148
2026-09-01,DBP,-0.11545637679332522
2026-09-01,DBZ,-4.747746744059424
2026-09-01,DCB,10.794161555986129
2026-09-01,DCD,0.0
2026-09-01,DCE,0.0
2026-09-01,DCN,204.2053165310959
2026-09-01,DCP,-0.9112861656793082
2026-09-01,DCV,-0.037354128840135746
2026-09-01,DDA,2.7353745251099553
2026-09-01,DDC,-5.281473304606093
2026-09-01,DDE,0.0
2026-09-01,DDF,22.20969536237534
2026-09-01,DDP,0.0
2026-09-01,DEF,-1.1518301585774957
2026-09-01,DEH,126.94286610735404
2026-09-01,DEI,0.0
2026-09-01,DFC,-33.521624367407135
2026-09-01,DFD,-0.4347379100031688
2026-09-01,DFI,-6.823560426009395
2026-09-01,DFO,0.24274233710737614
2026-09-01,DGF,-48.650123316226825
2026-09-01,DGH,14.977847610654027
2026-09-01,DHI,11.755507612979937
2026-09-01,DHJ,0.888064338360974
2026-09-01,DHM,-10.245582235404438
2026-09-01,DHP,0.0
2026-09-01,DHS,0.0
2026-09-01,DHT,16.150478791837493
2026-09-01,DHV,-8.04777323781387
2026-09-01,DID,1.9591613862085335
2026-09-01,DIH,0.0
2026-09-01,DIM,0.0
2026-09-01,DIP,-2.643110074418869
2026-09-01,DK1,1.306831879625311
2026-09-01,DK8,67.6000761885248
2026-09-01,DKA,0.0
2026-09-01,DKC,1.5709455965001369
2026-09-01,DKH,-2.541829377688361
2026-09-01,DKL,-1.2005389777385025
2026-09-01,DKP,-0.7287178348877016
2026-09-01,DKR,-61.10670259666361
2026-09-01,DKS,0.0
2026-09-01,DL2,-40.43381008490096
2026-09-01,DLD,2.573503181308057
2026-09-01,DLG,-1.8429662679289287
2026-09-01,DLN,50.51731427329553
2026-09-01,DLY,-8.159635143050933
2026-09-01,DLZ,2.8744223543404304
2026-09-01,DMG,-1.4557486211302546
2026-09-01,DMI,126.1040713956632
2026-09-01,DMR,0.0
2026-09-01,DMV,0.0
2026-09-01,DMZ,0.0
2026-09-01,DNA,0.0
2026-09-01,DNF,1276.7569354289221
2026-09-01,DNH,-9.134530660426504
2026-09-01,DNK,-0.4280075674168982
2026-09-01,DNL,0.0
2026-09-01,DNM,2.397277386831854
2026-09-01,DNP,91.73484783253912
2026-09-01,DNU,0.0
2026-09-01,DOC,-6.823739829650835e-05
2026-09-01,DOD,-24.098550220769596
2026-09-01,DOH,2166.087017322285
2026-09-01,DOL,11.07030707089475
2026-09-01,DOR,-0.00924739087772698
2026-09-01,DOS,0.0
2026-09-01,DOV,-0.6684099007837144
2026-09-01,DP1,0.0
2026-09-01,DP2,2.8609395224090663
2026-09-01,DP3,-0.15448538515370167
2026-09-01,DP4,-0.8970667879569728
2026-09-01,DP5,0.0
2026-09-01,DP6,-0.025098080578066867
2026-09-01,DP7,0.0
2026-09-01,DP8,0.0
2026-09-01,DP9,0.0
2026-09-01,DPB,-16.735807784799224
2026-09-01,DPC,-0.8713941574957069
2026-09-01,DPE,0.0
2026-09-01,DPG,0.0
2026-09-01,DPI,-0.269238815596519
2026-09-01,DPK,-8.34490044706321
2026-09-01,DPL,0.0
2026-09-01,DPN,0.0
2026-09-01,DPP,-74.4656789290571
2026-09-01,DPT,-3.387413641972007
2026-09-01,DPZ,0.0
2026-09-01,DRA,-1.4373190041716861
2026-09-01,DRD,-0.3253270760281363
2026-09-01,DRH,-5.8246590439178535e-06
2026-09-01,DRT,3.73435489096138
2026-09-01,DSC,0.0
2026-09-01,DSD,-22.149332066335823
2026-09-01,DSH,22.936968217457622
2026-09-01,DSP,-2.4935215716768258
2026-09-01,DSV,-69.5542074007532
2026-09-01,DTH,-0.2833014839487833
2026-09-01,DTL,-0.6942975288910493
2026-09-01,DTM,-4.497537574016261
2026-09-01,DTO,-0.022850537108666087
2026-09-01,DTP,0.0
2026-09-01,DTV,0.0
2026-09-01,DTZ,3.781755412203795
2026-09-01,DUC,0.0
2026-09-01,DUD,6.7692603808434475
2026-09-01,DUH,-105.23468355323627
2026-09-01,DUT,-0.0008733785951140911
2026-09-01,DUV,3.7938530359131235
2026-09-01,DVC,0.0
2026-09-01,DVI,0.0
2026-09-01,DVN,0.0
2026-09-01,DVO,0.0
2026-09-01,DVS,30.250221994032607
2026-09-01,DVT,-0.7423863441992503
2026-09-01,DVU,-0.24162855257656027
2026-09-01,DVZ,0.0
2026-09-01,DXP,-7.207662727618494
2026-09-01,DYJ,0.0
2026-09-01,DYN,-0.6769369177969246
2026-09-01,DYS,0.0
2026-09-01,DZ2,0.0
2026-09-01,DZE,-4.9631305117938975
2026-09-01,DZM,-15.627997152748568
2026-09-01,DZP,0.0
2026-09-01,DZS,-2.322907967303474
2026-09-01,EBD,-2.9232855343146134
2026-09-01,EBI,0.001184455967051597
2026-09-01,EBS,0.23941386407324736
2026-09-01,EC2,-3.873880731751856
2026-09-01,ECA,13.390030010187068
2026-09-01,ECB,8.452054541622873
2026-09-01,ECV,1.2834671746451631
2026-09-01,EDD,25.404980135017176
2026-09-01,EDN,22.25460036080033
2026-09-01,EDP,20.05819740178657
2026-09-01,EDT,-4.347860197425352
2026-09-01,EDU,0.021331183716520485
2026-09-01,EES,0.1834900635895008
2026-09-01,EGP,0.0
2026-09-01,EGR,12.70654914287522
2026-09-01,EHS,0.0
2026-09-01,EIB,-4.206724199117351
2026-09-01,EID,-3.6283239171561585
2026-09-01,EIL,-8.564246299847571
2026-09-01,EJG,0.0
2026-09-01,EKF,-12.815636749365009
2026-09-01,EKL,-15.787764499470324
2026-09-01,ELZ,-29.942253346941545
2026-09-01,EME,-0.05313855916748803
2026-09-01,EML,-2.977360199744642
2026-09-01,ENA,37.325332940963804
2026-09-01,ENJ,-0.7676192487541112
2026-09-01,ENO,9.765060144140419
2026-09-01,ENR,52.032914909008184
2026-09-01,ENS,5.2357601582153634
2026-09-01,EP1,17.703229153936697
2026-09-01,EPA,0.15164867646878916
2026-09-01,EPI,0.4170683178219986
2026-09-01,EPK,-10.739338120247972
2026-09-01,EPO,0.0
2026-09-01,EPP,-1.7198278755777567
2026-09-01,EPT,36.97487137025844
2026-09-01,ESG,-0.2866789160025369
2026-09-01,ESN,0.0
2026-09-01,ESP,-5.03132139132501
2026-09-01,ETN,0.002254210853458333
2026-09-01,EUN,-0.7209683725851402
2026-09-01,EUZ,0.7074848346724425
2026-09-01,EVM,9.232137713841595
2026-09-01,EYT,-2.57940018424022
2026-09-01,EZM,0.0
2026-09-01,FAK,-22.722832121914706
2026-09-01,FAL,-1.7042480936851025
2026-09-01,FBC,-3.099268478284659
2026-09-01,FBI,12.688159454037331
2026-09-01,FBN,0.00021144212182724686
2026-09-01,FBV,-0.4049108623162762
2026-09-01,FBZ,8.201647620803735
2026-09-01,FCK,-2.956016457533833
2026-09-01,FCS,-17.77862757813182
2026-09-01,FD1,-6.939230361301722
2026-09-01,FDE,-0.0767689750564957
2026-09-01,FDG,-21.44205256167403
2026-09-01,FDO,0.0
2026-09-01,FDV,0.0
2026-09-01,FDZ,0.0
2026-09-01,FFD,451.76690462079296
2026-09-01,FFF,0.0
2026-09-01,FFH,-3.0954993109537727
2026-09-01,FFO,0.0
2026-09-01,FFP,-16.80443349554431
2026-09-01,FHI,-1.388220665264055
2026-09-01,FHP,-28.638733094217063
2026-09-01,FHZ,0.0
2026-09-01,FI3,1.0121337018217507
2026-09-01,FI5,4.998635929112435
2026-09-01,FIB,-0.8401302175126799
2026-09-01,FID,-5.410703200181892
2026-09-01,FIL,1.6614525258342974
2026-09-01,FIT,18.201621107854038
2026-09-01,FJB,-0.780920984729359
2026-09-01,FJC,0.0
2026-09-01,FJM,-6.822294604579334
2026-09-01,FJN,0.0
2026-09-01,FJZ,-0.9292809495336168
2026-09-01,FKE,1.5704212745687043
2026-09-01,FKV,-0.5006340660489053
2026-09-01,FLS,2.6224217942815344
2026-09-01,FLY,15.305113932863257
2026-09-01,FMG,-0.13313692413509118
2026-09-01,FMS,0.0
2026-09-01,FMV,0.0072003442033340085
2026-09-01,FNO,-3.357073789010211
2026-09-01,FNT,11.041215282025762
2026-09-01,FP4,-28.26459871533337
2026-09-01,FPE,-0.18825164836537364
2026-09-01,FPG,-3.6390887193182277
2026-09-01,FPH,-2.5176542926413115
2026-09-01,FPI,-23.743575620312832
2026-09-01,FPK,-13.676581234333618
2026-09-01,FPR,-1.1517360956683969
2026-09-01,FPZ,-3.35147071607202
2026-09-01,FR1,0.0
2026-09-01,FRA,0.0
2026-09-01,FRC,0.019807661836080865
2026-09-01,FRZ,0.0
2026-09-01,FS1,-6.1895118260730975
2026-09-01,FS2,4.716175547624083
2026-09-01,FS3,0.0
2026-09-01,FS4,0.0
2026-09-01,FS5,43.436776175254636
2026-09-01,FS6,46.73095970213933
2026-09-01,FSF,-2.8110139888124492
2026-09-01,FSG,-6.302407412851855
2026-09-01,FSH,-4.89394605999408
2026-09-01,FSK,16.50755865699189
2026-09-01,FSM,0.03488121532007406
2026-09-01,FSP,-58.4315916753679
2026-09-01,FSR,-8.315763848444343
2026-09-01,FSU,84.20182415530455
2026-09-01,FSV,-0.40774198906794734
2026-09-01,FTL,-23.212687041755554
2026-09-01,FTY,-0.006059897313814282
2026-09-01,FUA,-1.6160821654806135
2026-09-01,FUB,-0.7057689307486683
2026-09-01,FUM,0.0
2026-09-01,FUN,158.70886588071932
2026-09-01,FUP,-9.846000742841957
2026-09-01,FVL,-0.11588426476768432
2026-09-01,FYA,-1.0832603415650817
2026-09-01,FYB,0.0
2026-09-01,FYD,-8.112728416266298
2026-09-01,FYF,-0.6067771012658159
2026-09-01,FYG,0.0
2026-09-01,FYH,-2.267351116147618
2026-09-01,FYI,-55.25074566717916
2026-09-01,FYM,0.0
2026-09-01,FYO,13.433997267953101
2026-09-01,FYT,-0.8049874528216461
2026-09-01,FYZ,0.0
2026-09-01,FZJ,-2.5906416958499667
2026-09-01,FZP,-8.03616817720574
2026-09-01,GA1,1.2344567989724464
2026-09-01,GAC,0.0
2026-09-01,GAE,-5.174476743361711
2026-09-01,GAF,-3.077753961412694
2026-09-01,GAG,2.8965239714285187
2026-09-01,GAH,-3.7433475928202316
2026-09-01,GAJ,0.0
2026-09-01,GAL,107.48914877471478
2026-09-01,GAN,0.0
2026-09-01,GAS,0.335983258521712
2026-09-01,GAU,0.0
2026-09-01,GAV,0.0
2026-09-01,GBC,9.601323436879843
2026-09-01,GBG,9.127207971222875
2026-09-01,GBH,-1.1620621891154097
2026-09-01,GBJ,3.077171879719047
2026-09-01,GBL,-2.070419203968099
2026-09-01,GBN,-0.09554093262200862
2026-09-01,GBP,-1.5883370943130175
2026-09-01,GBV,-12.177651886943988
2026-09-01,GBZ,11.0924362366898
2026-09-01,GCA,-0.14131100743526614
2026-09-01,GCC,0.0
2026-09-01,GCD,20.51541380822371
2026-09-01,GCI,0.0
2026-09-01,GCZ,0.0
2026-09-01,GDJ,0.0
2026-09-01,GDP,0.0
2026-09-01,GEC,12.262058434269441
2026-09-01,GEI,0.0
2026-09-01,GEZ,0.0
2026-09-01,GFB,-1.9930663664773314
2026-09-01,GFD,-2.94709260209836
2026-09-01,GFI,0.0
2026-09-01,GFL,0.0
2026-09-01,GFN,0.0
2026-09-01,GFY,-2.9984290377006326
2026-09-01,GGA,-4.459385025978644
2026-09-01,GGC,0.0
2026-09-01,GGD,-4.654473139131889
2026-09-01,GGK,-3.182233501378572
2026-09-01,GGM,0.0
2026-09-01,GGN,0.0
2026-09-01,GGP,0.0
2026-09-01,GGR,0.0
2026-09-01,GHS,-17.39171983624514
2026-09-01,GID,-16.39985833210898
2026-09-01,GIE,-7.454397120889866
2026-09-01,GIH,-18.76817537223485
2026-09-01,GJA,0.0
2026-09-01,GJB,-4.209929376540571
2026-09-01,GJD,-0.23770850519852513
2026-09-01,GJE,0.0
2026-09-01,GJF,-0.5989119806147883
2026-09-01,GJH,-36.29671029201707
2026-09-01,GJM,-0.622406462522796
2026-09-01,GJO,0.0
2026-09-01,GKF,0.18322320865730687
2026-09-01,GKG,-6.738081408559903
2026-09-01,GKH,4.266873396684629
2026-09-01,GKK,0.0
2026-09-01,GKL,0.0
2026-09-01,GKM,0.0
2026-09-01,GKV,-0.17429850109478637
2026-09-01,GL1,7.6378297831600745
2026-09-01,GLC,0.8583848496172936
2026-09-01,GLG,-12.531805383310568
2026-09-01,GLL,2.638687827551236
2026-09-01,GLM,0.0
2026-09-01,GLP,0.0
2026-09-01,GLS,-3.4638197133860875
2026-09-01,GLV,0.07720873074810679
2026-09-01,GMA,9.356063702346884
2026-09-01,GMC,-2.570499352966902
2026-09-01,GMD,396.5686261978574
2026-09-01,GME,0.0
2026-09-01,GMI,3.1774208059934668
2026-09-01,GMM,0.0
2026-09-01,GMN,-3.4490598702324125
2026-09-01,GMO,-0.07228195555520946
2026-09-01,GMP,-1.2024473404015297
2026-09-01,GMR,-9.0766044014224
2026-09-01,GMZ,-2.2648544995130093
2026-09-01,GNH,14.506432375745614
2026-09-01,GNK,2.1718084442724916
2026-09-01,GNL,-3.5864747858334365
2026-09-01,GNP,208.99994826718978
2026-09-01,GNS,0.6287787624598253
2026-09-01,GNZ,-1.5192324453705783
2026-09-01,GO1,-1.4596021780021273
2026-09-01,GO3,-3.0574095695340606
2026-09-01,GO4,-7.473003444743825
2026-09-01,GO6,1.4705020165708653
2026-09-01,GO9,-13.897398684499674
2026-09-01,GOF,5.273684560143442
2026-09-01,GOH,-3.3920543435599497
2026-09-01,GOL,-2.998613913530125
2026-09-01,GOP,14.594158366927374
2026-09-01,GP1,0.0
2026-09-01,GP3,3.1969568709228264
2026-09-01,GPA,4.08710319838934
2026-09-01,GPB,-1.4331518872571343
2026-09-01,GPC,-2.0928107662182094
2026-09-01,GPF,8.066178058673758
2026-09-01,GPG,4.297157106771764
2026-09-01,GPH,0.0
2026-09-01,GPI,-1.77977036717908
2026-09-01,GPJ,-6.822259414816589
2026-09-01,GPL,-0.3519107261358868
2026-09-01,GPM,0.0
2026-09-01,GPN,25.33651595183305
2026-09-01,GPT,-5.328760835046265
2026-09-01,GPU,-3.011475041439745
2026-09-01,GPV,-0.670920526880615
2026-09-01,GPZ,91.53376848558901
2026-09-01,GRL,-10.495728535246455
2026-09-01,GRO,-0.8261151688825661
2026-09-01,GRT,-5.460463171032537
2026-09-01,GSE,1.292070916626198
2026-09-01,GSG,0.0
2026-09-01,GSL,-53.735202255281976
2026-09-01,GSO,2852.849847965707
2026-09-01,GSP,7.909229795363376
2026-09-01,GSR,0.0
2026-09-01,GTA,-0.39216256198698923
2026-09-01,GTF,-16.562323580220756
2026-09-01,GTH,-11.580211518860704
2026-09-01,GTK,0.0
2026-09-01,GTL,8.45078292017963
2026-09-01,GTM,-10.473459933032961
2026-09-01,GTN,0.0
2026-09-01,GTY,-7.038137833852742
2026-09-01,GTZ,-4.064477275286812
2026-09-01,GUA,0.0
2026-09-01,GUB,14.425242326289126
2026-09-01,GUC,-58.39947514005955
2026-09-01,GUF,9.535995170633043
2026-09-01,GUH,2.6995619415095864
2026-09-01,GUK,-0.03203810068548388
2026-09-01,GUM,-2.5584543823895123
2026-09-01,GUV,22.996039737410452
2026-09-01,GVA,0.08727613404531306
2026-09-01,GVB,0.0
2026-09-01,GVC,0.0
2026-09-01,GVD,0.0
2026-09-01,GVI,-2.2643922855231655
2026-09-01,GVL,0.0
2026-09-01,GVZ,0.0
2026-09-01,GYC,0.0
2026-09-01,GYG,-0.8285756997459598
2026-09-01,GYK,2.6461968250065593
2026-09-01,GYL,-4.808507708455025
2026-09-01,GYN,0.0
2026-09-01,GYR,-1.9770705947608467
2026-09-01,GZB,0.0
2026-09-01,GZD,0.0
2026-09-01,GZE,-3.021368022722796
2026-09-01,GZG,10.444001368991836
2026-09-01,GZH,-9.43716037423577
2026-09-01,GZJ,-3.095691607486371
2026-09-01,GZL,1.0271652263082236
2026-09-01,GZM,64.8328136251038
2026-09-01,GZN,-2.363362265236137
2026-09-01,GZO,0.0
2026-09-01,GZP,-1.8585199927517566
2026-09-01,GZR,-0.2323094939675525
2026-09-01,GZU,0.0
2026-09-01,GZV,-0.7734455271230156
2026-09-01,GZY,-10.281260087113347
2026-09-01,GZZ,-15.72440693542942
2026-09-01,HAE,0.19302685122268584
2026-09-01,HAG,0.0
2026-09-01,HAI,30.78033294896404
2026-09-01,HAM,-0.9651583850027194
2026-09-01,HAR,-11.099142314749129
2026-09-01,HAT,-25.180967564357847
2026-09-01,HB1,-5.553552854780873
2026-09-01,HB2,-3.581870195648048
2026-09-01,HBF,-3.427713311005523
2026-09-01,HBJ,0.0
2026-09-01,HBN,-6.6537985225370715
2026-09-01,HBU,-3.5887000284014454
2026-09-01,HBV,-1.6870824972859791e-06
2026-09-01,HCV,9.806764964800259
2026-09-01,HDA,-28.285877606371514
2026-09-01,HDD,113.08855860300457
2026-09-01,HDE,2.265861853225229
2026-09-01,HDH,-1.4345607376501023e-05
2026-09-01,HDJ,0.0
2026-09-01,HDK,-0.3784406701044066
2026-09-01,HDS,0.0
2026-09-01,HDV,1.5195584244039895
2026-09-01,HEH,-20.354155410175554
2026-09-01,HFA,0.0
2026-09-01,HFI,2.678306217149927
2026-09-01,HFO,24.105770741946507
2026-09-01,HFR,-31.454874166767244
2026-09-01,HFV,-1.9214592006707436
2026-09-01,HFY,-29.89740889906589
2026-09-01,HGC,0.3143415063186115
2026-09-01,HGH,-39.51376328291131
2026-09-01,HGJ,0.0
2026-09-01,HGM,-28.85272771957933
2026-09-01,HGR,53.21837940105875
2026-09-01,HGT,0.0
2026-09-01,HGU,0.0
2026-09-01,HGV,-9.314777976827735
2026-09-01,HIA,4.7663534606813815
2026-09-01,HIF,1.6206922909726351
2026-09-01,HIH,-9.513659633662215
2026-09-01,HII,0.0
2026-09-01,HIM,-2.3838383073478577
2026-09-01,HIP,5.8583865123579955
2026-09-01,HIS,0.0
2026-09-01,HIZ,2.2826469855447953
2026-09-01,HJA,0.0
2026-09-01,HJB,-31.010324726227484
2026-09-01,HKG,4.701607095869238
2026-09-01,HKH,-33.32910660591929
2026-09-01,HKJ,8.499122161030815
2026-09-01,HKM,-10.87945630460041
2026-09-01,HKP,-29.1318849261686
2026-09-01,HKR,-6.37530491454783
2026-09-01,HKV,9.048098392061457
2026-09-01,HLA,-0.014345800215740816
2026-09-01,HLL,12.703326029713146
2026-09-01,HLR,18.77854045457693
2026-09-01,HMC,15.371230172582253
2026-09-01,HME,1.9063495722952506
2026-09-01,HMG,12.227021308394216
2026-09-01,HMK,-45.664104903375616
2026-09-01,HML,0.43098292251293835
2026-09-01,HMS,-7.697743747716758
2026-09-01,HMT,-0.0026461815593016094
2026-09-01,HMV,0.0
2026-09-01,HNS,0.09671775660711274
2026-09-01,HOA,5.937945066978283
2026-09-01,HOY,-3.0192142143034166
2026-09-01,HP3,104.83997344813969
2026-09-01,HPC,1.4777451555307142
2026-09-01,HPD,-4.415862780132458
2026-09-01,HPF,0.0
2026-09-01,HPH,-45.84966955680364
2026-09-01,HPI,0.0
2026-09-01,HPJ,-51.05270860163531
2026-09-01,HPL,0.0
2026-09-01,HPO,-7.65213991768499
2026-09-01,HPT,8.084407292321059
2026-09-01,HPV,-9.69163080007062
2026-09-01,HPZ,-0.010518402990430784
2026-09-01,HRZ,-27.75183731265501
2026-09-01,HSA,-1.9490352740588013
2026-09-01,HSL,-0.011332511784354482
2026-09-01,HSP,1.6802593920065931
2026-09-01,HST,-2.1255511817231962
2026-09-01,HTF,-2.9616634932374306
2026-09-01,HTJ,93.96426938299506
2026-09-01,HTK,10.022463740281797
2026-09-01,HTS,10.08404246243116
2026-09-01,HTZ,0.0
2026-09-01,HUI,0.0
2026-09-01,HUS,0.0
2026-09-01,HVA,-9.255041721262259
2026-09-01,HVB,0.0969369977457899
2026-09-01,HVC,-3.646593481463625e-05
2026-09-01,HVI,-2.439927364041451
2026-09-01,HVK,-28.391079250986106
2026-09-01,HVL,0.0
2026-09-01,HVN,0.0
2026-09-01,HVS,-2.6449019889497456
2026-09-01,HVT,9.373443307046319
2026-09-01,HVU,0.7131183502891704
2026-09-01,HVV,0.0
2026-09-01,HVZ,-4.534750113129435
2026-09-01,HYK,0.4989217508696733
2026-09-01,HYP,0.04509007808176169
2026-09-01,HYU,-4.466205090110165
2026-09-01,HYV,-4.542607076758755
2026-09-01,HYY,0.0
2026-09-01,HZV,0.0
2026-09-01,IAC,0.0
2026-09-01,IAE,10.628558389808896
2026-09-01,IAI,0.0
2026-09-01,IAJ,0.0
2026-09-01,IAM,-7.159925161623698
2026-09-01,IAR,-1.2165381777615776
2026-09-01,IAS,0.0
2026-09-01,IAT,3.1713304229398482
2026-09-01,IAU,-6.670361990794552
2026-09-01,IAY,-10.790489290572033
2026-09-01,IBB,-7.392588668762453
2026-09-01,IBC,0.0
2026-09-01,IBE,0.0
2026-09-01,IBG,0.0
2026-09-01,IBJ,0.0
2026-09-01,IBK,-0.6822714638765057
2026-09-01,IBM,-3.2956461728115767
2026-09-01,IBP,0.0
2026-09-01,IBR,2.0406831319206344
2026-09-01,ICA,-4.913362619290375
2026-09-01,ICC,-9.48766144542114
2026-09-01,ICD,-18.89665995470213
2026-09-01,ICE,22.076409568071316
2026-09-01,ICF,20.425061480274877
2026-09-01,ICG,0.0
2026-09-01,ICH,354.4275580233576
2026-09-01,ICN,122.21350335941558
2026-09-01,ICS,-10.32028752103917
2026-09-01,ICV,-33.45480368555466
2026-09-01,ICZ,3.068090847123616
2026-09-01,IDD,-0.03395399243980861
2026-09-01,IDF,-6.26277462096443
2026-09-01,IDH,-4.818319015547675
2026-09-01,IDI,170.69260731597714
2026-09-01,IDL,21.425433308512176
2026-09-01,IDO,0.3630494507316134
2026-09-01,IDP,-15.12829511413919
2026-09-01,IDV,-0.9137233130282933
2026-09-01,IDY,-8.34343805760227
2026-09-01,IED,-8.236881910342326
2026-09-01,IEN,-18.330036228289913
2026-09-01,IEV,46.652089059665634
2026-09-01,IEZ,0.08224894248020409
2026-09-01,IFD,0.0
2026-09-01,IFN,-13.494601952713825
2026-09-01,IFV,51.72810167899122
2026-09-01,IFY,0.0
2026-09-01,IGF,0.0
2026-09-01,IGL,2.2238736132672523
2026-09-01,IGM,1.5384247510624176
2026-09-01,IGZ,-77.99226209569616
2026-09-01,IH1,1.1840951856840436
2026-09-01,IHA,-10.32786637640008
2026-09-01,IHC,22.595046563539405
2026-09-01,IHK,-1.4493413896812555
2026-09-01,IHP,-0.9059702188761664
2026-09-01,IHT,-3.8454770125013242
2026-09-01,IHV,0.04021774216575311
2026-09-01,IHY,0.0
2026-09-01,IHZ,-4.50295920919122
2026-09-01,IIA,0.0
2026-09-01,IIC,0.0
2026-09-01,IIE,-5.702771651626771
2026-09-01,IIF,0.0
2026-09-01,IIH,-3.672339768177444
2026-09-01,IIN,7.746288871768546
2026-09-01,IIS,-1.731645952205749
2026-09-01,IJA,-12.8766527813309
2026-09-01,IJB,15.513293915325077
2026-09-01,IJC,-6.099356036856575
2026-09-01,IJE,-9.285429922984717
2026-09-01,IJF,0.0
2026-09-01,IJH,-29.920540017583114
2026-09-01,IJI,72.04040609701781
2026-09-01,IJK,-0.8416701459418472
2026-09-01,IJL,0.0
2026-09-01,IJP,-1.8310725137572186
2026-09-01,IJT,86.33319631922241
2026-09-01,IJV,2.941119841355467
2026-09-01,IJZ,0.8838470558513674
2026-09-01,IK2,0.0
2026-09-01,IKL,8.649804806357647
2026-09-01,IKP,-6.586843662773749
2026-09-01,IKV,2.1690292355898504
2026-09-01,ILC,0.0
2026-09-01,ILE,0.0
2026-09-01,ILH,11.750677077213965
2026-09-01,ILI,0.9290826664887702
2026-09-01,ILM,0.0
2026-09-01,ILP,-0.11428868152912314
2026-09-01,ILU,15.733494380155456
2026-09-01,ILZ,10.801251933523279
2026-09-01,IMB,-25.557559649102128
2026-09-01,IMF,0.0
2026-09-01,IMG,0.0
2026-09-01,IMH,0.0
2026-09-01,IML,-7.915606763046684
2026-09-01,IMO,0.0
2026-09-01,IMS,0.0
2026-09-01,IMT,0.0
2026-09-01,IMY,0.0
2026-09-01,IMZ,0.0
2026-09-01,INH,-6.847387414481145
2026-09-01,INV,0.0
2026-09-01,INZ,0.0014015640451123215
2026-09-01,IOG,-3.471375655844437
2026-09-01,IOH,-7.902658950612945
2026-09-01,IOJ,0.0
2026-09-01,IOL,0.0
2026-09-01,IOM,-2.1143084448959004
2026-09-01,ION,0.0
2026-09-01,IOO,117.20082540044442
2026-09-01,IOP,-5.676911770581635
2026-09-01,IOT,0.0
2026-09-01,IOV,0.0
2026-09-01,IPA,0.0
2026-09-01,IPB,-2.7752174534568104
2026-09-01,IPC,0.0
2026-09-01,IPE,0.0
2026-09-01,IPF,0.0
2026-09-01,IPG,-1.5718676405209389
2026-09-01,IPJ,-4.112792065733381
2026-09-01,IPK,-0.7418738379953244
2026-09-01,IPO,0.0
2026-09-01,IPP,-6.209690318817482
2026-09-01,IPR,0.0
2026-09-01,IPU,0.0
2026-09-01,IPV,-1.5053586401009016
2026-09-01,IRB,3.190648315561137
2026-09-01,IRE,-2.0297704406193464
2026-09-01,IRF,-6.75768973113813
2026-09-01,IRL,-0.3128882309259273
2026-09-01,IRO,-1.860790750570312
2026-09-01,IRT,-3.227938870814403
2026-09-01,IRV,41.071973322508995
2026-09-01,IRY,-6.009330580566745
2026-09-01,ISR,0.0
2026-09-01,ISS,0.0
2026-09-01,IST,20.22816620452623
2026-09-01,ITA,0.0
2026-09-01,ITC,-1.9260346121325385
2026-09-01,ITD,0.0
2026-09-01,ITJ,0.0
2026-09-01,ITL,0.0
2026-09-01,ITP,-3.602979327638986
2026-09-01,ITR,0.0
2026-09-01,ITV,0.0
2026-09-01,ITZ,2.1154372205968537
2026-09-01,IUA,-4.84720825862055
2026-09-01,IUB,0.0
2026-09-01,IUC,0.0
2026-09-01,IUF,2.906117425013593
2026-09-01,IUH,-3.046483897953755
2026-09-01,IUM,0.0
2026-09-01,IUN,0.0
2026-09-01,IUV,-1.4691213659748177
2026-09-01,IUZ,5.426331794672447
2026-09-01,IV2,0.0
2026-09-01,IV6,0.0
2026-09-01,IV7,0.0
2026-09-01,IV8,7.358128669588251
2026-09-01,IVF,-56.463801337237264
2026-09-01,IVS,1.2424577078598322
2026-09-01,IVY,1.5993005672593645
2026-09-01,IYB,8.932127628480625
2026-09-01,IYP,0.0
2026-09-01,IYR,-1.1341590067426597
2026-09-01,IYS,-0.003494671785706529
2026-09-01,IYV,-3.0461008648316024
2026-09-01,IZA,0.0
2026-09-01,IZB,-4.626695433795662
2026-09-01,IZE,0.0
2026-09-01,IZL,-0.0005876211929813999
2026-09-01,IZS,24.393950409856213
2026-09-01,IZV,0.0
2026-09-01,IZY,0.0
2026-09-01,JET,-2.2837854553406016
2026-09-01,JOT,0.0
2026-09-01,JUP,-0.5375100123782544
2026-09-01,KAC,-12.480503887722227
2026-09-01,KAN,1.3384173997911137
2026-09-01,KAV,-3.6303567322920145
2026-09-01,KBJ,-6.766779395715543
2026-09-01,KBP,0.0
2026-09-01,KBZ,0.0
2026-09-01,KCL,2.737208761064673
2026-09-01,KCR,22.471844001303843
2026-09-01,KCV,-4.852224018652056
2026-09-01,KDE,8.921330869428072
2026-09-01,KDI,-29.166023522986357
2026-09-01,KDK,0.0
2026-09-01,KDL,-1.8180012311395217
2026-09-01,KDO,15.837202883051752
2026-09-01,KDS,-4.999344494744327
2026-09-01,KDT,-0.5730286851186239
2026-09-01,KDV,-15.577874635869323
2026-09-01,KDZ,6.063241711629859
2026-09-01,KEI,0.0
2026-09-01,KEO,0.0
2026-09-01,KEU,-4.868817483606916
2026-09-01,KFZ,0.0
2026-09-01,KGM,-2.2248086039111206
2026-09-01,KH1,-0.7242490675595024
2026-09-01,KHA,268.5047191871053
2026-09-01,KHB,-29.128029639488407
2026-09-01,KHC,-56.8803377623132
2026-09-01,KHD,0.0
2026-09-01,KHF,0.0
2026-09-01,KHJ,-1.6385620732178006
2026-09-01,KHP,24.46376986815525
2026-09-01,KHT,8.656405881631592
2026-09-01,KHU,0.0
2026-09-01,KIA,-3.3530920508107673
2026-09-01,KIB,3.945644559648156
2026-09-01,KIE,31.78215237064133
2026-09-01,KIH,-0.0026003414106602917
2026-09-01,KIK,-2.7746623565588475
2026-09-01,KIS,-0.9692281545034157
2026-09-01,KJK,0.0
2026-09-01,KKB,0.0
2026-09-01,KKC,7.258251319580642
2026-09-01,KKE,0.0
2026-09-01,KKH,-2.9106751459132716
2026-09-01,KKL,2.4409703237709626
2026-09-01,KKO,-0.015910747279535925
2026-09-01,KKP,-0.3535580695604046
2026-09-01,KKT,-7.625946195333161
2026-09-01,KLH,-27.89700522002291
2026-09-01,KLI,22.08943652545659
2026-09-01,KLL,0.0
2026-09-01,KLM,0.0
2026-09-01,KLS,-13.889272023267882
2026-09-01,KLU,10.351811522003105
2026-09-01,KMA,0.0
2026-09-01,KME,-8.549886724592941
2026-09-01,KMF,2.8240547619430476
2026-09-01,KMN,1.0423779931797807
2026-09-01,KMT,0.0
2026-09-01,KNC,0.0
2026-09-01,KNI,23.005962974053862
2026-09-01,KNJ,28.54152209072438
2026-09-01,KNN,0.3407871210116789
2026-09-01,KNP,-11.365216699436296
2026-09-01,KNS,0.0
2026-09-01,KNT,0.0
2026-09-01,KNV,0.0
2026-09-01,KNZ,0.0
2026-09-01,KO4,-0.7936722201271161
2026-09-01,KOB,-2.14096055987685
2026-09-01,KOD,1.0956009305416312
2026-09-01,KOP,0.0
2026-09-01,KOT,-28.93123772601737
2026-09-01,KOZ,0.0
2026-09-01,KP3,-4.455476866230045
2026-09-01,KPA,10.746640189990558
2026-09-01,KPB,0.0
2026-09-01,KPC,3.2636866825052997
2026-09-01,KPD,-22.42504983967044
2026-09-01,KPF,-65.9961029055377
2026-09-01,KPH,-1.9246996545872646
2026-09-01,KPI,29.564044072101836
2026-09-01,KPK,0.0
2026-09-01,KPM,0.0
2026-09-01,KPP,-2.388260648261094
2026-09-01,KPR,-5.561689170818959
2026-09-01,KPS,0.0
2026-09-01,KPU,-2.7254715425374845
2026-09-01,KRC,-1.632194037346988
2026-09-01,KRF,-14.888772515234983
2026-09-01,KRH,-0.00016722695979727508
2026-09-01,KRO,-1.740550559217496
2026-09-01,KRR,-6.120020589168174
2026-09-01,KRS,-2.778853788044046
2026-09-01,KRT,-2.3753262312112167
2026-09-01,KRV,-0.2679364166467586
2026-09-01,KSA,1.631891628908449
2026-09-01,KSC,0.0
2026-09-01,KSK,-5.766503216783537
2026-09-01,KSL,1.2255072279801884
2026-09-01,KSM,-3.345797807169102
2026-09-01,KSP,0.0
2026-09-01,KSR,1.7312597396972607
2026-09-01,KST,-3.513854196945395
2026-09-01,KSV,34.68862214963086
2026-09-01,KSY,3.396270824859262
2026-09-01,KTE,0.0
2026-09-01,KTI,2.641464214063121
2026-09-01,KTJ,5.868456022302725
2026-09-01,KTM,1.2756671281522318
2026-09-01,KTN,-16.12400978265448
2026-09-01,KTR,0.01980887950993213
2026-09-01,KTS,-2.0976439924281896
2026-09-01,KTT,3.093537280603513
2026-09-01,KTU,0.0
2026-09-01,KTV,-2.4988968422511735
2026-09-01,KU3,-4.190383859907612
2026-09-01,KUA,-10.897868626781031
2026-09-01,KUB,-1.193948524259861
2026-09-01,KUD,26.97321530722041
2026-09-01,KUP,0.7499351841604893
2026-09-01,KUT,-1.6870248114266726
2026-09-01,KVA,0.0
2026-09-01,KVK,54.86335076625757
2026-09-01,KVR,-15.504078631683479
2026-09-01,KVS,-2.936653416077735
2026-09-01,KVT,-10.191812388943939
2026-09-01,KYA,-2.1319193907695033
2026-09-01,KYR,0.0
2026-09-01,KYS,0.0
2026-09-01,KZL,-5.756010954623924
2026-09-01,KZO,0.0
2026-09-01,KZU,7.501754082408478
2026-09-01,LAI,-43.909225178582325
2026-09-01,LET,0.0
2026-09-01,LFD,-98.19590166776838
2026-09-01,LGK,2.473698668369339
2026-09-01,LGO,0.0
2026-09-01,LHM,0.0
2026-09-01,LHP,-2.231060309045574
2026-09-01,LKF,39.095239244290184
2026-09-01,LKT,76.9696551918068
2026-09-01,LLA,-6.692471312143082
2026-09-01,LPH,32.151506761468404
2026-09-01,LRT,6.005836164723282
2026-09-01,LTC,-0.5006897528620934
2026-09-01,LTL,-81.87087543249467
2026-09-01,LTS,0.197624530895958
2026-09-01,LZV,0.0
2026-09-01,MAC,-3.8209294632146626
2026-09-01,MAD,-0.9851980257223318
2026-09-01,MAS,0.22357636321193594
2026-09-01,MAV,0.0
2026-09-01,MBL,-0.009539334171438209
2026-09-01,MBR,10.075329861873263
2026-09-01,MCU,203.20374019288053
2026-09-01,MD1,17.357723163410036
2026-09-01,MD2,4.305065361540276
2026-09-01,MDF,-8.232910887822674
2026-09-01,MET,-1.9490707848810134
2026-09-01,MGB,-6.795215328598195
2026-09-01,MGD,0.0
2026-09-01,MGE,0.9786979323489866
2026-09-01,MGH,0.057985652468750176
2026-09-01,MHF,-16.777093850506603
2026-09-01,MIK,-0.011673025957474705
2026-09-01,MJB,0.9547843808090608
2026-09-01,MJE,-8.534339808650158
2026-09-01,MJG,-3.5201320536469134
2026-09-01,MJH,0.1486001310786446
2026-09-01,MJK,-4.75828450022551
2026-09-01,MJL,13.797286824850987
2026-09-01,MKA,-4.260358527104942
2026-09-01,MKG,-3.914779369198001
2026-09-01,MKL,0.0
2026-09-01,MLS,0.0
2026-09-01,MLT,-12.302039978175825
2026-09-01,MMH,-5.148670770139467
2026-09-01,MOD,-0.0625161238659619
2026-09-01,MOZ,-0.06484759660451084
2026-09-01,MP2,0.0
2026-09-01,MP4,2.021551412487071
2026-09-01,MPD,12.115606806901358
2026-09-01,MPE,-0.18625414104693627
2026-09-01,MPF,3.851049988334268
2026-09-01,MPI,0.012319962913939577
2026-09-01,MPK,-12.605441850053154
2026-09-01,MPL,-4.6040702438179455
2026-09-01,MPN,-1.4772914767855831
2026-09-01,MPP,-10.801744991466734
2026-09-01,MPS,-4.942376412470967
2026-09-01,MRI,6.4930990639631
2026-09-01,MSK,-0.007257323889530129
2026-09-01,MSO,-4.512588113860281
2026-09-01,MSR,-10.654928756705377
2026-09-01,MT1,-6.710395503773209
2026-09-01,MT2,-15.600824100837926
2026-09-01,MT5,-0.006175565464607467
2026-09-01,MT6,42.622026879653845
2026-09-01,MT7,0.0
2026-09-01,MT8,-31.694858873754946
2026-09-01,MT9,102.81376896523496
2026-09-01,MTD,-0.961422317558631
2026-09-01,MTE,-37.273067360037096
2026-09-01,MTF,-7.481677641446708
2026-09-01,MTG,76.1877240639445
2026-09-01,MTH,2.5299498536135188
2026-09-01,MTI,0.0
2026-09-01,MTK,605.894212218103
2026-09-01,MTL,723.0226766574538
2026-09-01,MTS,-27.132743830337315
2026-09-01,MTU,-0.00746180089826783
2026-09-01,MTV,-0.9455704506999941
2026-09-01,MTX,-3.96375901575115
2026-09-01,MUL,14.215741445686763
2026-09-01,MUT,-0.7403068451891721
2026-09-01,NAK,-0.5969560392104627
2026-09-01,NAL,49513.2856737594
2026-09-01,NAU,-11.079319711635014
2026-09-01,NAV,19.518512546016755
2026-09-01,NBE,14.423670024070864
2026-09-01,NBH,16.094453269654394
2026-09-01,NBO,15.948708366218131
2026-09-01,NBZ,4.695547069245413
2026-09-01,NCS,7.068692575382009
2026-09-01,NCU,-0.49693738172900376
2026-09-01,NDL,0.0
2026-09-01,NDS,-9.022834078686708
2026-09-01,NES,0.0
2026-09-01,NFF,-16.776849972271997
2026-09-01,NFH,-0.8840575656173484
2026-09-01,NFK,-0.8480446411164845
2026-09-01,NHP,-2.5141137858441924
2026-09-01,NHT,0.0
2026-09-01,NHV,0.0
2026-09-01,NHY,-16.88468722253121
2026-09-01,NIG,-17.87847156132877
2026-09-01,NIS,1.1454351887091894
2026-09-01,NJF,-0.23155242293133663
2026-09-01,NJG,0.0
2026-09-01,NJR,43.336758820908464
2026-09-01,NJY,-9.990332104736249
2026-09-01,NKA,-15.25169892397988
2026-09-01,NKC,-9.326664478964085
2026-09-01,NKH,-0.9175843134788231
2026-09-01,NKJ,0.0
2026-09-01,NKK,0.0010347361694409414
2026-09-01,NKL,7.868805090955819
2026-09-01,NKM,-0.9826413229413381
2026-09-01,NKP,-1.399529916124097
2026-09-01,NKS,-1.8792405569218245
2026-09-01,NKT,21.105898951160473
2026-09-01,NKV,0.0
2026-09-01,NLC,0.0
2026-09-01,NLD,0.0
2026-09-01,NLE,-3.1399035318029735
2026-09-01,NLK,13.357129475182022
2026-09-01,NLL,-0.034095895231785106
2026-09-01,NME,-1.863481745705791
2026-09-01,NMG,0.0
2026-09-01,NMP,441338.80244327255
2026-09-01,NMU,51.46119394482946
2026-09-01,NNF,-16.670962547516673
2026-09-01,NOA,0.0
2026-09-01,NOI,11.39070722913331
2026-09-01,NOV,0.0
2026-09-01,NP1,-3.5701177787014573
2026-09-01,NPH,-16.24631522943529
2026-09-01,NPK,-0.0021886958503781833
2026-09-01,NRC,-4.453774933762384
2026-09-01,NRG,4.716699582456844
2026-09-01,NRM,0.0
2026-09-01,NSA,-10.72366955354637
2026-09-01,NSD,8.016711803376394
2026-09-01,NSH,16.344636038311712
2026-09-01,NSK,-0.011810501707295569
2026-09-01,NSP,3.8376008580108962
2026-09-01,NSS,0.0
2026-09-01,NST,-6.0421783195823275
2026-09-01,NSY,-0.6260709775696821
2026-09-01,NTB,-3.318578546917157e-05
2026-09-01,NTD,0.0
2026-09-01,NTF,0.0
2026-09-01,NTI,1.210745358244032
2026-09-01,NTO,0.0
2026-09-01,NTS,0.0
2026-09-01,NUB,-2.3226377406741805
2026-09-01,NUG,-97.8128214751516
2026-09-01,NUH,-36.00483027662845
2026-09-01,NVB,-1.6257903962399467
2026-09-01,NVC,44.064573226956014
2026-09-01,NVK,-0.003664514290185736
2026-09-01,NVP,0.0
2026-09-01,NVT,-2.898890693142615
2026-09-01,NVZ,-0.23778631818017165
2026-09-01,NYH,0.0
2026-09-01,NZH,-6.89168474408715
2026-09-01,NZT,17.20716745571007
2026-09-01,NZU,-5.269591052258022
2026-09-01,OAB,0.0
2026-09-01,OAO,3002.1829299890674
2026-09-01,OBI,-0.4415181482909163
2026-09-01,OBN,-2.135284042940273
2026-09-01,OBP,-0.26238641238888966
2026-09-01,OBR,-3.958534027517085
2026-09-01,OCM,0.0419684292947035
2026-09-01,OCN,0.0
2026-09-01,OCT,-1.3708239405590508
2026-09-01,ODD,-0.002642598316025582
2026-09-01,ODG,-4.509417184836894
2026-09-01,ODN,106.3761235018164
2026-09-01,ODP,-0.4602779625255463
2026-09-01,ODS,-1.7436804574870486
2026-09-01,ODV,-2.786226572787118
2026-09-01,OFA,-3.4551729231651347
2026-09-01,OFB,-0.5538605696351627
2026-09-01,OFI,-1.3990634681451137
2026-09-01,OFK,-9.393880744041333
2026-09-01,OFO,0.0
2026-09-01,OFS,-0.6724990686213527
2026-09-01,OGD,-1.523479997583766
2026-09-01,OGF,3.9791079047487696
2026-09-01,OGV,-2.3665543241645195
2026-09-01,OHB,-0.07111646444423757
2026-09-01,OHI,-37.310767305396375
2026-09-01,OHK,2.971790303312699
2026-09-01,OIL,1.7471462669708928
2026-09-01,OIR,3.5015392242306773
2026-09-01,OIS,0.0
2026-09-01,OJB,-6.533240098604597
2026-09-01,OJH,-2.3131821509364476
2026-09-01,OJK,-0.18619130775878645
2026-09-01,OJT,-1.3048941603597874
2026-09-01,OJU,-4.9970941793438595
2026-09-01,OJY,-3.502925717710398
2026-09-01,OKD,-5.495566572683676
2026-09-01,OKF,0.0
2026-09-01,OKP,3.828295635029308
2026-09-01,OKT,-4.312485370222998
2026-09-01,OLA,-1.06169178013311
2026-09-01,OLD,-7.5873583015003545
2026-09-01,OLE,-2.714591983128175
2026-09-01,OMB,0.0
2026-09-01,OMC,-0.6818540709964669
2026-09-01,OME,-1.0696705374027944
2026-09-01,OMG,-5.441494878865835
2026-09-01,OMT,51.35242842094341
2026-09-01,ONB,-4.99144484633192
2026-09-01,OND,-1.250709693538846
2026-09-01,ONE,9.195597706032132
2026-09-01,ONF,2.7475353265961253
2026-09-01,ONK,-1.4560650760586302
2026-09-01,ONN,12.136230996390127
2026-09-01,ONS,-1.3408293469015038
2026-09-01,ONT,-10.020215664627456
2026-09-01,ONY,-1.0527252950230053
2026-09-01,OPB,-0.20063393933156715
2026-09-01,OPD,0.040896814645948666
2026-09-01,OPF,0.1388404489186743
2026-09-01,OPH,0.26740611218186594
2026-09-01,OPI,-1.018199762887068
2026-09-01,OPJ,366.97580015928224
2026-09-01,OPL,-9.938319950243125
2026-09-01,OPZ,0.0
2026-09-01,ORC,0.0016599034474113997
2026-09-01,ORI,0.6013388600957258
2026-09-01,OSD,-0.8579096543387972
2026-09-01,OSF,-35.56041620149619
2026-09-01,OSH,0.0
2026-09-01,OSL,0.6538659761244943
2026-09-01,OSN,-2.7680401363627642
2026-09-01,OTE,0.0
2026-09-01,OTF,7.26991108445392
2026-09-01,OTJ,-3.3790010012920084
2026-09-01,OTK,-6.371404374164297
2026-09-01,OTM,-0.12123029322839908
2026-09-01,OTZ,0.0
2026-09-01,OUB,0.0
2026-09-01,OUD,-0.23134854109150313
2026-09-01,OUN,-1.1229042809894416
2026-09-01,OUR,0.0
2026-09-01,OUY,0.0
2026-09-01,OVD,3.0139435034888336
2026-09-01,OVR,0.0
2026-09-01,OYL,14.298512587096399
2026-09-01,OYS,-2.3221130208783856
2026-09-01,OYT,10.256110485390025
2026-09-01,OZC,-72.47799102888197
2026-09-01,P1A,-17.689320780463817
2026-09-01,PA2,42.815860234716325
2026-09-01,PAB,27.8231340554557
2026-09-01,PAC,0.0
2026-09-01,PAF,-5.299819480731639
2026-09-01,PAI,-6.218277826978285
2026-09-01,PAL,-6.968072390561996
2026-09-01,PAO,0.19859340054696795
2026-09-01,PAU,-0.9862502171423445
2026-09-01,PBE,-18.544422916433234
2026-09-01,PBF,0.0
2026-09-01,PBH,0.23378174748707065
2026-09-01,PBI,9.811017849603813
2026-09-01,PBK,-8.472428891181444
2026-09-01,PBN,-2.075964116493747
2026-09-01,PBR,-76.91813005728208
2026-09-01,PBS,0.0
2026-09-01,PBY,-0.05829380644154365
2026-09-01,PCE,-65.97000595643037
2026-09-01,PCH,-0.0009601487459049931
2026-09-01,PCN,0.0
2026-09-01,PCS,14.025686158880418
2026-09-01,PDC,-0.0020681098364215785
2026-09-01,PDD,-5.090491028957113
2026-09-01,PDE,-14.240513809226696
2026-09-01,PDF,-1.6434920998841795
2026-09-01,PDG,-76.97272303271944
2026-09-01,PDH,-0.38185082240450063
2026-09-01,PDR,0.0
2026-09-01,PDS,-0.0006456801437307371
2026-09-01,PEA,0.05757895670299028
2026-09-01,PFO,-1.5694596371405047
2026-09-01,PFS,2.726334436133118
2026-09-01,PGD,-10.758746099565883
2026-09-01,PGE,-0.00026690896350475043
2026-09-01,PGH,0.6924087667355485
2026-09-01,PGS,-2.7660598616186354
2026-09-01,PHB,-14.105858885888706
2026-09-01,PHE,-53.84451729668754
2026-09-01,PHF,0.0
2026-09-01,PHI,9.743617499056352
2026-09-01,PHK,4.1468390677857085
2026-09-01,PHN,4.8063005686130795
2026-09-01,PHS,-22.866297742012936
2026-09-01,PHY,-2.9246129844778803
2026-09-01,PID,1.7153073055430048
2026-09-01,PIL,-8.800875216068205
2026-09-01,PIP,-44.97469508528687
2026-09-01,PIR,-7.809989380968297
2026-09-01,PIS,38.06376376369852
2026-09-01,PJL,-1.1228417503727566
2026-09-01,PJP,-9.636574213871974
2026-09-01,PK1,-83.74207217022838
2026-09-01,PKD,44.62565624741187
2026-09-01,PKF,-5.026366238207108
2026-09-01,PKH,6.242803384703547
2026-09-01,PKL,-68.69145675765085
2026-09-01,PKM,18.079223852600148
2026-09-01,PKN,-7.183069541021577
2026-09-01,PKP,45.65810203571794
2026-09-01,PKR,-4.090851161424672
2026-09-01,PKT,5.462539667383596
2026-09-01,PKU,-4.9856496774515415
2026-09-01,PKV,33.20480249788864
2026-09-01,PKZ,-8.312232338622408
2026-09-01,PLA,4.163857452416478
2026-09-01,PLR,11.308390560611215
2026-09-01,PLS,0.0
2026-09-01,PMG,0.0
2026-09-01,PMH,-89.49154872638854
2026-09-01,PMP,-12.181807256264973
2026-09-01,PNU,40.11836377757677
2026-09-01,PO7,-41.66838973979604
2026-09-01,PO8,-18.832863885942263
2026-09-01,PO9,220.93863143230288
2026-09-01,POB,-0.009049404507490172
2026-09-01,POD,-5.459715884016651
2026-09-01,POF,4.897934820707499
2026-09-01,POH,0.0
2026-09-01,POI,-3.538279038865015e-07
2026-09-01,POS,-7.675717917096087
2026-09-01,POU,-4.820604754658025
2026-09-01,PP1,-7.14259100525147
2026-09-01,PPB,-1.3171730041242125
2026-09-01,PPD,-4.451584546693606
2026-09-01,PPE,-0.005282188800583578
2026-09-01,PPF,-40.54721090904731
2026-09-01,PPG,-3.8131630104652023
2026-09-01,PPH,-9.47233409674428
2026-09-01,PPI,15.337545041919864
2026-09-01,PPJ,6.891706613291956
2026-09-01,PPK,1.7238497911507011
2026-09-01,PPM,-8.54556688736948
2026-09-01,PPN,-1.2823787730574738
2026-09-01,PPO,-3.382493656028337e-05
2026-09-01,PPP,-7.028032276502065
2026-09-01,PPS,-9.830471826737043
2026-09-01,PPT,16.350160001166973
2026-09-01,PPU,-1.1186871465424122e-05
2026-09-01,PPV,63.13028313472302
2026-09-01,PPZ,-5.987864229333934
2026-09-01,PRD,4.847200865993707
2026-09-01,PRF,0.0
2026-09-01,PRH,-6.880363737193639
2026-09-01,PRR,-13.324623840751443
2026-09-01,PRU,-6.975621443283544
2026-09-01,PRV,17.883203965325343
2026-09-01,PRY,-1.6526690333514078
2026-09-01,PSD,0.0
2026-09-01,PSE,-8.16593086808832
2026-09-01,PSG,-13.766243018527197
2026-09-01,PSH,-12.057059620142518
2026-09-01,PSL,-26.28314282340023
2026-09-01,PSO,0.0
2026-09-01,PSR,0.32666746868199087
2026-09-01,PSS,-16.989288360895692
2026-09-01,PST,36.140049295495956
2026-09-01,PTC,0.0
2026-09-01,PTE,23.21956128378146
2026-09-01,PTF,-8.85126976278956
2026-09-01,PTG,0.0
2026-09-01,PTL,31.28874396284277
2026-09-01,PTN,34.08871152697876
2026-09-01,PTO,-5.430626176900604
2026-09-01,PTP,-21.929571223410154
2026-09-01,PTS,11.84159044400015
2026-09-01,PUA,0.0
2026-09-01,PUC,-45.70333929563258
2026-09-01,PUH,-7.7695423131076025
2026-09-01,PUK,-1.5924708756310162
2026-09-01,PUR,0.8553250238629942
2026-09-01,PUT,0.0
2026-09-01,PUV,0.0
2026-09-01,PVK,13.901048492787387
2026-09-01,PYB,-18.121667852423478
2026-09-01,PYD,-0.0011232502710280337
2026-09-01,PYF,99.44440834177112
2026-09-01,PYH,-9.421499884542136
2026-09-01,PYI,-25.391394368769166
2026-09-01,PYL,0.0
2026-09-01,PYR,-5.6007774066097085
2026-09-01,PYS,-1.8082534608973921
2026-09-01,RAF,-21.31191533866121
2026-09-01,RAI,0.0
2026-09-01,RAN,0.0
2026-09-01,RAV,0.0
2026-09-01,RAY,0.0
2026-09-01,RBA,-0.7188254664143798
2026-09-01,RBB,-4.801013849631402
2026-09-01,RBE,0.0
2026-09-01,RBF,27.28604965084133
2026-09-01,RBH,-3.2913965188637198
2026-09-01,RBI,-22.917881722904404
2026-09-01,RBK,-21.455744495847878
2026-09-01,RBL,-6.324020575568773
2026-09-01,RBN,-5.107802561213084
2026-09-01,RBP,10.68621916720704
2026-09-01,RBR,51.74216120827831
2026-09-01,RBT,0.7672953690200909
2026-09-01,RBV,15.476567394807883
2026-09-01,RCL,0.0
2026-09-01,RCS,0.0
2026-09-01,RCV,4.228031103905593
2026-09-01,RD1,0.1655182103717091
2026-09-01,RDF,-5.069721950804551
2026-09-01,RDH,0.0
2026-09-01,RDK,136.8950927015067
2026-09-01,RDS,301.27951043208736
2026-09-01,RDT,2.3144835271025253
2026-09-01,RDZ,-6.137975170740931e-07
2026-09-01,RE6,316.40899320751646
2026-09-01,RE7,0.0
2026-09-01,RE8,1.7671265217200676
2026-09-01,RFM,45.78999057081868
2026-09-01,RGD,-3.807737945291417
2026-09-01,RGH,0.03306217061253661
2026-09-01,RHD,0.0
2026-09-01,RHI,17.015210789573175
2026-09-01,RHS,-3.5554328601958645
2026-09-01,RIA,-35.80697427765598
2026-09-01,RIH,35.043528213568635
2026-09-01,RIK,-25.08630257900061
2026-09-01,RJG,-13.27651356665775
2026-09-01,RKC,-13.577905115472397
2026-09-01,RKH,0.1828470907536474
2026-09-01,RKL,0.0
2026-09-01,RKS,-2.358070741742067
2026-09-01,RKV,14.777428248412452
2026-09-01,RLH,4.100138915976643
2026-09-01,RO1,-3.052706749639213
2026-09-01,ROD,-15.87185673444501
2026-09-01,ROF,6.9774087753021945
2026-09-01,ROY,0.0
2026-09-01,RPC,-1.7363303917902781
2026-09-01,RPD,-6.340207371163191
2026-09-01,RPG,-3.229510001599
2026-09-01,RPI,-8.394182366870597
2026-09-01,RPK,0.0
2026-09-01,RPL,0.0006631645607442611
2026-09-01,RPM,22.63346753661751
2026-09-01,RPN,0.0
2026-09-01,RPO,0.0
2026-09-01,RPP,-1.2250207269524127
2026-09-01,RPS,-0.3452232771052807
2026-09-01,RPT,0.11214679738756683
2026-09-01,RPU,0.0
2026-09-01,RPX,-1.9106443799769817
2026-09-01,RRA,-45.17741088977388
2026-09-01,RRP,2.1823605993028945
2026-09-01,RS1,-7.3421788012092595
2026-09-01,RSF,3.8514638247577784
2026-09-01,RSK,-1.6128595151267129
2026-09-01,RSY,0.0
2026-09-01,RSZ,-1.130782625192661
2026-09-01,RTA,0.0
2026-09-01,RTB,-14.787584482242616
2026-09-01,RTD,-2.663094856138
2026-09-01,RTG,-3.054495600347883
2026-09-01,RTH,-21.810916253097094
2026-09-01,RTI,98.49679671871519
2026-09-01,RTP,-5.475759436004347
2026-09-01,RUH,0.23157150572758084
2026-09-01,RUT,9.917016236982823
2026-09-01,RVI,0.0
2026-09-01,RVS,-0.23935452017839423
2026-09-01,RYA,0.0
2026-09-01,RYB,0.0
2026-09-01,RYD,0.0
2026-09-01,RYF,6.369365055440941
2026-09-01,RYU,3.2501461097104674
2026-09-01,RZR,0.0
2026-09-01,SAP,-2.6662084827726242
2026-09-01,SAR,0.0
2026-09-01,SAS,-4.504115859760789
2026-09-01,SAT,0.0
2026-09-01,SBH,-12.1409123916942
2026-09-01,SBI,0.0
2026-09-01,SBR,0.0
2026-09-01,SBS,0.0
2026-09-01,SCZ,-1.649814768109225
2026-09-01,SD1,76.12219011830888
2026-09-01,SDA,-0.013226754515389762
2026-09-01,SEH,-0.005123851248926479
2026-09-01,SER,-0.3150667290273912
2026-09-01,SFA,1.6580303036310133
2026-09-01,SFS,0.7410032736427431
2026-09-01,SGK,0.22071320522873272
2026-09-01,SGT,3.7155952997530455
2026-09-01,SHC,44.20027707892842
2026-09-01,SHE,8.704220704298878
2026-09-01,SHI,-4.6385032984171924e-07
2026-09-01,SHU,219.8289792902028
2026-09-01,SIA,-101.30996870589644
2026-09-01,SIS,535.0371569912212
2026-09-01,SJP,-0.4596015076845413
2026-09-01,SKL,-29.358194350185162
2026-09-01,SKO,-11.056391778447669
2026-09-01,SKS,0.0
2026-09-01,SKT,15.844233196895413
2026-09-01,SKZ,-4.904361739202554
2026-09-01,SLF,11.883657661857416
2026-09-01,SLG,-1.7181692087197706
2026-09-01,SLR,0.0
2026-09-01,SLS,0.005489511440888026
2026-09-01,SMP,0.0
2026-09-01,SNY,-10.242460774015226
2026-09-01,SOS,88.38276108722765
2026-09-01,SPA,0.30136126804147145
2026-09-01,SPD,0.0
2026-09-01,SPE,4.6270795187873395
2026-09-01,SPN,-5.026442599902472
2026-09-01,SPP,-13.513691519761764
2026-09-01,SPR,-6.955960094452837
2026-09-01,SPT,-9.067620940355075
2026-09-01,SRA,-11.046738575510709
2026-09-01,SRE,0.0
2026-09-01,SRL,-64.53023831512148
2026-09-01,SRO,0.0
2026-09-01,SSD,0.0
2026-09-01,SSE,0.22982267626154104
2026-09-01,SSF,0.0
2026-09-01,SSK,1.6504189203094262
2026-09-01,SSN,0.0
2026-09-01,SSO,0.0
2026-09-01,SSS,-7.24709510656985
2026-09-01,SST,0.0
2026-09-01,ST1,-1.3720223183566864
2026-09-01,STI,-0.5227424589991474
2026-09-01,STM,0.0
2026-09-01,STS,0.0
2026-09-01,STZ,-0.36687114642206714
2026-09-01,SUA,-2.0847937978608995
2026-09-01,SUB,-2.8260293373770513
2026-09-01,SUC,5.198340488151566
2026-09-01,SUR,0.016155490202673563
2026-09-01,SVB,-2.733452912982671
2026-09-01,SVS,0.0
2026-09-01,SVY,0.02810517217897135
2026-09-01,SYF,-4.6020239208293
2026-09-01,SYL,0.0
2026-09-01,SYR,0.0
2026-09-01,SYS,0.0
2026-09-01,T3B,1.0594913540286113
2026-09-01,TAL,1.0815361911320116
2026-09-01,TAO,0.0
2026-09-01,TAR,-5.703366450879019
2026-09-01,TAU,3.091629617386429
2026-09-01,TAZ,0.0
2026-09-01,TB9,0.9270410817897115
2026-09-01,TBP,-0.6766972013885315
2026-09-01,TBT,14.342813864179618
2026-09-01,TBV,-2.775473426292105
2026-09-01,TCA,-1.1911596839831748
2026-09-01,TCB,-1.9569928270036827
2026-09-01,TCC,-7.553412724297731
2026-09-01,TCD,-1.9095112615075127
2026-09-01,TCF,-8.99111803355544
2026-09-01,TCG,0.0
2026-09-01,TCH,-0.5746434965121524
2026-09-01,TCI,-0.0034414960745828807
2026-09-01,TCS,-0.09134842908668496
2026-09-01,TDG,-0.048123715557941725
2026-09-01,TDP,0.0
2026-09-01,TE3,-2.8318304728042616
2026-09-01,TE4,1.4563594784319671
2026-09-01,TEJ,3.1165461250303816
2026-09-01,TFE,-3.5389593049466166
2026-09-01,TFF,-6.412329018405588
2026-09-01,TFU,-54.45627118910392
2026-09-01,TGA,-3.579649071373304
2026-09-01,TGE,-6.634851481985924
2026-09-01,TGN,-7.54408624946647
2026-09-01,TGR,-6.56008517786099
2026-09-01,TGT,25.47250615474524
2026-09-01,TGV,0.019311912512982945
2026-09-01,TGZ,0.0
2026-09-01,THD,-1.7131865279705407
2026-09-01,THF,5775.977841074949
2026-09-01,THG,-0.5309763030204977
2026-09-01,THH,0.0
2026-09-01,THO,0.0
2026-09-01,THS,0.0
2026-09-01,THT,61.92110639602547
2026-09-01,THV,0.018128982580348407
2026-09-01,TI1,6.763443437269864
2026-09-01,TI2,-3.206419863261243
2026-09-01,TI3,-3.01320191438917
2026-09-01,TI4,-5.001581862671215
2026-09-01,TI6,-13.966078263370314
2026-09-01,TI7,-2.09853921301066
2026-09-01,TIE,-3.4938584182603982
2026-09-01,TIL,1.4020724224238992
2026-09-01,TIP,1786.8969629722849
2026-09-01,TIV,23.23542390994823
2026-09-01,TJB,0.0
2026-09-01,TJF,-1.7877484151401148
2026-09-01,TJI,-1.6882606084414158
2026-09-01,TJL,-0.000548905832768951
2026-09-01,TJT,-2.3017621237591093
2026-09-01,TKF,-1.2733962810047004
2026-09-01,TKH,-0.008214400573030408
2026-09-01,TKK,-2.3395334406439687
2026-09-01,TKM,2.389729350890763
2026-09-01,TLC,47.80024855062318
2026-09-01,TLE,-0.4007997297295243
2026-09-01,TLH,-2.1542641983333435
2026-09-01,TLK,6.380829261498865
2026-09-01,TLT,0.0
2026-09-01,TLU,0.0
2026-09-01,TLV,-0.42614925630831507
2026-09-01,TLY,5.792606748643467
2026-09-01,TLZ,8.239208871598073
2026-09-01,TMC,21.986921921349783
2026-09-01,TMG,3.503738168459565
2026-09-01,TMM,32.922949830463686
2026-09-01,TMR,-1.1398933823014759
2026-09-01,TMS,1.3526034556491924
2026-09-01,TMU,-3.195102765930259
2026-09-01,TMV,32.629060741284945
2026-09-01,TMZ,0.025209081688866555
2026-09-01,TNB,-3.4926669388250184
2026-09-01,TND,-1.3747013057584416
2026-09-01,TNF,0.0
2026-09-01,TNH,14084.656620203992
2026-09-01,TNI,-3.8690665214950446
2026-09-01,TNK,9.299441810771587
2026-09-01,TNS,0.0
2026-09-01,TO8,1.9329278603576532
2026-09-01,TOK,1.2083460792046448
2026-09-01,TOT,-2.1406939778452547
2026-09-01,TP1,0.0
2026-09-01,TP2,12.011711879118671
2026-09-01,TPC,-0.25474385629909696
2026-09-01,TPE,-2.7613896503148823
2026-09-01,TPF,-1.0988272632237195
2026-09-01,TPJ,-6.328859350654384
2026-09-01,TPL,-1.0057532493146413
2026-09-01,TPO,0.0
2026-09-01,TPP,-0.9579680866993049
2026-09-01,TPR,-85.1262030966287
2026-09-01,TPV,6.969755998848835
2026-09-01,TPZ,19.54982055110632
2026-09-01,TRJ,11.656510354552454
2026-09-01,TRN,0.0
2026-09-01,TRO,-11.332529309008207
2026-09-01,TRR,-2.193177344228686
2026-09-01,TRU,-0.7310269343093588
2026-09-01,TSI,2.316642517762977
2026-09-01,TSP,0.0
2026-09-01,TTA,-1.101240827705211
2026-09-01,TTE,0.6348596757024381
2026-09-01,TTL,-0.7172702000616936
2026-09-01,TTP,-0.11648904218691351
2026-09-01,TTS,0.0
2026-09-01,TTV,-4.886045438859507
2026-09-01,TTZ,0.0
2026-09-01,TUA,-2.7009600570362577
2026-09-01,TVE,-14.0313954738111
2026-09-01,TVN,36.43600992193382
2026-09-01,TYH,-7.355698449660536
2026-09-01,TZC,0.10728750419801636
2026-09-01,TZD,-0.7611274317115345
2026-09-01,TZH,0.0
2026-09-01,TZL,-0.16987212005590702
2026-09-01,TZP,-0.2024905923712397
2026-09-01,TZT,8.53247216204352
2026-09-01,TZV,36.862261355662376
2026-09-01,UAB,29.703658804803435
2026-09-01,UAP,0.0
2026-09-01,UCN,0.0060840100183358605
2026-09-01,UCP,-23.046167919971744
2026-09-01,UFH,0.0
2026-09-01,UHL,0.0
2026-09-01,UHS,0.0
2026-09-01,ULH,-1.3520908414165351
2026-09-01,ULL,0.0
2026-09-01,UNT,-1.260430419557112
2026-09-01,UP1,4.4406275613156225
2026-09-01,UP2,23.318911060339044
2026-09-01,UPD,-3.8586945394505467
2026-09-01,UPH,-61.19950629609181
2026-09-01,UPP,-4.689725929938701
2026-09-01,UPS,0.0
2026-09-01,URA,-10.810194595700146
2026-09-01,URC,-1.7779009522698188
2026-09-01,URD,-0.013753811536836753
2026-09-01,URG,0.0
2026-09-01,URM,85.01131120049057
2026-09-01,URS,0.0
2026-09-01,URV,0.0
2026-09-01,USS,0.0
2026-09-01,UST,0.0
2026-09-01,USY,-9.277291357632746
2026-09-01,UYH,-3.708187860924958
2026-09-01,UZY,36.33788523808191
2026-09-01,VAY,20.32178642147275
2026-09-01,VCD,-60.57481029583434
2026-09-01,VCG,-0.0803700931725325
2026-09-01,VCY,-7.318321206174802
2026-09-01,VFK,-0.33445503986710395
2026-09-01,VFO,545.907568720291
2026-09-01,VFS,0.0
2026-09-01,VHS,10.289051325908668
2026-09-01,VK6,-7.899492449522491
2026-09-01,VKI,-80.32758752532843
2026-09-01,VKK,61.19307951590086
2026-09-01,VKT,21.307846535970075
2026-09-01,VKV,90.67816846990769
2026-09-01,VLT,7.309820786287687
2026-09-01,VMV,22.33812372385995
2026-09-01,VNK,3.4922746813912657
2026-09-01,VPA,-27.270637793752435
2026-09-01,VPP,12.783956386976152
2026-09-01,VPS,-21.382461461576202
2026-09-01,VRK,-15.84352549135781
2026-09-01,VTF,0.0
2026-09-01,VTL,32.85442169586844
2026-09-01,YA1,56.88181330121924
2026-09-01,YAC,-2.746529270467244
2026-09-01,YAE,-31.837420525159153
2026-09-01,YAK,-1.5123090491264994
2026-09-01,YAN,-1.568426438151906
2026-09-01,YAR,0.0
2026-09-01,YAS,-2.551459624920079
2026-09-01,YAY,0.643155491447626
2026-09-01,YBE,-0.587757816576497
2026-09-01,YBH,-6.756638740870096
2026-09-01,YBJ,0.0
2026-09-01,YBP,-0.7178091445090911
2026-09-01,YBR,7.325112979973701
2026-09-01,YBS,-2.8096173767673243
2026-09-01,YCG,0.0
2026-09-01,YCH,-2.185763123082679
2026-09-01,YCK,0.5048971162062846
2026-09-01,YCL,-15.647316473234413
2026-09-01,YCP,0.9350884189466826
2026-09-01,YCY,15.730778178702096
2026-09-01,YDH,26.81326085823215
2026-09-01,YDI,-0.28440528303187596
2026-09-01,YDK,-0.32087880174171735
2026-09-01,YDL,0.0
2026-09-01,YDM,0.0
2026-09-01,YDP,2.59168966991184
2026-09-01,YDZ,-1.4309302800680082
2026-09-01,YEF,6.4993872931782315
2026-09-01,YFV,-0.6987131225502557
2026-09-01,YGM,-5.358656041712593
2026-09-01,YHB,-4.8759864365581835
2026-09-01,YHI,-3.9761682565092986
2026-09-01,YHK,-20.6295698114335
2026-09-01,YHP,-2.7242648072443445
2026-09-01,YHS,-5.65025719494118
2026-09-01,YHT,14.875458028022129
2026-09-01,YHY,0.0
2026-09-01,YHZ,14.4122483308218
2026-09-01,YIK,-47.722295851756904
2026-09-01,YIS,0.014543852325876063
2026-09-01,YIT,-4.370969626415961
2026-09-01,YIV,0.0
2026-09-01,YJA,0.0
2026-09-01,YJH,-4.7740098456685915
2026-09-01,YJK,-1.0374631316328715
2026-09-01,YJU,0.0
2026-09-01,YJY,-0.4495154577208979
2026-09-01,YKS,-0.5268026600780823
2026-09-01,YKT,-1.9788610419673953
2026-09-01,YLB,15.528149535811167
2026-09-01,YLC,-14.635877182877294
2026-09-01,YLE,-24.45943720500762
2026-09-01,YLO,-3.055918662291693
2026-09-01,YLR,0.0
2026-09-01,YLY,-12.283728953997873
2026-09-01,YLZ,10.620828738764567
2026-09-01,YMD,0.8477534610055053
2026-09-01,YMH,-8.571292639238777
2026-09-01,YMP,42.19335575490238
2026-09-01,YNF,5821.4381409407815
2026-09-01,YNK,1.069583294717547
2026-09-01,YNL,0.0
2026-09-01,YOA,-0.24363228840559645
2026-09-01,YOS,-5.357703973975092
2026-09-01,YOT,3.080444502023619
2026-09-01,YOZ,5.968656570181598
2026-09-01,YP1,0.0
2026-09-01,YP2,0.0
2026-09-01,YP4,-1.2869199665133568
2026-09-01,YPC,-6.718708242513443
2026-09-01,YPD,0.0
2026-09-01,YPF,-3.7726010282015126
2026-09-01,YPI,-2.3264542215063377
2026-09-01,YPK,-3.2559990467091744
2026-09-01,YPL,0.14876605829997142
2026-09-01,YPN,9.481522948079615
2026-09-01,YPP,0.0
2026-09-01,YPR,-2.8337463898129043
2026-09-01,YPT,2.9555311705295777
2026-09-01,YPU,10.605832146881305
2026-09-01,YPV,-1.3659388455639165
2026-09-01,YRZ,-0.21378145630011067
2026-09-01,YSA,22.90568269417655
2026-09-01,YSH,20.643872118690123
2026-09-01,YSL,-0.4000211671998141
2026-09-01,YSO,17.284003105530484
2026-09-01,YSU,-1.2024771762801922
2026-09-01,YTD,-0.5864511615354612
2026-09-01,YTJ,0.0
2026-09-01,YTO,0.0
2026-09-01,YTR,0.0
2026-09-01,YTV,-12.108650399399618
2026-09-01,YTY,6.9981554996149855
2026-09-01,YUB,-3.6476580839998065
2026-09-01,YUD,-1.4143094636510498
2026-09-01,YUI,0.0
2026-09-01,YUK,-0.010549603338671798
2026-09-01,YUN,3.539356973441992
2026-09-01,YUY,0.0
2026-09-01,YVB,9.041763888770948
2026-09-01,YVD,10.362007198498047
2026-09-01,YVF,0.0
2026-09-01,YVG,0.8650822282344262
2026-09-01,YVO,0.0
2026-09-01,YVS,0.0
2026-09-01,YZC,0.3798257753815102
2026-09-01,YZF,0.0
2026-09-01,YZG,-2.8190446254274066
2026-09-01,YZH,2.5878348580455093
2026-09-01,YZK,-1.5424055159287795
2026-09-01,YZL,-4.453224115960549
2026-09-01,YZT,56.92402372751801
2026-09-01,ZA2,-14.884875907331862
2026-09-01,ZAD,23.365309561601862
2026-09-01,ZAV,-2.0429291545441273
2026-09-01,ZAY,-10.209447432417775
2026-09-01,ZBD,-0.36329997714638046
2026-09-01,ZBI,-11.357698317180281
2026-09-01,ZBJ,27.127079561476826
2026-09-01,ZBN,-3.385520924377862
2026-09-01,ZBO,0.0147157701411255
2026-09-01,ZBZ,0.0
2026-09-01,ZCA,0.0
2026-09-01,ZCB,-64.29966852752946
2026-09-01,ZCC,0.0
2026-09-01,ZCD,-1.384681172840091
2026-09-01,ZCE,0.0
2026-09-01,ZCF,0.0
2026-09-01,ZCG,23.57995313853192
2026-09-01,ZCH,0.0
2026-09-01,ZCK,2.4536833032594894
2026-09-01,ZCN,10.456390762942865
2026-09-01,ZDD,0.006256878641945978
2026-09-01,ZDK,0.0
2026-09-01,ZDZ,-1.3497985193053033
2026-09-01,ZFB,-1.5066177909954297
2026-09-01,ZFZ,0.0
2026-09-01,ZHH,3.777393391285324
2026-09-01,ZIH,3639.426246475039
2026-09-01,ZJB,-3.3328269941001696
2026-09-01,ZJH,0.0
2026-09-01,ZJI,-3.063700082034518
2026-09-01,ZJL,-1.1381246015792141
2026-09-01,ZJT,0.0
2026-09-01,ZJV,0.04378213074836157
2026-09-01,ZK1,9.292590092934066
2026-09-01,ZK2,-34.07335235063481
2026-09-01,ZKK,0.0
2026-09-01,ZLB,-3.2745446898481854
2026-09-01,ZLG,0.0
2026-09-01,ZLH,0.20214139389773406
2026-09-01,ZMT,2.0505792996010035
2026-09-01,ZMU,2.716860287356024
2026-09-01,ZMY,-1.187946060884679
2026-09-01,ZNF,0.0
2026-09-01,ZOS,0.0
2026-09-01,ZP1,0.0
2026-09-01,ZP2,0.0
2026-09-01,ZP3,0.0
2026-09-01,ZP6,-12.420005518648805
2026-09-01,ZP7,-15.361488686337033
2026-09-01,ZP8,4.092520414076664
2026-09-01,ZP9,-0.1245404249358084
2026-09-01,ZPA,32.47507923909674
2026-09-01,ZPC,-0.2895492148204019
2026-09-01,ZPE,-0.2380860039861052
2026-09-01,ZPF,0.028156277991723898
2026-09-01,ZPG,-1.122744054791381
2026-09-01,ZPH,66.4007357439059
2026-09-01,ZPJ,-6.189792254915699
2026-09-01,ZPK,16.91838495522505
2026-09-01,ZPN,-1.479709629123418
2026-09-01,ZPO,277.6967826940792
2026-09-01,ZPR,79.34040240309638
2026-09-01,ZR2,0.0
2026-09-01,ZR3,0.009892685663349015
2026-09-01,ZSB,5.055613402708122
2026-09-01,ZSF,-1.0176838096517686
2026-09-01,ZSG,-0.2595914215063975
2026-09-01,ZSK,0.0
2026-09-01,ZSN,0.0
2026-09-01,ZTF,0.0
2026-09-01,ZTG,-17.43154751872433
2026-09-01,ZTV,9067.333539424573
2026-09-01,ZUD,0.0
2026-09-01,ZUE,0.0
2026-09-01,ZUS,-2.6828982294566095
2026-09-01,ZVB,-0.25042841113054065
2026-09-01,ZVO,-1.069741102766474
2026-09-01,ZYC,0.0
2026-09-01,ZYD,0.0
2026-09-01,ZZL,0.0
2026-09-01,FDY,-2.200567040828485
2026-09-01,ZJR,0.0
2026-09-01,DKY,0.0
2026-09-01,FKH,-21.03063796531407
2026-09-02,AAL,-8.943921543095904
2026-09-02,AAS,-2.8953298514265575
2026-09-02,AAV,-6.961466832835023
2026-09-02,ABG,-2.683199854204366
2026-09-02,ABJ,0.0
2026-09-02,ABU,0.0
2026-09-02,AC1,4.308509499624561
2026-09-02,AC2,221.77365874890356
2026-09-02,AC3,0.0
2026-09-02,AC4,10.001424772209873
2026-09-02,AC5,1.7363468806618032
2026-09-02,AC6,0.3173914188495777
2026-09-02,AC7,-7.923483256245042
2026-09-02,AC8,-0.2067282605812638
2026-09-02,ACC,-37.66161414631533
2026-09-02,ACD,0.10495052087439889
2026-09-02,ACN,0.0
2026-09-02,ACU,-0.7915929657846482
2026-09-02,ADE,-4.582306611162484
2026-09-02,ADP,-9.236141764160822
2026-09-02,AED,2.2741310934651047
2026-09-02,AES,-6.7565113764469995
2026-09-02,AEV,-0.11904307963986403
2026-09-02,AFA,0.9155424656028931
2026-09-02,AFO,-2.3161055902696743
2026-09-02,AFS,2.2499206407617396
2026-09-02,AFT,-2.3355151808924224
2026-09-02,AFV,1.6183800194812445
2026-09-02,AGC,-14.747313577385066
2026-09-02,AHH,0.0
2026-09-02,AHI,-0.08922185287268222
2026-09-02,AHN,-2.4358499750370624
2026-09-02,AHU,-32.565244737805784
2026-09-02,AHV,3.161162334343523
2026-09-02,AHZ,83.13259916268045
2026-09-02,AI1,1.1750896881836506e-06
2026-09-02,AIH,-1.6074897894753397
2026-09-02,AII,0.0
2026-09-02,AIM,0.0
2026-09-02,AIR,0.4475102990156547
2026-09-02,AIS,12.128192250122693
2026-09-02,AJ1,-36.27075033790989
2026-09-02,AJE,-6.789385683552409
2026-09-02,AJK,5.140849979471206
2026-09-02,AJL,-6.782163443091678
2026-09-02,AJN,-4.601240758015846
2026-09-02,AK2,48.21601211964544
2026-09-02,AK3,4.171102461298353
2026-09-02,AKE,0.36661225358842325
2026-09-02,AKU,-4.452254874873045
2026-09-02,AL4,0.0
2026-09-02,AL5,-2.3456047281069066
2026-09-02,AL6,0.0
2026-09-02,AL7,20.90608209816788
2026-09-02,ALC,-0.8015786997515725
2026-09-02,ALE,0.22260588155640243
2026-09-02,AN1,0.7306820416041397
2026-09-02,ANL,15.268407825097437
2026-09-02,ANZ,-1.9484213825723555
2026-09-02,AOJ,-0.7661809061816705
2026-09-02,AOY,-8.264336800497597
2026-09-02,AP2,-3.063663628653272
2026-09-02,AP4,0.0
2026-09-02,AP5,3.355526765477592
2026-09-02,AP6,-1.7799893340105483e-05
2026-09-02,AP7,-4.282440187765142
2026-09-02,APJ,-4.285123240257045
2026-09-02,APP,0.0
2026-09-02,APT,37.28564765049633
2026-09-02,ARE,23.11425167449038
2026-09-02,ARF,0.0
2026-09-02,ARL,-1.6746690285697492
2026-09-02,ARM,-5.334162647601131
2026-09-02,ARP,0.0
2026-09-02,AS1,-9.360429522113838
2026-09-02,AS3,0.0
2026-09-02,ASJ,-3.514880633029803
2026-09-02,ATJ,-0.010091969090862156
2026-09-02,AU1,23.489542688746045
2026-09-02,AUV,-36.048118958472294
2026-09-02,AVC,0.0
2026-09-02,AVT,17.798580263938202
2026-09-02,AVZ,0.0
2026-09-02,AY6,0.0
2026-09-02,AY7,0.0
2026-09-02,AYA,-3.0939824566970255
2026-09-02,AYR,0.18742225915268237
2026-09-02,AZF,0.0
2026-09-02,AZJ,32.69051962071892
2026-09-02,AZV,-0.11007252667999354
2026-09-02,AZZ,-9.357309103141568e-05
2026-09-02,BA1,1.0548922070181868
2026-09-02,BAC,2.869610970989303
2026-09-02,BAG,-1.8045339558550206
2026-09-02,BAI,66.19528479226095
2026-09-02,BAL,0.0
2026-09-02,BAO,0.0
2026-09-02,BAS,0.0
2026-09-02,BBF,2.357334024882172
2026-09-02,BBI,0.0
2026-09-02,BBN,0.0
2026-09-02,BBO,0.0
2026-09-02,BBP,-3.9613453816430146
2026-09-02,BBS,90.0270992783879
2026-09-02,BCC,-0.03533534146443131
2026-09-02,BCK,-13.543622722721882
2026-09-02,BCO,253.14536293396657
2026-09-02,BDA,26.93452798885409
2026-09-02,BDC,-6.711822925579725
2026-09-02,BDI,-1.7687345389831906e-09
2026-09-02,BDO,-37.41685087698642
2026-09-02,BDS,-19.995838876347914
2026-09-02,BDY,4.573910517634042
2026-09-02,BFE,7.713390875197332
2026-09-02,BFO,0.0
2026-09-02,BFS,40.825621385079394
2026-09-02,BFT,-30.265071918779324
2026-09-02,BGH,0.0
2026-09-02,BGP,-3.2833581332893553
2026-09-02,BGR,11.348334970107853
2026-09-02,BHA,-0.18564389259462388
2026-09-02,BHE,1.8452998498507105
2026-09-02,BHF,-9.481717569444072
2026-09-02,BHH,-9.504035314750092e-07
2026-09-02,BHI,22.540765014829052
2026-09-02,BHL,21.542467800450737
2026-09-02,BHN,-0.5499482971461394
2026-09-02,BHO,0.0
2026-09-02,BI5,0.0
2026-09-02,BIA,236.259550027874
2026-09-02,BID,-1.280507028352712
2026-09-02,BIG,-2.0431965595699655
2026-09-02,BIH,0.004890893618071497
2026-09-02,BIK,0.012496170287220281
2026-09-02,BIO,-9.26630959608355
2026-09-02,BIP,120.84025974034867
2026-09-02,BIS,-0.6758216101614539
2026-09-02,BIY,1.3783769777546615
2026-09-02,BJD,-6.69688077956241
2026-09-02,BKO,-0.08205822326245085
2026-09-02,BKY,21.734375498355778
2026-09-02,BLA,0.0
2026-09-02,BLD,-5.963759278349805
2026-09-02,BLT,19.04966979923891
2026-09-02,BMU,-56.70406387351434
2026-09-02,BNC,-9.906250404275418
2026-09-02,BNH,6.3949314880143175
2026-09-02,BOH,0.0
2026-09-02,BOL,29.925024768181206
2026-09-02,BON,-88.82794920429785
2026-09-02,BOP,4.901215394907291
2026-09-02,BOS,-1.7830445514593323
2026-09-02,BP5,-67.85581783306563
2026-09-02,BPD,0.0
2026-09-02,BPZ,94.06791412604834
2026-09-02,BRB,-13.21975791853069
2026-09-02,BRC,-14.95844708355347
2026-09-02,BRF,-5.207919105767433
2026-09-02,BRG,11.753131903417666
2026-09-02,BRH,-4.430989491138011
2026-09-02,BRR,1058.660634873571
2026-09-02,BRT,-17.21669953808732
2026-09-02,BRZ,-13.700944904134873
2026-09-02,BS1,3103.2619573026172
2026-09-02,BSA,0.0
2026-09-02,BSC,-0.00010840695857788015
2026-09-02,BSD,17.730625580356335
2026-09-02,BSE,-2.3561137765965418e-06
2026-09-02,BSF,0.0
2026-09-02,BSH,24.376759324517305
2026-09-02,BSM,-8.710844459391849
2026-09-02,BSN,0.0
2026-09-02,BST,-10.007341536561238
2026-09-02,BTE,-10.696005209061854
2026-09-02,BTJ,-1.8064898951457748
2026-09-02,BTK,7.004138918757327
2026-09-02,BTP,-22.07740477609463
2026-09-02,BTY,0.0
2026-09-02,BTZ,-14.366676379054063
2026-09-02,BUB,-25.25694505632572
2026-09-02,BUC,-87.60078125539071
2026-09-02,BUP,0.0
2026-09-02,BUT,-21.709040550736468
2026-09-02,BUV,-25.17873921390373
2026-09-02,BUY,-5.530195691428592
2026-09-02,BV1,-0.5664231294376242
2026-09-02,BVB,0.0
2026-09-02,BVC,0.0
2026-09-02,BVD,-4.247488373122291
2026-09-02,BVF,7.062188745532804
2026-09-02,BVH,0.0
2026-09-02,BVI,-5.197385826995708
2026-09-02,BVK,-78.4650405733077
2026-09-02,BVM,-10.333009557039961
2026-09-02,BVT,0.0
2026-09-02,BVV,16.79637995458791
2026-09-02,BVZ,9.352557911240847
2026-09-02,BYZ,-0.002995972233371095
2026-09-02,CAH,-45.51755017083984
2026-09-02,CBD,623.9831983016315
2026-09-02,CBN,0.0
2026-09-02,CBO,0.0
2026-09-02,CEY,0.0
2026-09-02,CFO,-45.222911994344706
2026-09-02,CGD,0.0
2026-09-02,CHY,0.0379897259068444
2026-09-02,CIN,-5.605695681239196
2026-09-02,CJD,29771.36369518241
2026-09-02,CJF,-15.527332202587738
2026-09-02,CJG,0.0
2026-09-02,CJH,-2.5377677852244203
2026-09-02,CKF,-0.07703613653695103
2026-09-02,CKL,6.793267884731057
2026-09-02,CKS,1.7311530693606545
2026-09-02,COT,0.5676141052677076
2026-09-02,CPT,-8.449184354285487
2026-09-02,CPU,11.83053066904676
2026-09-02,CRL,0.0
2026-09-02,CSD,0.0
2026-09-02,CSH,-1.1075408386649534e-06
2026-09-02,CTF,0.0
2026-09-02,CTG,0.0
2026-09-02,CTM,0.0
2026-09-02,CTP,0.0
2026-09-02,CTV,0.0
2026-09-02,CVA,0.0
2026-09-02,CVB,0.0
2026-09-02,CVC,0.0
2026-09-02,CVD,0.0
2026-09-02,CVE,0.0
2026-09-02,CVF,0.0
2026-09-02,CVK,-0.8138571258738171
2026-09-02,CVL,314.80185699823085
2026-09-02,CYD,2.57220474907123
2026-09-02,DA1,-58.46295207211769
2026-09-02,DAC,0.0
2026-09-02,DAE,12.294799982752576
2026-09-02,DAH,-3.7627042701448996
2026-09-02,DAI,-0.6068692898368324
2026-09-02,DAL,0.7890316474349091
2026-09-02,DAP,3550.499061773595
2026-09-02,DAS,-3.109046378376053
2026-09-02,DAT,-18.36775359937584
2026-09-02,DAV,4.341207921920849
2026-09-02,DAZ,0.0
2026-09-02,DB2,-4.388421976613374
2026-09-02,DBA,-2.819083917490024
2026-09-02,DBB,10.595977099770034
2026-09-02,DBG,0.1287851398052439
2026-09-02,DBH,-2.90704356843795
2026-09-02,DBK,-4.136014869573124
2026-09-02,DBP,-1.447998174336974
2026-09-02,DBZ,-5.337382966897391
2026-09-02,DCB,10.784031371332912
2026-09-02,DCD,0.0
2026-09-02,DCE,0.0
2026-09-02,DCN,119.25785414222699
2026-09-02,DCP,-0.9112861656793082
2026-09-02,DCV,-0.037354128840135746
2026-09-02,DDA,11.08394207361958
2026-09-02,DDC,-5.281473304606093
2026-09-02,DDE,0.0
2026-09-02,DDF,17.463907067234548
2026-09-02,DDP,0.0
2026-09-02,DEF,-1.1538006807664372
2026-09-02,DEH,153.05178887546413
2026-09-02,DEI,0.0
2026-09-02,DFC,-33.52533436665386
2026-09-02,DFD,-0.2961661127084394
2026-09-02,DFI,-16.815802514529164
2026-09-02,DFO,0.24274233710737614
2026-09-02,DGF,-75.62606297603394
2026-09-02,DGH,0.6504846626012565
2026-09-02,DHI,11.755507612979937
2026-09-02,DHJ,1.3858062639683726
2026-09-02,DHM,-10.51185838605721
2026-09-02,DHP,0.0
2026-09-02,DHS,0.0
2026-09-02,DHT,16.535585498531987
2026-09-02,DHV,-20.862677818144583
2026-09-02,DID,1.9578064925057785
2026-09-02,DIH,0.0
2026-09-02,DIM,0.0
2026-09-02,DIP,-7.287734300426712
2026-09-02,DK1,1.6782300850669212
2026-09-02,DK8,67.6000761885248
2026-09-02,DKA,0.0
2026-09-02,DKC,1.574312952199721
2026-09-02,DKH,-2.7249891413699308
2026-09-02,DKL,-1.2005389777385025
2026-09-02,DKP,-0.7287178348877016
2026-09-02,DKR,-66.21758339284786
2026-09-02,DKS,0.0
2026-09-02,DL2,-49.24099071590364
2026-09-02,DLD,5.346524254984792
2026-09-02,DLG,-1.8429662679289287
2026-09-02,DLN,56.27170776901659
2026-09-02,DLY,-11.445413248280962
2026-09-02,DLZ,2.8885648611917256
2026-09-02,DMG,-1.5174140828371923
2026-09-02,DMI,167.5001987675158
2026-09-02,DMR,0.0
2026-09-02,DMV,0.0
2026-09-02,DMZ,0.0
2026-09-02,DNA,0.0
2026-09-02,DNF,879.6934478856699
2026-09-02,DNH,-9.403044629188226
2026-09-02,DNK,-0.4271953817510221
2026-09-02,DNL,0.0
2026-09-02,DNM,1.6559659460882665
2026-09-02,DNP,100.99226509102755
2026-09-02,DNU,0.0
2026-09-02,DOC,-6.823739829650835e-05
2026-09-02,DOD,-24.098550220769596
2026-09-02,DOH,2754.021551308245
2026-09-02,DOL,11.081212379639636
2026-09-02,DOR,-0.00924739087772698
2026-09-02,DOS,0.0
2026-09-02,DOV,-0.9150258656571845
2026-09-02,DP1,0.0
2026-09-02,DP2,2.8609395224090663
2026-09-02,DP3,-0.15448538515370167
2026-09-02,DP4,-0.8970667879569728
2026-09-02,DP5,0.0
2026-09-02,DP6,-0.025098080578066867
2026-09-02,DP7,0.0
2026-09-02,DP8,0.0
2026-09-02,DP9,0.0
2026-09-02,DPB,-17.176209893510638
2026-09-02,DPC,-0.8713941574957069
2026-09-02,DPE,0.0
2026-09-02,DPG,0.0
2026-09-02,DPI,-18.75185398541264
2026-09-02,DPK,-7.7709692985840535
2026-09-02,DPL,0.0
2026-09-02,DPN,0.0
2026-09-02,DPP,-74.4656789290571
2026-09-02,DPT,-3.439190637556338
2026-09-02,DPZ,0.0
2026-09-02,DRA,-1.3967170749815234
2026-09-02,DRD,-0.3253270760281363
2026-09-02,DRH,-5.8246590439178535e-06
2026-09-02,DRT,-8.705286006165752
2026-09-02,DSC,0.0
2026-09-02,DSD,-20.563540382902225
2026-09-02,DSH,31.06887166220904
2026-09-02,DSP,-1.2139286337731232
2026-09-02,DSV,-69.54564114658422
2026-09-02,DTH,-0.3293654652926403
2026-09-02,DTL,-1.1837585158635915
2026-09-02,DTM,-5.062105310697574
2026-09-02,DTO,-0.022850537108666087
2026-09-02,DTP,0.0
2026-09-02,DTV,0.0
2026-09-02,DTZ,3.763131450045107
2026-09-02,DUC,0.0
2026-09-02,DUD,6.862013120394642
2026-09-02,DUH,-105.79550730191363
2026-09-02,DUT,-0.0008733785951140911
2026-09-02,DUV,6.395484775958334
2026-09-02,DVC,0.0
2026-09-02,DVI,0.0
2026-09-02,DVN,0.0
2026-09-02,DVO,0.0
2026-09-02,DVS,28.807951000157452
2026-09-02,DVT,-0.40451938495341333
2026-09-02,DVU,-2.771303392832728
2026-09-02,DVZ,0.0
2026-09-02,DXP,-7.399952226072033
2026-09-02,DYJ,0.0
2026-09-02,DYN,-0.6310737174990503
2026-09-02,DYS,0.0
2026-09-02,DZ2,0.0
2026-09-02,DZE,-5.658592983309782
2026-09-02,DZM,-15.684992051560325
2026-09-02,DZP,0.0
2026-09-02,DZS,-3.130420595832856
2026-09-02,EBD,-3.5304819466578152
2026-09-02,EBI,2.595938603825888
2026-09-02,EBS,3.6784741663582268
2026-09-02,EC2,-4.609165131317809
2026-09-02,ECA,16.469976992950684
2026-09-02,ECB,8.383921940799954
2026-09-02,ECV,11.230504140349478
2026-09-02,EDD,41.067748149022485
2026-09-02,EDN,22.320643553426002
2026-09-02,EDP,18.497663641175997
2026-09-02,EDT,-4.718193561870494
2026-09-02,EDU,-0.046657715812061434
2026-09-02,EES,0.1834900635895008
2026-09-02,EGP,0.0
2026-09-02,EGR,12.778228404087793
2026-09-02,EHS,0.0
2026-09-02,EIB,-4.209177535567336
2026-09-02,EID,-4.202797241866143
2026-09-02,EIL,-2.8643836983867175
2026-09-02,EJG,0.0
2026-09-02,EKF,-14.121883875274726
2026-09-02,EKL,-18.973576842248775
2026-09-02,ELZ,-29.938710160714376
2026-09-02,EME,-0.05313855916748803
2026-09-02,EML,-1.5773293743154664
2026-09-02,ENA,50.03527758066738
2026-09-02,ENJ,-1.0656470986508872
2026-09-02,ENO,10.152049136197727
2026-09-02,ENR,57.66201775180277
2026-09-02,ENS,5.861390733374872
2026-09-02,EP1,21.356119792601795
2026-09-02,EPA,2.2543944343739897
2026-09-02,EPI,0.6012455864213294
2026-09-02,EPK,-10.873547722847295
2026-09-02,EPO,0.0
2026-09-02,EPP,-1.7447169787774137
2026-09-02,EPT,13.147051747710147
2026-09-02,ESG,-0.28277001787539047
2026-09-02,ESN,0.0
2026-09-02,ESP,-4.943431466619242
2026-09-02,ETN,10.604471563985443
2026-09-02,EUN,-2.540074991137952
2026-09-02,EUZ,1.3102567290725746
2026-09-02,EVM,9.548313261263235
2026-09-02,EYT,-2.618671844827332
2026-09-02,EZM,0.0
2026-09-02,FAK,-23.44394149573434
2026-09-02,FAL,-1.6975485249208735
2026-09-02,FBC,-4.337546245206584
2026-09-02,FBI,12.41156849880646
2026-09-02,FBN,1008.8394806255031
2026-09-02,FBV,-0.39719890076662223
2026-09-02,FBZ,8.228970023466738
2026-09-02,FCK,-3.453780228679814
2026-09-02,FCS,-16.98384311045819
2026-09-02,FD1,-7.024548692830714
2026-09-02,FDE,-0.0767689750564957
2026-09-02,FDG,-40.91488445173025
2026-09-02,FDO,0.0
2026-09-02,FDV,0.0
2026-09-02,FDZ,0.0
2026-09-02,FFD,-17.969150494135544
2026-09-02,FFF,0.0
2026-09-02,FFH,-3.2874524212728677
2026-09-02,FFO,0.0
2026-09-02,FFP,-16.495211334758242
2026-09-02,FHI,-1.388220665264055
2026-09-02,FHP,-37.66767529836283
2026-09-02,FHZ,0.0
2026-09-02,FI3,6.479152444929887
2026-09-02,FI5,5.569272262974186
2026-09-02,FIB,-0.3671722945570126
2026-09-02,FID,-5.43688176251148
2026-09-02,FIL,2.104263814971878
2026-09-02,FIT,26.579449592163286
2026-09-02,FJB,-0.8025556347178278
2026-09-02,FJC,0.0
2026-09-02,FJM,-6.822294604579334
2026-09-02,FJN,0.0
2026-09-02,FJZ,-2.4372282922687236
2026-09-02,FKE,0.4788454284009041
2026-09-02,FKV,-0.5006340660489053
2026-09-02,FLS,2.9724557920438195
2026-09-02,FLY,15.17445464637491
2026-09-02,FMG,3.986493258995921
2026-09-02,FMS,0.0
2026-09-02,FMV,0.0072281879683943505
2026-09-02,FNO,-3.333812472154264
2026-09-02,FNT,1.9225854760475256
2026-09-02,FP4,-28.86059239501742
2026-09-02,FPE,-2.023107673339827
2026-09-02,FPG,-6.001665740783771
2026-09-02,FPH,-2.611061942398185
2026-09-02,FPI,-16.82423270126093
2026-09-02,FPK,-13.706842946059899
2026-09-02,FPR,-1.1511136255495387
2026-09-02,FPZ,-2.6047474088374374
2026-09-02,FR1,0.0
2026-09-02,FRA,0.0
2026-09-02,FRC,-12.247350092327201
2026-09-02,FRZ,0.0
2026-09-02,FS1,-6.1895118260730975
2026-09-02,FS2,4.716175547624083
2026-09-02,FS3,0.0
2026-09-02,FS4,0.0
2026-09-02,FS5,126.07592164503869
2026-09-02,FS6,46.781406104586885
2026-09-02,FSF,-3.7291955559683267
2026-09-02,FSG,-6.886628592644159
2026-09-02,FSH,-4.974241572499644
2026-09-02,FSK,19.25548814458714
2026-09-02,FSM,0.03488121532007406
2026-09-02,FSP,-58.26990464738925
2026-09-02,FSR,-7.0018710801582245
2026-09-02,FSU,93.28709981572423
2026-09-02,FSV,-0.40774198906794734
2026-09-02,FTL,-36.797002966870906
2026-09-02,FTY,-0.006059897313814282
2026-09-02,FUA,-2.0632827962655473
2026-09-02,FUB,0.11914913270920245
2026-09-02,FUM,0.0
2026-09-02,FUN,177.75740966723936
2026-09-02,FUP,-9.846000742841957
2026-09-02,FVL,-0.11588426476768432
2026-09-02,FYA,-1.9890188033145029
2026-09-02,FYB,0.0
2026-09-02,FYD,-8.105155014747695
2026-09-02,FYF,0.0025890045249267217
2026-09-02,FYG,0.0
2026-09-02,FYH,-2.267351116147618
2026-09-02,FYI,-55.25435565576312
2026-09-02,FYM,0.0
2026-09-02,FYO,12.280496639825959
2026-09-02,FYT,5.881145259041319
2026-09-02,FYZ,0.0
2026-09-02,FZJ,-2.6860603479500758
2026-09-02,FZP,-8.251142876712674
2026-09-02,GA1,2.2755825059087744
2026-09-02,GAC,0.0
2026-09-02,GAE,-4.357873977724158
2026-09-02,GAF,-3.2482199495989827
2026-09-02,GAG,2.098932317913294
2026-09-02,GAH,-3.98496103864828
2026-09-02,GAJ,0.0
2026-09-02,GAL,91.93677618153804
2026-09-02,GAN,0.0
2026-09-02,GAS,0.2512926683305183
2026-09-02,GAU,0.0
2026-09-02,GAV,0.0
2026-09-02,GBC,9.682440305090498
2026-09-02,GBG,9.651965824950736
2026-09-02,GBH,-1.2681358092344122
2026-09-02,GBJ,22.252794896901403
2026-09-02,GBL,-5.682115956973103
2026-09-02,GBN,-0.09046680489157292
2026-09-02,GBP,-1.5883370943130175
2026-09-02,GBV,-12.18988950302042
2026-09-02,GBZ,10.689903550775826
2026-09-02,GCA,-0.14131100743526614
2026-09-02,GCC,0.0
2026-09-02,GCD,22.112220701234843
2026-09-02,GCI,0.0
2026-09-02,GCZ,0.0
2026-09-02,GDJ,0.0
2026-09-02,GDP,0.0
2026-09-02,GEC,12.262058434269441
2026-09-02,GEI,0.0
2026-09-02,GEZ,0.0
2026-09-02,GFB,-1.9930663664773314
2026-09-02,GFD,-2.94709260209836
2026-09-02,GFI,0.0
2026-09-02,GFL,0.0
2026-09-02,GFN,0.0
2026-09-02,GFY,-2.9984290377006326
2026-09-02,GGA,-4.459385025978644
2026-09-02,GGC,0.0
2026-09-02,GGD,-4.654473139131889
2026-09-02,GGK,-3.308883409396564
2026-09-02,GGM,0.0
2026-09-02,GGN,0.0
2026-09-02,GGP,0.0
2026-09-02,GGR,-0.21312708971117822
2026-09-02,GHS,-17.750162071131992
2026-09-02,GID,-15.956375676972389
2026-09-02,GIE,-5.943865275096027
2026-09-02,GIH,-19.30508087796766
2026-09-02,GJA,0.0
2026-09-02,GJB,-4.843073880051688
2026-09-02,GJD,-0.4181415596597017
2026-09-02,GJE,0.0
2026-09-02,GJF,-0.5989119806147883
2026-09-02,GJH,-38.27012879805598
2026-09-02,GJM,-0.5978323245871638
2026-09-02,GJO,0.0
2026-09-02,GKF,0.13353789225324073
2026-09-02,GKG,-4.481021751940912
2026-09-02,GKH,4.742078412171726
2026-09-02,GKK,0.0
2026-09-02,GKL,0.0
2026-09-02,GKM,0.0
2026-09-02,GKV,4.014211569865336
2026-09-02,GL1,7.390484851768029
2026-09-02,GLC,0.8721232064670829
2026-09-02,GLG,-17.917849218483646
2026-09-02,GLL,2.1938924630455
2026-09-02,GLM,0.0
2026-09-02,GLP,0.0
2026-09-02,GLS,-2.408151903409205
2026-09-02,GLV,0.07720873074810679
2026-09-02,GMA,6.708983985317664
2026-09-02,GMC,-2.764440219849077
2026-09-02,GMD,396.5686261978574
2026-09-02,GME,0.0
2026-09-02,GMI,1.0190794403961643
2026-09-02,GMM,0.0
2026-09-02,GMN,-6.159624871740175
2026-09-02,GMO,-0.07228195555520946
2026-09-02,GMP,-1.2024473404015297
2026-09-02,GMR,-10.353541465039976
2026-09-02,GMZ,-2.2648544995130093
2026-09-02,GNH,16.01477971132031
2026-09-02,GNK,2.1718084442724916
2026-09-02,GNL,-3.5864747858334365
2026-09-02,GNP,552.3384124374309
2026-09-02,GNS,0.6728415072730299
2026-09-02,GNZ,-1.461407248818832
2026-09-02,GO1,-1.5089613846311938
2026-09-02,GO3,-3.0909440830683277
2026-09-02,GO4,-7.694717473379995
2026-09-02,GO6,-6.398704869051287
2026-09-02,GO9,-14.296511812727106
2026-09-02,GOF,8.33129958549261
2026-09-02,GOH,-4.056642245944427
2026-09-02,GOL,-2.7913517944248336
2026-09-02,GOP,11.723653802400658
2026-09-02,GP1,0.0
2026-09-02,GP3,4.761456560847656
2026-09-02,GPA,7.031854558129466
2026-09-02,GPB,-1.3026107480203548
2026-09-02,GPC,-2.1309893983735244
2026-09-02,GPF,9.315403009035633
2026-09-02,GPG,4.001832065753594
2026-09-02,GPH,0.0
2026-09-02,GPI,-1.6643602529619648
2026-09-02,GPJ,-6.822259414816589
2026-09-02,GPL,-0.46962042001693693
2026-09-02,GPM,0.0
2026-09-02,GPN,20.851512900479925
2026-09-02,GPT,-5.434309638667205
2026-09-02,GPU,-3.5092693227461447
2026-09-02,GPV,-0.670920526880615
2026-09-02,GPZ,84.11451951070859
2026-09-02,GRL,-9.992261818363602
2026-09-02,GRO,0.7644644618790174
2026-09-02,GRT,-5.905313182704935
2026-09-02,GSE,2.207220102207386
2026-09-02,GSG,0.0
2026-09-02,GSL,-53.735202255281976
2026-09-02,GSO,6636.818838275761
2026-09-02,GSP,7.984698015343277
2026-09-02,GSR,0.0
2026-09-02,GTA,-0.8006151736107567
2026-09-02,GTF,-1.6216017335774127
2026-09-02,GTH,-14.212693918550096
2026-09-02,GTK,0.0
2026-09-02,GTL,5.2738018051919155
2026-09-02,GTM,-10.09433245143872
2026-09-02,GTN,0.0
2026-09-02,GTY,-7.054178917615124
2026-09-02,GTZ,-4.575311618857046
2026-09-02,GUA,0.0
2026-09-02,GUB,16.5738589938628
2026-09-02,GUC,-29.206505251507263
2026-09-02,GUF,10.98599674012729
2026-09-02,GUH,3.470860556800917
2026-09-02,GUK,-0.4185825717409966
2026-09-02,GUM,-2.8381964751580617
2026-09-02,GUV,25.142675810124793
2026-09-02,GVA,-0.04215291460407754
2026-09-02,GVB,0.0
2026-09-02,GVC,0.0
2026-09-02,GVD,0.0
2026-09-02,GVI,-2.4725244751909483
2026-09-02,GVL,0.0
2026-09-02,GVZ,0.0
2026-09-02,GYC,0.0
2026-09-02,GYG,-0.8285756997459598
2026-09-02,GYK,2.64049644575738
2026-09-02,GYL,1.8920270821531666
2026-09-02,GYN,0.0
2026-09-02,GYR,-1.9770705947608467
2026-09-02,GZB,0.0
2026-09-02,GZD,0.0
2026-09-02,GZE,-3.5061559801102926
2026-09-02,GZG,10.03992323944814
2026-09-02,GZH,-10.342650914300282
2026-09-02,GZJ,-2.874362901174734
2026-09-02,GZL,0.34067049142695927
2026-09-02,GZM,53.10360254692843
2026-09-02,GZN,-2.5871501152428027
2026-09-02,GZO,0.0
2026-09-02,GZP,-1.5777712092417655
2026-09-02,GZR,-0.05777900118689763
2026-09-02,GZU,0.0
2026-09-02,GZV,-0.050056790926811756
2026-09-02,GZY,-11.14174858161947
2026-09-02,GZZ,-16.001769519109608
2026-09-02,HAE,-0.3572021800269989
2026-09-02,HAG,0.0
2026-09-02,HAI,42.611921446978265
2026-09-02,HAM,-1.1775790398295527
2026-09-02,HAR,-11.099142314749129
2026-09-02,HAT,-26.2388453363058
2026-09-02,HB1,-6.006926086471134
2026-09-02,HB2,-3.7721103236849873
2026-09-02,HBF,-3.59945947393114
2026-09-02,HBJ,0.0
2026-09-02,HBN,-6.621871352044355
2026-09-02,HBU,-1.8341566991749776
2026-09-02,HBV,-1.6870824972859791e-06
2026-09-02,HCV,-2.9708264330894756
2026-09-02,HDA,-29.482924154629153
2026-09-02,HDD,113.33684484546531
2026-09-02,HDE,2.2053860443050177
2026-09-02,HDH,-1.4345607376501023e-05
2026-09-02,HDJ,0.0
2026-09-02,HDK,-0.3784406701044066
2026-09-02,HDS,0.0
2026-09-02,HDV,1.5101081168752917
2026-09-02,HEH,-28.531827775741764
2026-09-02,HFA,0.0
2026-09-02,HFI,2.7693892785078527
2026-09-02,HFO,36.877708995091744
2026-09-02,HFR,-33.161816797799474
2026-09-02,HFV,-1.9780046570937546
2026-09-02,HFY,6.295233600813055
2026-09-02,HGC,0.30973923367797446
2026-09-02,HGH,-39.51376328291131
2026-09-02,HGJ,0.0
2026-09-02,HGM,-28.327751030722848
2026-09-02,HGR,53.22676356718992
2026-09-02,HGT,0.0
2026-09-02,HGU,0.0
2026-09-02,HGV,-10.282086853771835
2026-09-02,HIA,4.7397164009562145
2026-09-02,HIF,1.4295955683522983
2026-09-02,HIH,-9.03680932220919
2026-09-02,HII,0.0
2026-09-02,HIM,-2.454369332987918
2026-09-02,HIP,0.9497925709907235
2026-09-02,HIS,0.0
2026-09-02,HIZ,2.284254227179286
2026-09-02,HJA,0.0
2026-09-02,HJB,-30.466153459403166
2026-09-02,HKG,7.791953627019009
2026-09-02,HKH,-34.974029217084905
2026-09-02,HKJ,7.715139937771659
2026-09-02,HKM,-15.533108949439885
2026-09-02,HKP,-39.10091624971337
2026-09-02,HKR,-6.417449880148483
2026-09-02,HKV,9.198447215639064
2026-09-02,HLA,-0.014345800215740816
2026-09-02,HLL,9.250328008841434
2026-09-02,HLR,19.75952785247624
2026-09-02,HMC,14.891532626154483
2026-09-02,HME,2.8891930793175225
2026-09-02,HMG,12.99821396510806
2026-09-02,HMK,-49.73631034163948
2026-09-02,HML,90.15907760435724
2026-09-02,HMS,-8.864416745257271
2026-09-02,HMT,-0.0026461815593016094
2026-09-02,HMV,0.0
2026-09-02,HNS,0.09671775660711274
2026-09-02,HOA,5.444385852183589
2026-09-02,HOY,-2.6639771483600776
2026-09-02,HP3,103.46268068689086
2026-09-02,HPC,0.5037476689407618
2026-09-02,HPD,-4.043626633227884
2026-09-02,HPF,0.0
2026-09-02,HPH,-47.80942932171374
2026-09-02,HPI,0.0
2026-09-02,HPJ,-51.05270860163531
2026-09-02,HPL,0.0
2026-09-02,HPO,-8.203649197237956
2026-09-02,HPT,8.712541977783053
2026-09-02,HPV,-14.828885438186429
2026-09-02,HPZ,-0.010518402990430784
2026-09-02,HRZ,-32.30184483456909
2026-09-02,HSA,-1.9673158416224052
2026-09-02,HSL,0.16475467451424267
2026-09-02,HSP,1.6802593920065931
2026-09-02,HST,0.941578308087823
2026-09-02,HTF,-4.195006551035943
2026-09-02,HTJ,95.66902169413359
2026-09-02,HTK,9.015091770808608
2026-09-02,HTS,10.729902483288434
2026-09-02,HTZ,0.0
2026-09-02,HUI,0.0
2026-09-02,HUS,0.0
2026-09-02,HVA,-9.255041721262259
2026-09-02,HVB,0.0969369977457899
2026-09-02,HVC,-3.646593481463625e-05
2026-09-02,HVI,-1.9482540317908175
2026-09-02,HVK,-36.3336898014551
2026-09-02,HVL,0.0
2026-09-02,HVN,0.0
2026-09-02,HVS,-2.6603422441378597
2026-09-02,HVT,12.633196123037008
2026-09-02,HVU,-7.119657168045446
2026-09-02,HVV,0.0
2026-09-02,HVZ,-13.321140743151073
2026-09-02,HYK,0.4989217508696733
2026-09-02,HYP,0.0381183548276105
2026-09-02,HYU,-4.006966643339208
2026-09-02,HYV,-4.642937464102513
2026-09-02,HYY,0.0
2026-09-02,HZV,0.0
2026-09-02,IAC,0.0
2026-09-02,IAE,9.795464676112744
2026-09-02,IAI,0.0
2026-09-02,IAJ,0.0
2026-09-02,IAM,-7.119616279999172
2026-09-02,IAR,-1.3284058063852546
2026-09-02,IAS,0.0
2026-09-02,IAT,3.2141761820199384
2026-09-02,IAU,-8.855169866064537
2026-09-02,IAY,-10.764991747004075
2026-09-02,IBB,-7.640225616407611
2026-09-02,IBC,0.0
2026-09-02,IBE,0.0
2026-09-02,IBG,0.0
2026-09-02,IBJ,0.0
2026-09-02,IBK,-0.8016739933801462
2026-09-02,IBM,-3.2956461728115767
2026-09-02,IBP,0.0
2026-09-02,IBR,8.667392480303572
2026-09-02,ICA,-4.917377247185764
2026-09-02,ICC,-9.655283145224507
2026-09-02,ICD,-18.895346440810407
2026-09-02,ICE,26.269254052476974
2026-09-02,ICF,23.228136702661438
2026-09-02,ICG,0.0
2026-09-02,ICH,371.27865022522815
2026-09-02,ICN,105.10896718935454
2026-09-02,ICS,-12.045642208081393
2026-09-02,ICV,-18.05439009837381
2026-09-02,ICZ,2.6440788780335613
2026-09-02,IDD,-0.03395399243980861
2026-09-02,IDF,-6.249173034019249
2026-09-02,IDH,-6.444320106711975
2026-09-02,IDI,336.9267456046842
2026-09-02,IDL,9.197062805004268
2026-09-02,IDO,0.15323635606770983
2026-09-02,IDP,-15.12829511413919
2026-09-02,IDV,-0.9137233130282933
2026-09-02,IDY,-8.126592077903453
2026-09-02,IED,-6.8393980550389335
2026-09-02,IEN,-16.982830349185594
2026-09-02,IEV,47.31446507630923
2026-09-02,IEZ,0.08224894248020409
2026-09-02,IFD,0.0
2026-09-02,IFN,-12.192849300787142
2026-09-02,IFV,53.4370939305991
2026-09-02,IFY,0.0
2026-09-02,IGF,0.0
2026-09-02,IGL,1.5389579442674333
2026-09-02,IGM,1.5384247510624176
2026-09-02,IGZ,-68.82845333974775
2026-09-02,IH1,1.1929617037410232
2026-09-02,IHA,-10.302622852895915
2026-09-02,IHC,23.19815332783061
2026-09-02,IHK,-2.1570568720629946
2026-09-02,IHP,-4.066347581883907
2026-09-02,IHT,-4.01946119022019
2026-09-02,IHV,0.04021774216575311
2026-09-02,IHY,0.0
2026-09-02,IHZ,-4.520849858771924
2026-09-02,IIA,0.0
2026-09-02,IIC,0.0
2026-09-02,IIE,-7.468192358410489
2026-09-02,IIF,144.34254240933973
2026-09-02,IIH,-4.573632305340792
2026-09-02,IIN,12.300387108099276
2026-09-02,IIS,-1.731645952205749
2026-09-02,IJA,-13.104147092316126
2026-09-02,IJB,14.763531057078403
2026-09-02,IJC,-7.329038558995792
2026-09-02,IJE,-9.285429922984717
2026-09-02,IJF,0.0
2026-09-02,IJH,-29.936654319218125
2026-09-02,IJI,67.606948253548
2026-09-02,IJK,-0.8416701459418472
2026-09-02,IJL,0.0
2026-09-02,IJP,-1.8924923804818952
2026-09-02,IJT,86.30516433612411
2026-09-02,IJV,8.076841301173063
2026-09-02,IJZ,1.194455166125311
2026-09-02,IK2,0.0
2026-09-02,IKL,8.392279652546346
2026-09-02,IKP,-6.532456618194189
2026-09-02,IKV,-21.14744997663858
2026-09-02,ILC,0.0
2026-09-02,ILE,0.0
2026-09-02,ILH,23.420120977975426
2026-09-02,ILI,0.9290826664887702
2026-09-02,ILM,0.0
2026-09-02,ILP,-0.11428868152912314
2026-09-02,ILU,15.733494380155456
2026-09-02,ILZ,10.691891020899128
2026-09-02,IMB,-25.913704818872034
2026-09-02,IMF,0.0
2026-09-02,IMG,0.0
2026-09-02,IMH,0.0
2026-09-02,IML,-8.183400184825578
2026-09-02,IMO,0.0
2026-09-02,IMS,0.0
2026-09-02,IMT,0.0
2026-09-02,IMY,0.0
2026-09-02,IMZ,0.0
2026-09-02,INH,-6.737826043839328
2026-09-02,INV,0.0
2026-09-02,INZ,0.0014015640451123215
2026-09-02,IOG,-3.8920972461620233
2026-09-02,IOH,-7.204668936533001
2026-09-02,IOJ,0.0
2026-09-02,IOL,0.0
2026-09-02,IOM,-2.1143084448959004
2026-09-02,ION,0.0
2026-09-02,IOO,48.151786695108456
2026-09-02,IOP,-6.968591474966544
2026-09-02,IOT,0.0
2026-09-02,IOV,0.0
2026-09-02,IPA,0.0
2026-09-02,IPB,-3.4749809728659415
2026-09-02,IPC,0.0
2026-09-02,IPE,0.0
2026-09-02,IPF,0.0
2026-09-02,IPG,-1.5892345616474568
2026-09-02,IPJ,-4.316735970093069
2026-09-02,IPK,-0.7418738379953244
2026-09-02,IPO,0.0
2026-09-02,IPP,-6.210252668053222
2026-09-02,IPR,0.0
2026-09-02,IPU,0.0
2026-09-02,IPV,-1.517751763082651
2026-09-02,IRB,3.0563139731960067
2026-09-02,IRE,-2.0297704406193464
2026-09-02,IRF,-6.682747936989982
2026-09-02,IRL,-0.3128882309259273
2026-09-02,IRO,-2.6517279134896503
2026-09-02,IRT,-3.6162395274961656
2026-09-02,IRV,41.45301657487225
2026-09-02,IRY,-4.793023213512761
2026-09-02,ISR,0.0
2026-09-02,ISS,0.0
2026-09-02,IST,15.60099733215761
2026-09-02,ITA,0.0
2026-09-02,ITC,-1.780374438156989
2026-09-02,ITD,0.0
2026-09-02,ITJ,0.0
2026-09-02,ITL,0.0
2026-09-02,ITP,-3.728929345765704
2026-09-02,ITR,0.0
2026-09-02,ITV,0.0
2026-09-02,ITZ,2.1154372205968537
2026-09-02,IUA,-4.84720825862055
2026-09-02,IUB,0.0
2026-09-02,IUC,0.0
2026-09-02,IUF,3.0480932199045045
2026-09-02,IUH,-3.4503765768905263
2026-09-02,IUM,0.0
2026-09-02,IUN,0.0
2026-09-02,IUV,-1.4903449569375073
2026-09-02,IUZ,4.246675806072984
2026-09-02,IV2,0.0
2026-09-02,IV6,0.0
2026-09-02,IV7,0.0
2026-09-02,IV8,9.191344528400878
2026-09-02,IVF,-55.466522971521705
2026-09-02,IVS,-4.238767060088484
2026-09-02,IVY,1.5276958436686425
2026-09-02,IYB,8.13175328509687
2026-09-02,IYP,0.0
2026-09-02,IYR,-1.1341590067426597
2026-09-02,IYS,-0.003494671785706529
2026-09-02,IYV,-3.0461008648316024
2026-09-02,IZA,0.0
2026-09-02,IZB,61.26620651232342
2026-09-02,IZE,0.0
2026-09-02,IZL,-0.0005876211929813999
2026-09-02,IZS,16.758939273632585
2026-09-02,IZV,0.0
2026-09-02,IZY,0.0
2026-09-02,JET,-3.3036462933801616
2026-09-02,JOT,0.0
2026-09-02,JUP,-0.5374099953979942
2026-09-02,KAC,-20.934214524817083
2026-09-02,KAN,1.3384173997911137
2026-09-02,KAV,-3.6902704854889326
2026-09-02,KBJ,-6.948820838257301
2026-09-02,KBP,0.0
2026-09-02,KBZ,0.0
2026-09-02,KCL,1.7660604114868539
2026-09-02,KCR,22.403790620519143
2026-09-02,KCV,-3.5561476878744966
2026-09-02,KDE,10.619691377146724
2026-09-02,KDI,-29.166023522986357
2026-09-02,KDK,0.0
2026-09-02,KDL,-1.7146450374638207
2026-09-02,KDO,15.662980714215305
2026-09-02,KDS,-6.325367890568858
2026-09-02,KDT,-0.13321627910229772
2026-09-02,KDV,-13.424453642638706
2026-09-02,KDZ,16.87582385761641
2026-09-02,KEI,0.0
2026-09-02,KEO,0.0
2026-09-02,KEU,6.302122060454107
2026-09-02,KFZ,0.0
2026-09-02,KGM,-2.9545746519563423
2026-09-02,KH1,0.8031022083556636
2026-09-02,KHA,283.91164582929116
2026-09-02,KHB,-29.613997969780826
2026-09-02,KHC,-56.62365044632871
2026-09-02,KHD,0.0
2026-09-02,KHF,0.0
2026-09-02,KHJ,-3.0417641151558654
2026-09-02,KHP,0.607344163290533
2026-09-02,KHT,6.353347970406054
2026-09-02,KHU,0.0
2026-09-02,KIA,-3.3514670450001267
2026-09-02,KIB,2.2565608537895727
2026-09-02,KIE,46.16270340687204
2026-09-02,KIH,-0.0026003414106602917
2026-09-02,KIK,-3.4827830531160675
2026-09-02,KIS,-0.8818458309578021
2026-09-02,KJK,0.0
2026-09-02,KKB,0.0
2026-09-02,KKC,7.137292872435884
2026-09-02,KKE,0.0
2026-09-02,KKH,-2.8525503113049533
2026-09-02,KKL,1.6190517240303188
2026-09-02,KKO,-0.015910747279535925
2026-09-02,KKP,-0.19819600497772982
2026-09-02,KKT,-9.681806834876948
2026-09-02,KLH,-29.76336487336687
2026-09-02,KLI,23.81926367550292
2026-09-02,KLL,0.0
2026-09-02,KLM,0.0
2026-09-02,KLS,-22.104033559121717
2026-09-02,KLU,7.7681763209094905
2026-09-02,KMA,0.0
2026-09-02,KME,0.6689358811179962
2026-09-02,KMF,9.646402022642803
2026-09-02,KMN,0.0284644203882997
2026-09-02,KMT,0.0
2026-09-02,KNC,0.0
2026-09-02,KNI,23.728632850620563
2026-09-02,KNJ,29.418915222986243
2026-09-02,KNN,0.3409562062275033
2026-09-02,KNP,-11.365216699436296
2026-09-02,KNS,0.0
2026-09-02,KNT,0.0
2026-09-02,KNV,0.0
2026-09-02,KNZ,0.0
2026-09-02,KO4,-0.7936722201271161
2026-09-02,KOB,1.7649666522709186
2026-09-02,KOD,0.9980340311462989
2026-09-02,KOP,0.0
2026-09-02,KOT,-28.692860945293745
2026-09-02,KOZ,0.0
2026-09-02,KP3,-4.455476866230045
2026-09-02,KPA,11.035423118995952
2026-09-02,KPB,0.0
2026-09-02,KPC,3.928138801450564
2026-09-02,KPD,-22.502306752175905
2026-09-02,KPF,-71.68178796340106
2026-09-02,KPH,-2.520175671554272
2026-09-02,KPI,34.518716168264696
2026-09-02,KPK,0.0
2026-09-02,KPM,0.0
2026-09-02,KPP,-2.692100167001798
2026-09-02,KPR,-13.623085471014573
2026-09-02,KPS,0.0
2026-09-02,KPU,-1.5327919890312474
2026-09-02,KRC,-2.0655665198980224
2026-09-02,KRF,-15.108249732596981
2026-09-02,KRH,-0.00016722695979727508
2026-09-02,KRO,-1.740550559217496
2026-09-02,KRR,-5.486397692441947
2026-09-02,KRS,-5.052499887935822
2026-09-02,KRT,6.87931574030753
2026-09-02,KRV,-0.2679364166467586
2026-09-02,KSA,-0.6735489754576934
2026-09-02,KSC,0.0
2026-09-02,KSK,-6.450783068320215
2026-09-02,KSL,1.2254842403952686
2026-09-02,KSM,2.1742201636553533
2026-09-02,KSP,0.0
2026-09-02,KSR,1.2048443909204307
2026-09-02,KST,-4.06215596529733
2026-09-02,KSV,32.50833275275083
2026-09-02,KSY,3.396270824859262
2026-09-02,KTE,0.0
2026-09-02,KTI,3.1385392574949225
2026-09-02,KTJ,5.76086125684891
2026-09-02,KTM,2.52474297266187
2026-09-02,KTN,-16.274789569371322
2026-09-02,KTR,-0.046392346349673264
2026-09-02,KTS,0.8881970109006512
2026-09-02,KTT,3.4256880622387165
2026-09-02,KTU,0.0
2026-09-02,KTV,-0.3071752063450701
2026-09-02,KU3,-1.7038991480222119
2026-09-02,KUA,-11.550748109112273
2026-09-02,KUB,-1.371822680010072
2026-09-02,KUD,26.53857658787529
2026-09-02,KUP,0.6257899730836509
2026-09-02,KUT,-4.603063022200818
2026-09-02,KVA,0.0
2026-09-02,KVK,54.84182443595731
2026-09-02,KVR,-15.454153719830648
2026-09-02,KVS,-6.639958731559183
2026-09-02,KVT,-10.133020379200897
2026-09-02,KYA,-2.1420826143945852
2026-09-02,KYR,0.0
2026-09-02,KYS,0.0
2026-09-02,KZL,-3.1319735449194397
2026-09-02,KZO,0.0
2026-09-02,KZU,7.280155937290924
2026-09-02,LAI,-43.909225178582325
2026-09-02,LET,0.0
2026-09-02,LFD,-98.19590166776838
2026-09-02,LGK,4.016732298415075
2026-09-02,LGO,0.0
2026-09-02,LHM,0.0
2026-09-02,LHP,-2.231060309045574
2026-09-02,LKF,40.68363561087021
2026-09-02,LKT,-0.8321013868783095
2026-09-02,LLA,-7.0646836586467785
2026-09-02,LPH,33.544155921529224
2026-09-02,LRT,6.005836164723282
2026-09-02,LTC,-0.5414808223092469
2026-09-02,LTL,-83.76775943764972
2026-09-02,LTS,0.197624530895958
2026-09-02,LZV,0.0
2026-09-02,MAC,-4.481742204594089
2026-09-02,MAD,-0.9555757822658958
2026-09-02,MAS,0.08273319542683831
2026-09-02,MAV,0.0
2026-09-02,MBL,0.1770020875128432
2026-09-02,MBR,14.609403965891705
2026-09-02,MCU,206.8411861899344
2026-09-02,MD1,17.31830166873875
2026-09-02,MD2,3.4260850125233375
2026-09-02,MDF,-8.44397232720956
2026-09-02,MET,-1.9796166963323776
2026-09-02,MGB,-17.097952901120355
2026-09-02,MGD,0.0
2026-09-02,MGE,0.9786979323489866
2026-09-02,MGH,-0.0012425446505234738
2026-09-02,MHF,-23.24192663568491
2026-09-02,MIK,-0.011673025957474705
2026-09-02,MJB,1.173178999340314
2026-09-02,MJE,-2.100670322627722
2026-09-02,MJG,-3.6230351403172616
2026-09-02,MJH,0.1486001310786446
2026-09-02,MJK,-4.963099144487545
2026-09-02,MJL,13.797286824850987
2026-09-02,MKA,-7.414711379707355
2026-09-02,MKG,-4.268391025678207
2026-09-02,MKL,0.0
2026-09-02,MLS,0.0
2026-09-02,MLT,-12.36209218561576
2026-09-02,MMH,-3.519363254717563
2026-09-02,MOD,-0.8067654050596239
2026-09-02,MOZ,3.109014029554459
2026-09-02,MP2,0.0
2026-09-02,MP4,2.021551412487071
2026-09-02,MPD,12.115606806901358
2026-09-02,MPE,8.379546953560551
2026-09-02,MPF,3.6011972739897273
2026-09-02,MPI,-0.42860504995943904
2026-09-02,MPK,-13.797081763460927
2026-09-02,MPL,-4.339614521028378
2026-09-02,MPN,-1.4772914767855831
2026-09-02,MPP,-11.32098562596001
2026-09-02,MPS,-5.244486883575618
2026-09-02,MRI,6.478553621796455
2026-09-02,MSK,-0.007257323889530129
2026-09-02,MSO,-4.512588113860281
2026-09-02,MSR,-14.482770524172453
2026-09-02,MT1,-6.710089282993696
2026-09-02,MT2,-19.672139675479606
2026-09-02,MT5,-0.006175565464607467
2026-09-02,MT6,64.47248639885362
2026-09-02,MT7,-0.036437403679469245
2026-09-02,MT8,-33.25223469402294
2026-09-02,MT9,102.81376896523496
2026-09-02,MTD,-0.5704078140442237
2026-09-02,MTE,-37.273067360037096
2026-09-02,MTF,-7.542775378163008
2026-09-02,MTG,68.68444849202126
2026-09-02,MTH,2.967658620921496
2026-09-02,MTI,0.0
2026-09-02,MTK,621.4425733434397
2026-09-02,MTL,723.0226766574538
2026-09-02,MTS,-27.032208659411662
2026-09-02,MTU,-0.00746180089826783
2026-09-02,MTV,-1.0315413817497696
2026-09-02,MTX,-3.6549221410376496
2026-09-02,MUL,27.331651281147373
2026-09-02,MUT,-2.5596513009813338
2026-09-02,NAK,-0.7793044467057012
2026-09-02,NAL,49513.2856737594
2026-09-02,NAU,-11.91992931917084
2026-09-02,NAV,19.518512546016755
2026-09-02,NBE,14.423670024070864
2026-09-02,NBH,15.299044231183458
2026-09-02,NBO,15.70464213867837
2026-09-02,NBZ,4.849705727604578
2026-09-02,NCS,7.03962247815569
2026-09-02,NCU,-0.49693738172900376
2026-09-02,NDL,0.0
2026-09-02,NDS,-9.022834078686708
2026-09-02,NES,0.0
2026-09-02,NFF,-16.797644429902654
2026-09-02,NFH,-1.8103417726473254
2026-09-02,NFK,-5.76035721687883
2026-09-02,NHP,-2.378500236967615
2026-09-02,NHT,0.0
2026-09-02,NHV,0.0
2026-09-02,NHY,-17.27157679489382
2026-09-02,NIG,-17.85861485700903
2026-09-02,NIS,-6.28214987836294
2026-09-02,NJF,-4.193637131902132
2026-09-02,NJG,0.0
2026-09-02,NJR,43.00889060604557
2026-09-02,NJY,-10.678703918476465
2026-09-02,NKA,-15.25169892397988
2026-09-02,NKC,-9.718218292901858
2026-09-02,NKH,-0.9175843134788231
2026-09-02,NKJ,0.0
2026-09-02,NKK,0.0010347361694409414
2026-09-02,NKL,6.844766651730977
2026-09-02,NKM,-2.982189770049081
2026-09-02,NKP,-2.263437333426509
2026-09-02,NKS,-1.8792405569218245
2026-09-02,NKT,23.705593514759986
2026-09-02,NKV,0.0
2026-09-02,NLC,0.0
2026-09-02,NLD,0.0
2026-09-02,NLE,-3.0611011025452313
2026-09-02,NLK,9.677680861868577
2026-09-02,NLL,-0.034095895231785106
2026-09-02,NME,-1.9847260137427367
2026-09-02,NMG,0.0
2026-09-02,NMP,397190.7304605325
2026-09-02,NMU,55.46176029929711
2026-09-02,NNF,-18.488233637814307
2026-09-02,NOA,0.0
2026-09-02,NOI,11.39070722913331
2026-09-02,NOV,0.0
2026-09-02,NP1,-3.8949673682854917
2026-09-02,NPH,-28.176086186947693
2026-09-02,NPK,-0.0021886958503781833
2026-09-02,NRC,-4.779017062489776
2026-09-02,NRG,3.8398737274559975
2026-09-02,NRM,0.0
2026-09-02,NSA,-11.334969710110212
2026-09-02,NSD,8.01477471899253
2026-09-02,NSH,16.145890295755937
2026-09-02,NSK,-0.03741932480199122
2026-09-02,NSP,2.314317959749139
2026-09-02,NSS,0.0
2026-09-02,NST,-6.640787430802715
2026-09-02,NSY,-1.3170362638536253
2026-09-02,NTB,-3.318578546917157e-05
2026-09-02,NTD,0.0
2026-09-02,NTF,0.0
2026-09-02,NTI,0.4424036498248677
2026-09-02,NTO,0.0
2026-09-02,NTS,0.0
2026-09-02,NUB,-2.3950620624361814
2026-09-02,NUG,-97.8128214751516
2026-09-02,NUH,-36.945050036938795
2026-09-02,NVB,-2.607579029173132
2026-09-02,NVC,44.06334204871296
2026-09-02,NVK,55.60865333571676
2026-09-02,NVP,0.0
2026-09-02,NVT,-2.9057982596792122
2026-09-02,NVZ,-0.05735267832745221
2026-09-02,NYH,0.0
2026-09-02,NZH,-7.456484641334969
2026-09-02,NZT,8.934420170280868
2026-09-02,NZU,-5.269591052258022
2026-09-02,OAB,0.0
2026-09-02,OAO,3569.4769607493063
2026-09-02,OBI,-0.4694806151304903
2026-09-02,OBN,-4.154193099153392
2026-09-02,OBP,-0.14120592460000259
2026-09-02,OBR,-10.98594753117998
2026-09-02,OCM,0.0419684292947035
2026-09-02,OCN,0.0
2026-09-02,OCT,-1.3708239405590508
2026-09-02,ODD,-0.002642598316025582
2026-09-02,ODG,-4.324536521719192
2026-09-02,ODN,111.0673043860932
2026-09-02,ODP,0.340247408434711
2026-09-02,ODS,-2.09690948905861
2026-09-02,ODV,-3.2469411503149823
2026-09-02,OFA,-3.5842439200383893
2026-09-02,OFB,-0.5538605696351627
2026-09-02,OFI,-1.4437091128417068
2026-09-02,OFK,-9.88099579596627
2026-09-02,OFO,0.0
2026-09-02,OFS,-0.708283809104136
2026-09-02,OGD,-1.860858876467204
2026-09-02,OGF,3.5244430938357842
2026-09-02,OGV,-2.3665543241645195
2026-09-02,OHB,-1.9373676197168854
2026-09-02,OHI,-37.310767305396375
2026-09-02,OHK,6.879372424666649
2026-09-02,OIL,2.1776511383310746
2026-09-02,OIR,-2.1994391278904097
2026-09-02,OIS,0.0
2026-09-02,OJB,-6.550336565983837
2026-09-02,OJH,-2.3131821509364476
2026-09-02,OJK,-0.3785482494456607
2026-09-02,OJT,-1.2304104992549327
2026-09-02,OJU,-4.9970941793438595
2026-09-02,OJY,-3.601637083319917
2026-09-02,OKD,-5.471913727979207
2026-09-02,OKF,0.0
2026-09-02,OKP,4.3505447351712
2026-09-02,OKT,-6.716530903542416
2026-09-02,OLA,-0.5027723940421983
2026-09-02,OLD,-7.649971109353232
2026-09-02,OLE,-3.5204677108054394
2026-09-02,OMB,0.0
2026-09-02,OMC,-0.6818540709964669
2026-09-02,OME,-1.0696705374027944
2026-09-02,OMG,-5.309661277599502
2026-09-02,OMT,42.53352846686238
2026-09-02,ONB,-4.992481112791104
2026-09-02,OND,-1.250709693538846
2026-09-02,ONE,11.96811839821902
2026-09-02,ONF,2.778121065185961
2026-09-02,ONK,0.7679221430704096
2026-09-02,ONN,31.453749602084137
2026-09-02,ONS,-1.1845811721400892
2026-09-02,ONT,-10.020215664627456
2026-09-02,ONY,-1.0473388269859578
2026-09-02,OPB,-0.14310435396302382
2026-09-02,OPD,0.04396632590637977
2026-09-02,OPF,-0.20576904221283177
2026-09-02,OPH,0.12907304622892063
2026-09-02,OPI,-1.6517941333918726
2026-09-02,OPJ,176.2159564805424
2026-09-02,OPL,-10.145334877725467
2026-09-02,OPZ,0.0
2026-09-02,ORC,16.73069624779357
2026-09-02,ORI,0.6013388600957258
2026-09-02,OSD,-0.5488484539300321
2026-09-02,OSF,-43.631412576271046
2026-09-02,OSH,0.0
2026-09-02,OSL,5.725163117955559
2026-09-02,OSN,-2.7809011832244708
2026-09-02,OTE,0.0
2026-09-02,OTF,7.729255389134273
2026-09-02,OTJ,-4.215901897093033
2026-09-02,OTK,-6.373707503733267
2026-09-02,OTM,-0.11313153082506727
2026-09-02,OTZ,0.0
2026-09-02,OUB,-0.02309045304530316
2026-09-02,OUD,0.14445379532878794
2026-09-02,OUN,-2.1980948721820144
2026-09-02,OUR,0.0
2026-09-02,OUY,0.0
2026-09-02,OVD,3.8918500442829433
2026-09-02,OVR,0.0
2026-09-02,OYL,13.362007091986069
2026-09-02,OYS,-5.061045283192963
2026-09-02,OYT,10.256808875350737
2026-09-02,OZC,-72.47799102888197
2026-09-02,P1A,21.12339157766089
2026-09-02,PA2,62.662361540726586
2026-09-02,PAB,27.173723967888442
2026-09-02,PAC,0.0
2026-09-02,PAF,-6.510675443100977
2026-09-02,PAI,-6.523253185320144
2026-09-02,PAL,-7.494414705030304
2026-09-02,PAO,-7.478274735380797
2026-09-02,PAU,-0.9353812851306452
2026-09-02,PBE,-18.544422916433234
2026-09-02,PBF,0.0
2026-09-02,PBH,0.23378174748707065
2026-09-02,PBI,11.124501559694325
2026-09-02,PBK,-8.472428891181444
2026-09-02,PBN,-1.661434992092049
2026-09-02,PBR,-80.7682026441995
2026-09-02,PBS,0.0
2026-09-02,PBY,-0.05829380644154365
2026-09-02,PCE,-65.16087136096931
2026-09-02,PCH,-0.0009601487459049931
2026-09-02,PCN,0.0
2026-09-02,PCS,9.247979255479944
2026-09-02,PDC,0.056112716480383074
2026-09-02,PDD,-5.091022472771038
2026-09-02,PDE,-14.240513809226696
2026-09-02,PDF,-1.679392743165323
2026-09-02,PDG,-76.97272303271944
2026-09-02,PDH,-0.38185082240450063
2026-09-02,PDR,0.0
2026-09-02,PDS,-0.0006456801437307371
2026-09-02,PEA,0.08465043510213388
2026-09-02,PFO,-1.5709371907184915
2026-09-02,PFS,2.164720242301032
2026-09-02,PGD,-10.525263364522603
2026-09-02,PGE,-0.00026690896350475043
2026-09-02,PGH,0.6924087667355485
2026-09-02,PGS,-2.8239232411049238
2026-09-02,PHB,-14.105858885888706
2026-09-02,PHE,-57.15801457189965
2026-09-02,PHF,0.0
2026-09-02,PHI,10.290865547399818
2026-09-02,PHK,-0.7021786442189304
2026-09-02,PHN,4.8063005686130795
2026-09-02,PHS,-22.866297742012936
2026-09-02,PHY,-2.9246129844778803
2026-09-02,PID,0.09329674240294596
2026-09-02,PIL,-10.213807058949262
2026-09-02,PIP,-44.89265964981961
2026-09-02,PIR,-11.400804301392174
2026-09-02,PIS,38.548083982871795
2026-09-02,PJL,-1.9852732791399306
2026-09-02,PJP,-9.636574213871974
2026-09-02,PK1,-81.86086636117994
2026-09-02,PKD,29.156688622769916
2026-09-02,PKF,-5.617234247486113
2026-09-02,PKH,6.242803384703547
2026-09-02,PKL,-35.92496009242531
2026-09-02,PKM,17.644265021877704
2026-09-02,PKN,-31.551855376090437
2026-09-02,PKP,42.18875336716246
2026-09-02,PKR,-4.354113110112545
2026-09-02,PKT,25.69204669976231
2026-09-02,PKU,-30.485380010630138
2026-09-02,PKV,17.686788619846624
2026-09-02,PKZ,-8.312232338622408
2026-09-02,PLA,-10.395101762341117
2026-09-02,PLR,13.016230878821627
2026-09-02,PLS,0.0
2026-09-02,PMG,0.0
2026-09-02,PMH,-89.49154872638854
2026-09-02,PMP,-18.683573524230045
2026-09-02,PNU,32.68985462357797
2026-09-02,PO7,-41.66838973979604
2026-09-02,PO8,-18.832863885942263
2026-09-02,PO9,189.76472024552567
2026-09-02,POB,-0.009049404507490172
2026-09-02,POD,-5.228232565780416
2026-09-02,POF,4.897934820707499
2026-09-02,POH,0.0
2026-09-02,POI,-3.538279038865015e-07
2026-09-02,POS,-9.776927314883926
2026-09-02,POU,-4.329869850026189
2026-09-02,PP1,-7.560905816032909
2026-09-02,PPB,-1.3738502866313185
2026-09-02,PPD,-4.451584546693606
2026-09-02,PPE,-0.030831302935563486
2026-09-02,PPF,-40.54721090904731
2026-09-02,PPG,-6.820177056938132
2026-09-02,PPH,-11.521522765630568
2026-09-02,PPI,2.283850355913044
2026-09-02,PPJ,6.217791908553138
2026-09-02,PPK,1.9059424944161945
2026-09-02,PPM,-9.64417284640536
2026-09-02,PPN,0.9891313061753763
2026-09-02,PPO,-3.382493656028337e-05
2026-09-02,PPP,-7.449304437797199
2026-09-02,PPS,-10.151385727592473
2026-09-02,PPT,-3.680943871321755
2026-09-02,PPU,-1.1186871465424122e-05
2026-09-02,PPV,64.9895161656747
2026-09-02,PPZ,-9.302530845062686
2026-09-02,PRD,7.346414385668484
2026-09-02,PRF,0.0
2026-09-02,PRH,-9.442797149750538
2026-09-02,PRR,-5.868787236413265
2026-09-02,PRU,-7.943663008818261
2026-09-02,PRV,19.84004850870496
2026-09-02,PRY,-2.650511826629518
2026-09-02,PSD,0.0
2026-09-02,PSE,-11.724552434162115
2026-09-02,PSG,-16.896456867309606
2026-09-02,PSH,-12.905829402423501
2026-09-02,PSL,-26.27130759044256
2026-09-02,PSO,0.0
2026-09-02,PSR,0.32666746868199087
2026-09-02,PSS,-22.660012988819016
2026-09-02,PST,36.140049295495956
2026-09-02,PTC,0.0
2026-09-02,PTE,15.073900888911979
2026-09-02,PTF,-7.1832216221766405
2026-09-02,PTG,0.0
2026-09-02,PTL,18.30798091256918
2026-09-02,PTN,55.57415504292392
2026-09-02,PTO,-13.194248499151644
2026-09-02,PTP,-17.20494242468875
2026-09-02,PTS,15.561946803904295
2026-09-02,PUA,0.0
2026-09-02,PUC,-45.85305762759412
2026-09-02,PUH,-7.7695423131076025
2026-09-02,PUK,3.9885067122676134
2026-09-02,PUR,-0.2641366167370831
2026-09-02,PUT,0.0
2026-09-02,PUV,0.0
2026-09-02,PVK,3.1556953530654686
2026-09-02,PYB,-18.978404630488612
2026-09-02,PYD,-0.0011232502710280337
2026-09-02,PYF,99.39751928907884
2026-09-02,PYH,-9.421499884542136
2026-09-02,PYI,-25.391394368769166
2026-09-02,PYL,0.0
2026-09-02,PYR,-7.160021935723712
2026-09-02,PYS,-2.148967313959062
2026-09-02,RAF,-21.31191533866121
2026-09-02,RAI,0.0
2026-09-02,RAN,0.0
2026-09-02,RAV,0.0
2026-09-02,RAY,0.0
2026-09-02,RBA,-1.7106033373196512
2026-09-02,RBB,-4.865924896979595
2026-09-02,RBE,0.0
2026-09-02,RBF,27.453940761151497
2026-09-02,RBH,-3.7349494444017384
2026-09-02,RBI,-26.973945480373633
2026-09-02,RBK,-32.95893645267413
2026-09-02,RBL,-6.439664633283812
2026-09-02,RBN,-12.269594950631072
2026-09-02,RBP,-2.382399473198943
2026-09-02,RBR,41.22158191586678
2026-09-02,RBT,-8.732658499872468
2026-09-02,RBV,8.617810084089486
2026-09-02,RCL,0.0
2026-09-02,RCS,0.0
2026-09-02,RCV,8.319756842936881
2026-09-02,RD1,-0.3915133503958994
2026-09-02,RDF,-6.900925953488922
2026-09-02,RDH,0.0
2026-09-02,RDK,136.8950927015067
2026-09-02,RDS,301.27951043208736
2026-09-02,RDT,2.215658092107677
2026-09-02,RDZ,-6.137975170740931e-07
2026-09-02,RE6,513.1838927489097
2026-09-02,RE7,0.0
2026-09-02,RE8,1.7671265217200676
2026-09-02,RFM,37.00772983444469
2026-09-02,RGD,-4.044981640121625
2026-09-02,RGH,0.0335776794595391
2026-09-02,RHD,0.0
2026-09-02,RHI,17.334640453872034
2026-09-02,RHS,-4.52735706348445
2026-09-02,RIA,-35.80697427765598
2026-09-02,RIH,34.14266921783183
2026-09-02,RIK,-26.639354035381384
2026-09-02,RJG,-13.46952622486982
2026-09-02,RKC,-13.522833844270796
2026-09-02,RKH,0.2093808904224267
2026-09-02,RKL,0.0
2026-09-02,RKS,-1.105884398187639
2026-09-02,RKV,42.14073034936506
2026-09-02,RLH,3.8934692471990844
2026-09-02,RO1,-2.9163701257981547
2026-09-02,ROD,-15.87185673444501
2026-09-02,ROF,5.412540178821583
2026-09-02,ROY,0.0
2026-09-02,RPC,-2.0248154124929836
2026-09-02,RPD,-6.5845147455265405
2026-09-02,RPG,-3.530872098972567
2026-09-02,RPI,-8.525854155217901
2026-09-02,RPK,0.0
2026-09-02,RPL,-2.5546714771672403
2026-09-02,RPM,22.068532474299253
2026-09-02,RPN,0.0
2026-09-02,RPO,0.0
2026-09-02,RPP,-1.0139934648927218
2026-09-02,RPS,-0.359208875779789
2026-09-02,RPT,0.05357831491290541
2026-09-02,RPU,0.0
2026-09-02,RPX,-1.9106443799769817
2026-09-02,RRA,-47.992654435536366
2026-09-02,RRP,1.0145296331220264
2026-09-02,RS1,-8.1591785707251
2026-09-02,RSF,5.560159166935408
2026-09-02,RSK,-3.008529220846091
2026-09-02,RSY,0.0
2026-09-02,RSZ,-1.130782625192661
2026-09-02,RTA,0.0
2026-09-02,RTB,-7.848913649145403
2026-09-02,RTD,-2.955828887192873
2026-09-02,RTG,-3.3060898833905976
2026-09-02,RTH,-24.364347745921417
2026-09-02,RTI,66.1062300033727
2026-09-02,RTP,-6.7316558349155935
2026-09-02,RUH,0.23157150572758084
2026-09-02,RUT,3.2696926880257693
2026-09-02,RVI,0.0
2026-09-02,RVS,-1.7158695998890545
2026-09-02,RYA,0.0
2026-09-02,RYB,0.0
2026-09-02,RYD,0.0
2026-09-02,RYF,4.914890398256239
2026-09-02,RYU,2.9406242245152625
2026-09-02,RZR,0.0
2026-09-02,SAP,-16.916590596983184
2026-09-02,SAR,0.0
2026-09-02,SAS,-4.666336975850728
2026-09-02,SAT,0.0
2026-09-02,SBH,-17.08101607891546
2026-09-02,SBI,0.0
2026-09-02,SBR,0.0
2026-09-02,SBS,0.0
2026-09-02,SCZ,-1.649814768109225
2026-09-02,SD1,90.1853109234613
2026-09-02,SDA,-0.013226754515389762
2026-09-02,SEH,-0.005123851248926479
2026-09-02,SER,-0.32867694616712256
2026-09-02,SFA,1.7993407502516958
2026-09-02,SFS,0.7423150788304111
2026-09-02,SGK,0.18491018455540112
2026-09-02,SGT,-0.7075861094122782
2026-09-02,SHC,55.61213614587953
2026-09-02,SHE,8.714822163488508
2026-09-02,SHI,-4.6385032984171924e-07
2026-09-02,SHU,251.33843316203445
2026-09-02,SIA,-101.23742006696222
2026-09-02,SIS,610.1189713831029
2026-09-02,SJP,-0.4596015076845413
2026-09-02,SKL,-31.142730966706324
2026-09-02,SKO,-10.534880941666373
2026-09-02,SKS,0.0
2026-09-02,SKT,16.421437473408943
2026-09-02,SKZ,-5.783739594580194
2026-09-02,SLF,13.274777891078973
2026-09-02,SLG,-2.1008371791904077
2026-09-02,SLR,0.0
2026-09-02,SLS,0.005489511440888026
2026-09-02,SMP,0.0
2026-09-02,SNY,-11.923888215461476
2026-09-02,SOS,70.54711264012114
2026-09-02,SPA,2.55850056204435
2026-09-02,SPD,0.0
2026-09-02,SPE,7.725071476057255
2026-09-02,SPN,11.827186139296353
2026-09-02,SPP,-15.208603984679367
2026-09-02,SPR,0.39520625473309057
2026-09-02,SPT,-6.684327688510017
2026-09-02,SRA,-11.046738575510709
2026-09-02,SRE,0.0
2026-09-02,SRL,-67.81767879235444
2026-09-02,SRO,0.0
2026-09-02,SSD,0.0
2026-09-02,SSE,0.22982267626154104
2026-09-02,SSF,0.0
2026-09-02,SSK,3.5317214751557953
2026-09-02,SSN,0.0
2026-09-02,SSO,0.0
2026-09-02,SSS,-7.762665552059629
2026-09-02,SST,0.0
2026-09-02,ST1,-2.0009232514286723
2026-09-02,STI,-0.4899317850063663
2026-09-02,STM,0.0
2026-09-02,STS,0.0
2026-09-02,STZ,-0.36687114642206714
2026-09-02,SUA,-1.486620877144448
2026-09-02,SUB,-3.7625156913844062
2026-09-02,SUC,5.634698228750726
2026-09-02,SUR,0.008578830220220348
2026-09-02,SVB,-7.907647232879082
2026-09-02,SVS,0.0
2026-09-02,SVY,0.02810517217897135
2026-09-02,SYF,-4.6020239208293
2026-09-02,SYL,0.0
2026-09-02,SYR,0.0
2026-09-02,SYS,0.0
2026-09-02,T3B,-36.8878040835525
2026-09-02,TAL,-0.1633190967067582
2026-09-02,TAO,0.0
2026-09-02,TAR,-5.560141251670676
2026-09-02,TAU,2.8956884107876455
2026-09-02,TAZ,0.0
2026-09-02,TB9,0.3060061650806113
2026-09-02,TBP,-0.6766972013885315
2026-09-02,TBT,20.84872917898004
2026-09-02,TBV,-4.547547997316325
2026-09-02,TCA,-1.5441458852129408
2026-09-02,TCB,-2.9113165562148327
2026-09-02,TCC,-6.615979536955212
2026-09-02,TCD,-2.1372419468043455
2026-09-02,TCF,-9.245334849987152
2026-09-02,TCG,0.0
2026-09-02,TCH,-0.5746434965121524
2026-09-02,TCI,-0.0034414960745828807
2026-09-02,TCS,-0.18026822388441052
2026-09-02,TDG,0.022636282859603674
2026-09-02,TDP,0.0
2026-09-02,TE3,-3.7881811402671652
2026-09-02,TE4,2.433257805224841
2026-09-02,TEJ,3.0152827767185597
2026-09-02,TFE,-3.8203596971454603
2026-09-02,TFF,-6.362408330680848
2026-09-02,TFU,-59.73912847345082
2026-09-02,TGA,-3.5663030312121426
2026-09-02,TGE,-6.667396786816769
2026-09-02,TGN,-24.021917183698747
2026-09-02,TGR,-6.522103505609659
2026-09-02,TGT,32.372318391755705
2026-09-02,TGV,0.019311912512982945
2026-09-02,TGZ,0.0
2026-09-02,THD,-1.7095775711539443
2026-09-02,THF,6698.7211264894195
2026-09-02,THG,-0.5485934380202293
2026-09-02,THH,0.0
2026-09-02,THO,0.0
2026-09-02,THS,0.0
2026-09-02,THT,8.61436369803852
2026-09-02,THV,0.018128982580348407
2026-09-02,TI1,3.0598994311414462
2026-09-02,TI2,-3.999009683502074
2026-09-02,TI3,-3.5871573169761257
2026-09-02,TI4,-5.777467645895989
2026-09-02,TI6,-12.276548026418803
2026-09-02,TI7,-1.970940382308866
2026-09-02,TIE,-3.897429882918501
2026-09-02,TIL,0.31162575348665833
2026-09-02,TIP,1641.240036286219
2026-09-02,TIV,26.32349832842282
2026-09-02,TJB,0.0
2026-09-02,TJF,-1.3927920261008118
2026-09-02,TJI,-1.6630377968533339
2026-09-02,TJL,-0.000548905832768951
2026-09-02,TJT,-2.522828008276554
2026-09-02,TKF,-1.3869448250894711
2026-09-02,TKH,-0.008214400573030408
2026-09-02,TKK,-1.7457523746535637
2026-09-02,TKM,2.7623381713305952
2026-09-02,TLC,58.25855662593161
2026-09-02,TLE,-0.4216040279979057
2026-09-02,TLH,-2.3546012170936206
2026-09-02,TLK,6.263716578828092
2026-09-02,TLT,0.0
2026-09-02,TLU,0.0
2026-09-02,TLV,4.408472943487578
2026-09-02,TLY,-6.991229929958628
2026-09-02,TLZ,9.161613219584803
2026-09-02,TMC,19.635570780553522
2026-09-02,TMG,3.931648438139911
2026-09-02,TMM,42.06152779722762
2026-09-02,TMR,-1.1355243727142075
2026-09-02,TMS,-0.10231525206336556
2026-09-02,TMU,-3.185823849865526
2026-09-02,TMV,30.00816333292491
2026-09-02,TMZ,0.3950798910449668
2026-09-02,TNB,-6.936666574467119
2026-09-02,TND,-1.7120766152384195
2026-09-02,TNF,0.0
2026-09-02,TNH,14084.656620203992
2026-09-02,TNI,-2.9394011929171824
2026-09-02,TNK,12.912677169672268
2026-09-02,TNS,0.0
2026-09-02,TO8,1.9329278603576532
2026-09-02,TOK,1.0920186215873533
2026-09-02,TOT,-3.326220689427327
2026-09-02,TP1,0.0
2026-09-02,TP2,11.18196240493738
2026-09-02,TPC,-1.5319522167962167
2026-09-02,TPE,-2.7613896503148823
2026-09-02,TPF,-1.0621469551754925
2026-09-02,TPJ,-6.336629285132192
2026-09-02,TPL,-0.9145007869588073
2026-09-02,TPO,0.0
2026-09-02,TPP,-0.6705530021051441
2026-09-02,TPR,-85.1262030966287
2026-09-02,TPV,6.743202689183835
2026-09-02,TPZ,19.05255855784023
2026-09-02,TRJ,11.975166511505
2026-09-02,TRN,0.0
2026-09-02,TRO,-10.991949617371995
2026-09-02,TRR,-2.3211563421265105
2026-09-02,TRU,0.5950133680252016
2026-09-02,TSI,6.3112453225741065
2026-09-02,TSP,0.0
2026-09-02,TTA,-1.5264991791099503
2026-09-02,TTE,-0.08073227325629079
2026-09-02,TTL,-0.8318071015263924
2026-09-02,TTP,-0.11648904218691351
2026-09-02,TTS,0.0
2026-09-02,TTV,-5.583685353898295
2026-09-02,TTZ,0.0
2026-09-02,TUA,-2.9160284863413004
2026-09-02,TVE,-14.028767612834415
2026-09-02,TVN,12.667686001211484
2026-09-02,TYH,-7.360005450659409
2026-09-02,TZC,0.1215889025153078
2026-09-02,TZD,-1.5692976257685647
2026-09-02,TZH,0.0
2026-09-02,TZL,-3.7448197928279447
2026-09-02,TZP,-0.2388139322100482
2026-09-02,TZT,4.617022105083252
2026-09-02,TZV,30.508449746487265
2026-09-02,UAB,29.703658804803435
2026-09-02,UAP,0.0
2026-09-02,UCN,0.0060840100183358605
2026-09-02,UCP,-23.046167919971744
2026-09-02,UFH,0.0
2026-09-02,UHL,0.0
2026-09-02,UHS,0.0
2026-09-02,ULH,-1.586234501571247
2026-09-02,ULL,0.0
2026-09-02,UNT,41.01876650541906
2026-09-02,UP1,4.3520873058911
2026-09-02,UP2,9.832506689769225
2026-09-02,UPD,-3.683685278433553
2026-09-02,UPH,-61.35495201563943
2026-09-02,UPP,-5.9552581018984005
2026-09-02,UPS,0.0
2026-09-02,URA,-11.389046639992472
2026-09-02,URC,-3.006353421361919
2026-09-02,URD,0.9386256434464637
2026-09-02,URG,0.0
2026-09-02,URM,85.01131120049057
2026-09-02,URS,0.0
2026-09-02,URV,0.0
2026-09-02,USS,0.0
2026-09-02,UST,0.0
2026-09-02,USY,-9.29109957620005
2026-09-02,UYH,-3.708187860924958
2026-09-02,UZY,36.24770272610124
2026-09-02,VAY,20.021244987721502
2026-09-02,VCD,14.673577972128287
2026-09-02,VCG,-0.0803700931725325
2026-09-02,VCY,-7.289081679752031
2026-09-02,VFK,-0.8369631847134171
2026-09-02,VFO,553.3540294838131
2026-09-02,VFS,0.0
2026-09-02,VHS,15.126253285556453
2026-09-02,VK6,-9.722611460002888
2026-09-02,VKI,-80.9339516480442
2026-09-02,VKK,53.739420408466266
2026-09-02,VKR,-13.507170334496651
2026-09-02,VKT,20.796560663415445
2026-09-02,VKV,103.77294547398328
2026-09-02,VLT,10.009676329482238
2026-09-02,VMV,23.879995020834563
2026-09-02,VNK,3.482315037669196
2026-09-02,VPA,26.514419144492035
2026-09-02,VPP,12.049929373383721
2026-09-02,VPS,-25.987197258660938
2026-09-02,VRK,-10.232558241566208
2026-09-02,VTF,0.0
2026-09-02,VTL,31.017006704038437
2026-09-02,YA1,56.88181330121924
2026-09-02,YAC,-2.847682164457685
2026-09-02,YAE,-29.517249032236226
2026-09-02,YAK,-1.5304191007124603
2026-09-02,YAN,-1.5891284631917695
2026-09-02,YAR,0.0
2026-09-02,YAS,-2.784835531234051
2026-09-02,YAY,0.2353209038691094
2026-09-02,YBE,-0.8339973744210857
2026-09-02,YBH,-7.050554542262565
2026-09-02,YBJ,0.0
2026-09-02,YBP,-0.7178091445090911
2026-09-02,YBR,7.665918459580998
2026-09-02,YBS,-3.1753012766437756
2026-09-02,YCG,0.0
2026-09-02,YCH,-2.999632609998866
2026-09-02,YCK,0.49602225860631516
2026-09-02,YCL,-15.647316473234413
2026-09-02,YCP,1.6004513335954078
2026-09-02,YCY,36.0523376277045
2026-09-02,YDH,26.81326085823215
2026-09-02,YDI,-0.27950795987741384
2026-09-02,YDK,-0.3551597062092588
2026-09-02,YDL,0.0
2026-09-02,YDM,0.0
2026-09-02,YDP,3.2710100252883003
2026-09-02,YDZ,-1.12551390735896
2026-09-02,YEF,7.5658561975172445
2026-09-02,YFV,2.9799208611292265
2026-09-02,YGM,-3.581690453384762
2026-09-02,YHB,-3.73053399514264
2026-09-02,YHI,-3.9291729859483113
2026-09-02,YHK,-18.9787865953711
2026-09-02,YHP,-2.7242648072443445
2026-09-02,YHS,-5.489571533250509
2026-09-02,YHT,16.100200764222418
2026-09-02,YHY,0.0
2026-09-02,YHZ,13.913225928463078
2026-09-02,YIK,-47.83251719843605
2026-09-02,YIS,-14.546498018130455
2026-09-02,YIT,-5.004195653820586
2026-09-02,YIV,0.0
2026-09-02,YJA,0.0
2026-09-02,YJH,-4.120463832237309
2026-09-02,YJK,-1.3188847497357639
2026-09-02,YJU,0.0
2026-09-02,YJY,0.5564739369037227
2026-09-02,YKS,-0.7211254919279343
2026-09-02,YKT,-2.367987802325598
2026-09-02,YLB,14.669835684111293
2026-09-02,YLC,-15.326385422236582
2026-09-02,YLE,-24.494041405076185
2026-09-02,YLO,-3.489114991709346
2026-09-02,YLR,0.0
2026-09-02,YLY,-11.83056249765744
2026-09-02,YLZ,10.779055998458926
2026-09-02,YMD,0.7942389627791289
2026-09-02,YMH,-8.5771675908617
2026-09-02,YMP,47.18523023004706
2026-09-02,YNF,6734.568743569169
2026-09-02,YNK,1.1856409662696374
2026-09-02,YNL,0.0
2026-09-02,YOA,-0.5373350565991544
2026-09-02,YOS,-5.310333000287984
2026-09-02,YOT,3.606428186166053
2026-09-02,YOZ,6.495554326215168
2026-09-02,YP1,0.0
2026-09-02,YP2,0.0
2026-09-02,YP4,-1.3898781016861343
2026-09-02,YPC,-6.964692766273897
2026-09-02,YPD,0.0
2026-09-02,YPF,-3.433937531827289
2026-09-02,YPI,-2.3264542215063377
2026-09-02,YPK,-3.273478962685841
2026-09-02,YPL,-0.007183126176021306
2026-09-02,YPN,10.052036877597716
2026-09-02,YPP,0.0
2026-09-02,YPR,-2.969765757004851
2026-09-02,YPT,-2.9894857698294572
2026-09-02,YPU,10.70664428150327
2026-09-02,YPV,-1.4102519630038601
2026-09-02,YRZ,-0.21378145630011067
2026-09-02,YSA,20.2701485306678
2026-09-02,YSH,21.732350186164233
2026-09-02,YSL,-0.3951919126401218
2026-09-02,YSO,20.21974991316332
2026-09-02,YSU,0.256436666680745
2026-09-02,YTD,-0.5746719176564706
2026-09-02,YTJ,0.0
2026-09-02,YTO,0.0
2026-09-02,YTR,0.0
2026-09-02,YTV,-12.086592530926154
2026-09-02,YTY,6.719786105266152
2026-09-02,YUB,-4.070729637609787
2026-09-02,YUD,-1.4143094636510498
2026-09-02,YUI,0.0
2026-09-02,YUK,-0.010549603338671798
2026-09-02,YUN,3.654130713067738
2026-09-02,YUY,0.0
2026-09-02,YVB,17.306014627635285
2026-09-02,YVD,11.617903639295712
2026-09-02,YVF,0.0
2026-09-02,YVG,0.9584461497723415
2026-09-02,YVO,0.0
2026-09-02,YVS,0.0
2026-09-02,YZC,0.9275990511793843
2026-09-02,YZF,0.0
2026-09-02,YZG,-2.9264844171974906
2026-09-02,YZH,1.575143109382659
2026-09-02,YZK,-1.5455176515335347
2026-09-02,YZL,-4.453224115960549
2026-09-02,YZT,137.64038820958217
2026-09-02,ZA2,-15.963759852484472
2026-09-02,ZAD,20.129883759984438
2026-09-02,ZAV,-1.6043138151734688
2026-09-02,ZAY,-10.488228515682211
2026-09-02,ZBD,-0.39139421458339485
2026-09-02,ZBI,-7.8946556738490905
2026-09-02,ZBJ,29.20140707557507
2026-09-02,ZBN,-3.3913662875611696
2026-09-02,ZBO,0.015229735304800656
2026-09-02,ZBZ,0.0
2026-09-02,ZCA,0.0
2026-09-02,ZCB,-64.29966852752946
2026-09-02,ZCC,0.0
2026-09-02,ZCD,-1.3927278034992043
2026-09-02,ZCE,0.0
2026-09-02,ZCF,0.0
2026-09-02,ZCG,23.536958094927886
2026-09-02,ZCH,0.0
2026-09-02,ZCK,2.917479629531516
2026-09-02,ZCN,4.643498097313283
2026-09-02,ZDD,0.035444641421651095
2026-09-02,ZDK,0.0
2026-09-02,ZDZ,-1.327269054320968
2026-09-02,ZFB,-1.7342093547781694
2026-09-02,ZFZ,0.0
2026-09-02,ZHH,3.079877247593317
2026-09-02,ZIH,3578.329160366897
2026-09-02,ZJB,-3.71817789429322
2026-09-02,ZJH,0.0
2026-09-02,ZJI,-3.541485087570822
2026-09-02,ZJL,-1.612579494236266
2026-09-02,ZJT,0.0
2026-09-02,ZJV,0.01884075095904407
2026-09-02,ZK1,8.92842625478842
2026-09-02,ZK2,-34.07335235063481
2026-09-02,ZKK,0.0
2026-09-02,ZLB,-3.2745446898481854
2026-09-02,ZLG,0.0
2026-09-02,ZLH,-0.28492449060394615
2026-09-02,ZMT,2.7513959204929734
2026-09-02,ZMU,2.716860287356024
2026-09-02,ZMY,-0.04789886486530073
2026-09-02,ZNF,0.0
2026-09-02,ZOS,0.0
2026-09-02,ZP1,0.0
2026-09-02,ZP2,0.0
2026-09-02,ZP3,0.0
2026-09-02,ZP6,-12.62656588446135
2026-09-02,ZP7,-15.361488686337033
2026-09-02,ZP8,4.733537161107031
2026-09-02,ZP9,18.90910640789419
2026-09-02,ZPA,33.13604931222204
2026-09-02,ZPC,-0.2953637064705592
2026-09-02,ZPE,-0.24320362500906187
2026-09-02,ZPF,0.18735217432565732
2026-09-02,ZPG,-1.9750649432288832
2026-09-02,ZPH,37.88244004098747
2026-09-02,ZPJ,-6.739874173418572
2026-09-02,ZPK,15.367014947041694
2026-09-02,ZPN,-1.479709629123418
2026-09-02,ZPO,336.1576638008123
2026-09-02,ZPR,74.78969773024691
2026-09-02,ZR2,0.0
2026-09-02,ZR3,-0.005934875690303767
2026-09-02,ZSB,-25.74949480731646
2026-09-02,ZSF,-1.184098709297479
2026-09-02,ZSG,-0.6633342029464353
2026-09-02,ZSK,0.0
2026-09-02,ZSN,0.0
2026-09-02,ZTF,0.0
2026-09-02,ZTG,-9.888689024126787
2026-09-02,ZTV,10021.338331344914
2026-09-02,ZUD,0.0
2026-09-02,ZUE,0.0
2026-09-02,ZUS,-2.3614787726657096
2026-09-02,ZVB,-0.25042841113054065
2026-09-02,ZVO,-1.3704979893582785
2026-09-02,ZYC,0.0
2026-09-02,ZYD,0.0
2026-09-02,ZZL,0.0
2026-09-02,FDY,-2.200567040828485
2026-09-02,ZJR,0.0
2026-09-02,DKY,0.0
2026-09-02,FKH,-21.03063796531407
2026-09-08,AAL,-5.125467308429519
2026-09-08,AAS,2.6335284134152226
2026-09-08,AAV,-4.388127981618351
2026-09-08,ABG,-2.977670260970667
2026-09-08,ABJ,0.0
2026-09-08,ABU,0.0
2026-09-08,AC1,10.163551854770072
2026-09-08,AC2,214.65058196766864
2026-09-08,AC3,0.0
2026-09-08,AC4,-11.636280247927216
2026-09-08,AC5,1.859528839614706
2026-09-08,AC6,0.38086117847352624
2026-09-08,AC7,-1.8519053231410294
2026-09-08,AC8,-0.3855536859745589
2026-09-08,ACC,-36.11020884250172
2026-09-08,ACD,0.20213449765980165
2026-09-08,ACN,0.0
2026-09-08,ACU,-0.8479694681030914
2026-09-08,ADE,-4.650824508547718
2026-09-08,ADP,0.17617005733686109
2026-09-08,AED,4.352629176912632
2026-09-08,AES,-2.7513770999334244
2026-09-08,AEV,-4.901731290884058
2026-09-08,AFA,-1.423215512943301
2026-09-08,AFO,-1.657447318469543
2026-09-08,AFS,4.380973204413002
2026-09-08,AFT,-2.9683613523254078
2026-09-08,AFV,-6.16282875038078
2026-09-08,AGC,-16.05343267787071
2026-09-08,AHH,0.0
2026-09-08,AHI,-3.351767052674162
2026-09-08,AHN,12.916438602137175
2026-09-08,AHU,-29.183568358081846
2026-09-08,AHV,3.0073571660831466
2026-09-08,AHZ,82.51346269069032
2026-09-08,AI1,6.409138235027265e-05
2026-09-08,AIH,-1.4860093316153704
2026-09-08,AII,0.0
2026-09-08,AIM,0.0
2026-09-08,AIR,0.44299059035718436
2026-09-08,AIS,12.071216243611946
2026-09-08,AJ1,-8.3482173457016
2026-09-08,AJE,-6.505631431466273
2026-09-08,AJK,-2.0959655199737663
2026-09-08,AJL,-4.98787327218092
2026-09-08,AJN,-4.798553132457955
2026-09-08,AK2,43.96953395085885
2026-09-08,AK3,-0.05434739238337169
2026-09-08,AKE,-0.3864313834434491
2026-09-08,AKU,-3.0274937192047466
2026-09-08,AL4,0.0
2026-09-08,AL5,-3.952130584606054
2026-09-08,AL6,0.0
2026-09-08,AL7,-1.4670945621708726
2026-09-08,ALC,0.057151182372903
2026-09-08,ALE,3.1607189773324094
2026-09-08,AN1,-0.602043978532759
2026-09-08,ANL,1.8875995586771803
2026-09-08,ANZ,-1.7274591976574236
2026-09-08,AOJ,0.35784355770058807
2026-09-08,AOY,-6.918740662568728
2026-09-08,AP2,-3.0696920551111826
2026-09-08,AP4,0.0
2026-09-08,AP5,3.3254047454523983
2026-09-08,AP6,-1.8089533457693993e-05
2026-09-08,AP7,-26.31640528184689
2026-09-08,APJ,-4.116952263496701
2026-09-08,APP,0.0
2026-09-08,APT,49.364616687954594
2026-09-08,ARE,5.840681806447732
2026-09-08,ARF,0.0
2026-09-08,ARL,-1.227300220583318
2026-09-08,ARM,-5.403880547912758
2026-09-08,ARP,0.0
2026-09-08,AS1,-7.842582830571889
2026-09-08,AS3,0.0
2026-09-08,ASJ,-3.5535109997943994
2026-09-08,ATJ,0.0
2026-09-08,AU1,22.13305195261637
2026-09-08,AUV,-36.5451210013448
2026-09-08,AVC,0.0
2026-09-08,AVT,12.63374319557565
2026-09-08,AVZ,0.0
2026-09-08,AY6,0.0
2026-09-08,AY7,0.0
2026-09-08,AYA,-3.3046660279371842
2026-09-08,AYR,-1.5824437638252542
2026-09-08,AZF,0.0
2026-09-08,AZJ,33.38932905160642
2026-09-08,AZV,0.006404673317647982
2026-09-08,AZZ,-9.312203638941795e-05
2026-09-08,BA1,1.2591661582817026
2026-09-08,BAC,0.0
2026-09-08,BAG,1.1137956919536924
2026-09-08,BAI,51.01715881473764
2026-09-08,BAL,0.0
2026-09-08,BAO,0.0
2026-09-08,BAS,0.0
2026-09-08,BBF,-9.396324196055367
2026-09-08,BBI,0.0
2026-09-08,BBN,0.0
2026-09-08,BBO,-0.0035147481485105006
2026-09-08,BBP,-2.9013647770037028
2026-09-08,BBS,62.653983644595115
2026-09-08,BCC,0.0
2026-09-08,BCK,-9.838796202195107
2026-09-08,BCO,202.8750074160611
2026-09-08,BDA,6.621275485050038
2026-09-08,BDC,-3.043339991926976
2026-09-08,BDI,-1.8029683951459792e-09
2026-09-08,BDO,-30.075470601212956
2026-09-08,BDS,-20.268768501939334
2026-09-08,BDY,5.9572592073546815
2026-09-08,BFE,7.527815562093489
2026-09-08,BFO,30.998419365514827
2026-09-08,BFS,27.03547815014454
2026-09-08,BFT,-43.18974088738062
2026-09-08,BGH,0.0
2026-09-08,BGP,4.849743836691607
2026-09-08,BGR,3.2884560535864455
2026-09-08,BHA,0.49337926309062907
2026-09-08,BHE,4.1351673500760535
2026-09-08,BHF,-14.368983721502126
2026-09-08,BHH,-1.0067284113861698e-06
2026-09-08,BHI,9.029458092351685
2026-09-08,BHL,-2.9984651455045324
2026-09-08,BHN,-0.5702197225367864
2026-09-08,BHO,0.0
2026-09-08,BI5,-58.37622148879898
2026-09-08,BIA,0.7947792362986053
2026-09-08,BID,-0.38077904490867426
2026-09-08,BIG,-2.0236845423185086
2026-09-08,BIH,-0.006820998453980861
2026-09-08,BIK,0.012693120826863578
2026-09-08,BIO,-26.89684633794201
2026-09-08,BIP,0.576444689625925
2026-09-08,BIS,-0.2902471220584906
2026-09-08,BIY,0.24803406269506187
2026-09-08,BJD,3.0242057553363484
2026-09-08,BKO,-86.05840896006794
2026-09-08,BKY,24.26895428926699
2026-09-08,BLA,0.0
2026-09-08,BLD,-6.260114827912037
2026-09-08,BLT,11.998549800611901
2026-09-08,BMU,-55.22254371867784
2026-09-08,BNC,-9.709816504039972
2026-09-08,BNH,2.035267401983406
2026-09-08,BOH,0.0
2026-09-08,BOL,-8.306868712626837
2026-09-08,BON,-16.26790461517875
2026-09-08,BOP,4.8539432823801
2026-09-08,BOS,-2.144184836655057
2026-09-08,BP5,0.00016280365444447547
2026-09-08,BPD,8.81040892520477
2026-09-08,BPZ,89.28565728947339
2026-09-08,BRB,0.0
2026-09-08,BRC,-14.70214587185893
2026-09-08,BRF,3.4953265208712647
2026-09-08,BRG,8.145442105110344
2026-09-08,BRH,-5.575225710794916
2026-09-08,BRR,883.5894291380407
2026-09-08,BRT,-19.76773892204988
2026-09-08,BRZ,0.0
2026-09-08,BS1,4579.446317433376
2026-09-08,BSA,0.0
2026-09-08,BSC,-0.000210821782355286
2026-09-08,BSD,-0.27316376397987263
2026-09-08,BSE,-2.4406299329161734e-06
2026-09-08,BSF,0.0
2026-09-08,BSH,17.563183734556944
2026-09-08,BSM,-6.354443602509171
2026-09-08,BSN,0.0
2026-09-08,BST,-9.049687521603197
2026-09-08,BTE,-0.9932696603226712
2026-09-08,BTJ,-1.7724248931331308
2026-09-08,BTK,11.241130090392296
2026-09-08,BTP,-34.78261615220441
2026-09-08,BTY,0.0
2026-09-08,BTZ,-16.80614851595088
2026-09-08,BUB,-37.40257041746157
2026-09-08,BUC,-84.14795880945042
2026-09-08,BUP,0.0
2026-09-08,BUT,-20.847666897552696
2026-09-08,BUV,-26.157812542518883
2026-09-08,BUY,-5.35460634999213
2026-09-08,BV1,-0.6135122910748857
2026-09-08,BVB,0.0
2026-09-08,BVC,0.0
2026-09-08,BVD,-10.671955035455133
2026-09-08,BVF,17.384358180034226
2026-09-08,BVH,0.0
2026-09-08,BVI,-1.3466224253532215
2026-09-08,BVK,-49.84116191057575
2026-09-08,BVM,-6.142705793817199
2026-09-08,BVT,0.0
2026-09-08,BVV,0.03597677244382371
2026-09-08,BVZ,7.8392951878291735
2026-09-08,BYZ,-0.0024160540556646876
2026-09-08,CAH,-43.455033822602594
2026-09-08,CBD,1857.2144306939447
2026-09-08,CBN,0.0
2026-09-08,CBO,0.0
2026-09-08,CEY,0.0
2026-09-08,CFO,-10.962942817413134
2026-09-08,CGD,0.0
2026-09-08,CHY,-0.009431555757577106
2026-09-08,CIN,-2.528725920066854
2026-09-08,CJD,42861.77855056307
2026-09-08,CJF,-15.39695139299401
2026-09-08,CJG,0.0
2026-09-08,CJH,-3.873103270591026
2026-09-08,CKF,3.620632964558615
2026-09-08,CKL,5.646894622406231
2026-09-08,CKS,3.647984206505632
2026-09-08,COT,0.34108336824986557
2026-09-08,CPT,-12.89820374905926
2026-09-08,CPU,4.351833073125548
2026-09-08,CRL,0.0
2026-09-08,CSD,0.0
2026-09-08,CSH,-1.0290882184993067e-06
2026-09-08,CTF,0.0
2026-09-08,CTG,0.0
2026-09-08,CTM,0.0
2026-09-08,CTP,0.0
2026-09-08,CTV,0.0
2026-09-08,CVA,0.0
2026-09-08,CVB,0.0
2026-09-08,CVC,0.0
2026-09-08,CVD,0.0
2026-09-08,CVE,0.0
2026-09-08,CVF,0.0
2026-09-08,CVK,-0.6940615755836367
2026-09-08,CVL,362.41634292775086
2026-09-08,CYD,3.1716479651910086
2026-09-08,DA1,-58.19326500097193
2026-09-08,DAC,0.0
2026-09-08,DAE,0.0
2026-09-08,DAH,-1.390824956616216
2026-09-08,DAI,0.0
2026-09-08,DAL,0.7707624667650891
2026-09-08,DAP,2753.570521243943
2026-09-08,DAS,1.3952762651950714
2026-09-08,DAT,-18.22269927811041
2026-09-08,DAV,3.2925067754601267
2026-09-08,DAZ,0.0
2026-09-08,DB2,-4.3576621390896335
2026-09-08,DBA,-2.1385049643790457
2026-09-08,DBB,19.896221496593476
2026-09-08,DBG,0.1226521481828572
2026-09-08,DBH,-2.64560329127533
2026-09-08,DBK,5.867358956254754
2026-09-08,DBP,-0.26576193198602205
2026-09-08,DBZ,-5.689700459722483
2026-09-08,DCB,-2.753671529065098
2026-09-08,DCD,0.0
2026-09-08,DCE,0.0
2026-09-08,DCN,44.103063838003976
2026-09-08,DCP,-0.9001163519265684
2026-09-08,DCV,0.0
2026-09-08,DDA,38.19530692832575
2026-09-08,DDC,-13.451381915789135
2026-09-08,DDE,0.0
2026-09-08,DDF,-7.695623256924317
2026-09-08,DDP,0.0
2026-09-08,DEF,-1.2034362817061097
2026-09-08,DEH,163.73188571584828
2026-09-08,DEI,0.0
2026-09-08,DFC,-48.888596071923196
2026-09-08,DFD,0.005679333149028345
2026-09-08,DFI,-20.42837730330995
2026-09-08,DFO,0.24110653964092305
2026-09-08,DGF,453.6348322974277
2026-09-08,DGH,-14.330069601973808
2026-09-08,DHI,7.699403205005185
2026-09-08,DHJ,4.6797660128077085
2026-09-08,DHM,-9.36734610024675
2026-09-08,DHP,0.0
2026-09-08,DHS,0.0
2026-09-08,DHT,13.489113533459381
2026-09-08,DHV,-21.33445885414663
2026-09-08,DID,5.735942730261124
2026-09-08,DIH,0.0
2026-09-08,DIM,0.0
2026-09-08,DIP,-23.231324925669274
2026-09-08,DK1,2.2123340402673795
2026-09-08,DK8,-0.00010541740798983478
2026-09-08,DKA,0.0
2026-09-08,DKC,0.5285591758862754
2026-09-08,DKH,-2.7227464219951214
2026-09-08,DKL,3.8258425923410453
2026-09-08,DKP,-0.10486683126720607
2026-09-08,DKR,-65.6152202995386
2026-09-08,DKS,0.0
2026-09-08,DL2,-2.7279108109844756
2026-09-08,DLD,4.8439331695728765
2026-09-08,DLG,-1.8001218416662392
2026-09-08,DLN,17.047417575260408
2026-09-08,DLY,1.652882218596586
2026-09-08,DLZ,2.7322225584505264
2026-09-08,DMG,-1.5515596159117209
2026-09-08,DMI,209.39883869708504
2026-09-08,DMR,0.0
2026-09-08,DMV,0.0
2026-09-08,DMZ,0.0
2026-09-08,DNA,0.0
2026-09-08,DNF,638.5615323210504
2026-09-08,DNH,-9.226925816352576
2026-09-08,DNK,-0.37962768287865306
2026-09-08,DNL,0.0
2026-09-08,DNM,1.6726737997198748
2026-09-08,DNP,53.28523246142284
2026-09-08,DNU,0.0
2026-09-08,DOC,-6.774754468631209e-05
2026-09-08,DOD,-17.661377063023668
2026-09-08,DOH,3206.2976000609383
2026-09-08,DOL,6.327786281848939
2026-09-08,DOR,0.0
2026-09-08,DOS,0.0
2026-09-08,DOV,2.446450713363206
2026-09-08,DP1,0.0
2026-09-08,DP2,1.933319786222531
2026-09-08,DP3,-0.23484081223539496
2026-09-08,DP4,-0.8901418309989467
2026-09-08,DP5,0.0
2026-09-08,DP6,-0.024982757712810902
2026-09-08,DP7,0.0
2026-09-08,DP8,0.0
2026-09-08,DP9,0.0
2026-09-08,DPB,-29.851875820688218
2026-09-08,DPC,-0.8643373175238191
2026-09-08,DPE,0.0
2026-09-08,DPG,0.0
2026-09-08,DPI,-18.304855544202123
2026-09-08,DPK,-6.2389722539190045
2026-09-08,DPL,0.0
2026-09-08,DPN,0.0
2026-09-08,DPP,-74.06693939204696
2026-09-08,DPT,-4.8693129716039865
2026-09-08,DPZ,0.0
2026-09-08,DRA,-4.388465813376809
2026-09-08,DRD,-0.09688499583971771
2026-09-08,DRH,-4.585274254070839
2026-09-08,DRT,-27.739806182392478
2026-09-08,DSC,0.0
2026-09-08,DSD,-20.109455153491083
2026-09-08,DSH,61.113858246449595
2026-09-08,DSP,2.3552049450149926
2026-09-08,DSV,-59.64335710765499
2026-09-08,DTH,-0.5100989971542036
2026-09-08,DTL,-1.2326291178217712
2026-09-08,DTM,-4.600949543808004
2026-09-08,DTO,0.0
2026-09-08,DTP,0.0
2026-09-08,DTV,0.0
2026-09-08,DTZ,3.060570832532917
2026-09-08,DUC,0.0
2026-09-08,DUD,6.747166635664516
2026-09-08,DUH,-107.04818261195437
2026-09-08,DUT,-0.003005991497175697
2026-09-08,DUV,13.708982743846784
2026-09-08,DVC,0.0
2026-09-08,DVI,0.0
2026-09-08,DVN,0.0
2026-09-08,DVO,0.0
2026-09-08,DVS,22.553070009114347
2026-09-08,DVT,1.408517031144909
2026-09-08,DVU,-2.5029396448128507
2026-09-08,DVZ,0.0
2026-09-08,DXP,-6.808464464240367
2026-09-08,DYJ,-0.001472971692693329
2026-09-08,DYN,-1.471693704232073
2026-09-08,DYS,0.0
2026-09-08,DZ2,13.421135971833081
2026-09-08,DZE,-2.9200734971164715
2026-09-08,DZM,-15.862259005486559
2026-09-08,DZP,0.0
2026-09-08,DZS,-3.8226033062843534
2026-09-08,EBD,-3.459352913857657
2026-09-08,EBI,2.5715054845686915
2026-09-08,EBS,3.4018230784178627
2026-09-08,EC2,-3.906807267588193
2026-09-08,ECA,19.093242909353815
2026-09-08,ECB,5.5061655761332835
2026-09-08,ECV,2.2778358811316997
2026-09-08,EDD,19.86579160496609
2026-09-08,EDN,21.928547326689277
2026-09-08,EDP,77.0588359670621
2026-09-08,EDT,-3.5274767956438966
2026-09-08,EDU,-0.012941933788514088
2026-09-08,EES,0.18256872280529182
2026-09-08,EGP,0.0
2026-09-08,EGR,12.375337780252437
2026-09-08,EHS,0.0
2026-09-08,EIB,-1.0415762303115637
2026-09-08,EID,-0.9044469430813965
2026-09-08,EIL,-4.789613182030602
2026-09-08,EJG,0.0
2026-09-08,EKF,-16.46490574691205
2026-09-08,EKL,-19.769827365774216
2026-09-08,ELZ,-23.23243544283707
2026-09-08,EME,-0.05269240606262513
2026-09-08,EML,-1.7296306217282553
2026-09-08,ENA,43.312116094576716
2026-09-08,ENJ,12.756058982123875
2026-09-08,ENO,6.154005147999751
2026-09-08,ENR,53.01463246949427
2026-09-08,ENS,4.602180161545143
2026-09-08,EP1,24.274590934356414
2026-09-08,EPA,1.25197829597764
2026-09-08,EPI,0.4768186578412082
2026-09-08,EPK,-6.85958740826895
2026-09-08,EPO,0.0
2026-09-08,EPP,-6.807981294543378
2026-09-08,EPT,-2.2962788844227173
2026-09-08,ESG,-0.2674921985094547
2026-09-08,ESN,0.0
2026-09-08,ESP,-4.2222492380070875
2026-09-08,ETN,10.03948472373787
2026-09-08,EUN,-2.2571474267285314
2026-09-08,EUZ,2.5258309970690878
2026-09-08,EVM,33.13900397820612
2026-09-08,EYT,-5.015829719983048
2026-09-08,EZM,0.0
2026-09-08,FAK,-14.512252273955239
2026-09-08,FAL,-1.6360407374549024
2026-09-08,FBC,-7.111468215344935
2026-09-08,FBI,14.893259182234827
2026-09-08,FBN,981.0050061205237
2026-09-08,FBV,-0.1530593293302748
2026-09-08,FBZ,7.56192757598744
2026-09-08,FCK,-1.1526107923871807
2026-09-08,FCS,-16.847005473214395
2026-09-08,FD1,-6.686363853892885
2026-09-08,FDE,0.0
2026-09-08,FDG,-34.78679567420965
2026-09-08,FDO,0.0
2026-09-08,FDV,0.0
2026-09-08,FDZ,0.0
2026-09-08,FFD,73.40425620517456
2026-09-08,FFF,0.0
2026-09-08,FFH,2.5485811581209448
2026-09-08,FFO,0.0
2026-09-08,FFP,-14.413844879067755
2026-09-08,FHI,14.514155662654673
2026-09-08,FHP,-3.832846109030321
2026-09-08,FHZ,0.0
2026-09-08,FI3,13.320423987837538
2026-09-08,FI5,8.94005602550656
2026-09-08,FIB,-0.735056554063622
2026-09-08,FID,-4.611047210889881
2026-09-08,FIL,8.896927334349709
2026-09-08,FIT,32.26930426751902
2026-09-08,FJB,-0.9770258856691953
2026-09-08,FJC,0.0
2026-09-08,FJM,-6.791599351974526
2026-09-08,FJN,-2.806062858496453
2026-09-08,FJZ,-0.5193367043251805
2026-09-08,FKE,-0.4491758636997823
2026-09-08,FKV,0.0
2026-09-08,FLS,9.730567279999903
2026-09-08,FLY,12.646112585275713
2026-09-08,FMG,0.474131753956382
2026-09-08,FMS,0.0
2026-09-08,FMV,0.052974914676118916
2026-09-08,FNO,-1.5766213831919877
2026-09-08,FNT,-10.960614354617364
2026-09-08,FP4,-1.9848366678826053
2026-09-08,FPE,-0.5535590651462203
2026-09-08,FPG,-5.543034785913451
2026-09-08,FPH,-2.3461314704506377
2026-09-08,FPI,-2.4412481764035854
2026-09-08,FPK,-7.9479778669480865
2026-09-08,FPR,7.712091584094195
2026-09-08,FPZ,-0.8288634146248025
2026-09-08,FR1,0.0
2026-09-08,FRA,0.0
2026-09-08,FRC,-15.357104567708468
2026-09-08,FRZ,0.0
2026-09-08,FS1,-6.976195618958301
2026-09-08,FS2,21.90929207196064
2026-09-08,FS3,0.0
2026-09-08,FS4,0.0
2026-09-08,FS5,415.5266720897062
2026-09-08,FS6,43.732433628907756
2026-09-08,FSF,2.247630643269206
2026-09-08,FSG,-5.794199314612277
2026-09-08,FSH,-2.4063658123813747
2026-09-08,FSK,-20.436878853163325
2026-09-08,FSM,0.038890809251536144
2026-09-08,FSP,18.402302475095325
2026-09-08,FSR,0.058979174848535626
2026-09-08,FSU,52.00482927025036
2026-09-08,FSV,-0.2105250718158772
2026-09-08,FTL,-32.04294292448997
2026-09-08,FTY,0.0
2026-09-08,FUA,-0.6445126652871681
2026-09-08,FUB,0.9273004877547939
2026-09-08,FUM,0.0
2026-09-08,FUN,181.28941449748558
2026-09-08,FUP,0.0
2026-09-08,FVL,-0.11500519893168895
2026-09-08,FYA,-2.109789653751716
2026-09-08,FYB,0.0
2026-09-08,FYD,-4.48692607894567
2026-09-08,FYF,0.002574895101033802
2026-09-08,FYG,0.0
2026-09-08,FYH,0.0
2026-09-08,FYI,47.162271825512484
2026-09-08,FYM,0.0
2026-09-08,FYO,6.345146805265169
2026-09-08,FYT,13.048457103378752
2026-09-08,FYZ,0.0
2026-09-08,FZJ,-2.3875778105449905
2026-09-08,FZP,-6.483454046559505
2026-09-08,GA1,4.852460256924405
2026-09-08,GAC,0.0
2026-09-08,GAE,-0.04477778197705407
2026-09-08,GAF,-3.3168772304242338
2026-09-08,GAG,-3.7710833186862933
2026-09-08,GAH,-4.302957863661843
2026-09-08,GAJ,0.0
2026-09-08,GAL,-40.60565125836103
2026-09-08,GAN,0.0
2026-09-08,GAS,0.6802255554667556
2026-09-08,GAU,0.0
2026-09-08,GAV,0.0
2026-09-08,GBC,-2.1274251330647957
2026-09-08,GBG,3.6412072107244295
2026-09-08,GBH,-1.0663347367913532
2026-09-08,GBJ,20.20745218533562
2026-09-08,GBL,-5.1431027505495965
2026-09-08,GBN,-0.07552730741988038
2026-09-08,GBP,0.0
2026-09-08,GBV,-12.459570359628422
2026-09-08,GBZ,8.810588775029018
2026-09-08,GCA,-0.14027710291757686
2026-09-08,GCC,0.0
2026-09-08,GCD,16.64323044333153
2026-09-08,GCI,0.0
2026-09-08,GCZ,0.0
2026-09-08,GDJ,0.0
2026-09-08,GDP,0.0
2026-09-08,GEC,12.124265022230475
2026-09-08,GEI,0.0
2026-09-08,GEZ,0.0
2026-09-08,GFB,0.0
2026-09-08,GFD,-2.9060177656382105
2026-09-08,GFI,0.0
2026-09-08,GFL,0.0
2026-09-08,GFN,0.0
2026-09-08,GFY,0.0
2026-09-08,GGA,0.0
2026-09-08,GGC,0.0
2026-09-08,GGD,0.0
2026-09-08,GGK,-2.5694013901195736
2026-09-08,GGM,0.0
2026-09-08,GGN,0.0
2026-09-08,GGP,0.0
2026-09-08,GGR,-0.21121296133038525
2026-09-08,GHS,-17.64292796518856
2026-09-08,GID,-17.731919237087013
2026-09-08,GIE,-3.922352164400622
2026-09-08,GIH,-19.89159945189601
2026-09-08,GJA,0.0
2026-09-08,GJB,-3.743743176294058
2026-09-08,GJD,-0.41447444083358
2026-09-08,GJE,0.0
2026-09-08,GJF,-0.443348986114959
2026-09-08,GJH,53.451253449717875
2026-09-08,GJM,-0.24977616257349364
2026-09-08,GJO,0.0
2026-09-08,GKF,0.7887352310796649
2026-09-08,GKG,-2.662269362843116
2026-09-08,GKH,6.011750396768904
2026-09-08,GKK,0.0
2026-09-08,GKL,0.0
2026-09-08,GKM,0.0
2026-09-08,GKV,2.5922638854154467
2026-09-08,GL1,8.273041555214014
2026-09-08,GLC,0.8489739931084613
2026-09-08,GLG,-18.45804987351976
2026-09-08,GLL,2.213412803213901
2026-09-08,GLM,0.0
2026-09-08,GLP,0.0
2026-09-08,GLS,-2.3288834742300035
2026-09-08,GLV,0.07749469659543293
2026-09-08,GMA,6.3120508138149125
2026-09-08,GMC,-2.9761674222265087
2026-09-08,GMD,390.87659723147266
2026-09-08,GME,0.0
2026-09-08,GMI,-4.683756660501609
2026-09-08,GMM,0.0
2026-09-08,GMN,0.02915362958149234
2026-09-08,GMO,-0.07542624736511162
2026-09-08,GMP,-1.809928289334882
2026-09-08,GMR,-10.55310038947372
2026-09-08,GMZ,-2.227126983540997
2026-09-08,GNH,7.373494981805123
2026-09-08,GNK,2.14179613804943
2026-09-08,GNL,-3.559896285445946
2026-09-08,GNP,61.531419863393786
2026-09-08,GNS,19.290156532666277
2026-09-08,GNZ,0.11977397303613864
2026-09-08,GO1,-1.8185480808475423
2026-09-08,GO3,-1.699136588268923
2026-09-08,GO4,-4.550306175188087
2026-09-08,GO6,-9.993077361060486
2026-09-08,GO9,-13.18724281003063
2026-09-08,GOF,8.94803048240357
2026-09-08,GOH,-4.038725424780374
2026-09-08,GOK,110.80109436628727
2026-09-08,GOL,-1.5727444868340004
2026-09-08,GOP,7.948410888919523
2026-09-08,GP1,0.0
2026-09-08,GP3,2.500540191033577
2026-09-08,GPA,4.252909199825138
2026-09-08,GPB,-0.7791397986038688
2026-09-08,GPC,-1.9561142401378893
2026-09-08,GPF,10.295638523802259
2026-09-08,GPG,2.7735131481742377
2026-09-08,GPH,0.0
2026-09-08,GPI,-1.108050716982065
2026-09-08,GPJ,0.0
2026-09-08,GPL,0.08996018179053614
2026-09-08,GPM,0.0
2026-09-08,GPN,9.312417737333734
2026-09-08,GPT,-9.051705769805194
2026-09-08,GPU,-0.8082690248129382
2026-09-08,GPV,-0.30376080146854445
2026-09-08,GPZ,125.2907254989622
2026-09-08,GRL,-33.90888344177017
2026-09-08,GRO,0.16780420302734428
2026-09-08,GRT,-4.722860432318508
2026-09-08,GSE,1.044263358913851
2026-09-08,GSG,0.0
2026-09-08,GSL,-53.330402582781275
2026-09-08,GSO,7888.125139567369
2026-09-08,GSP,0.3214292098349032
2026-09-08,GSR,0.0
2026-09-08,GTA,-0.6987239152516923
2026-09-08,GTF,-0.952370163190502
2026-09-08,GTH,-19.484247735035673
2026-09-08,GTK,0.0
2026-09-08,GTL,7.085670581326399
2026-09-08,GTM,-9.368907846382566
2026-09-08,GTN,0.0
2026-09-08,GTY,-2.2617271008638173
2026-09-08,GTZ,-3.7143255007397595
2026-09-08,GUA,0.0
2026-09-08,GUB,11.405640654403527
2026-09-08,GUC,-57.95803984408864
2026-09-08,GUF,10.952112180427564
2026-09-08,GUH,1.9742556752185823
2026-09-08,GUK,-0.46711696929745644
2026-09-08,GUM,-2.2097336380014694
2026-09-08,GUV,32.71753493134037
2026-09-08,GVA,-2.8739199269760167
2026-09-08,GVB,0.0
2026-09-08,GVC,0.0
2026-09-08,GVD,0.0
2026-09-08,GVI,-1.7011388398373617
2026-09-08,GVL,0.0
2026-09-08,GVZ,0.0
2026-09-08,GYC,0.0
2026-09-08,GYG,-0.8209016149795766
2026-09-08,GYK,2.4858840869525656
2026-09-08,GYL,51.058001653357486
2026-09-08,GYN,0.0
2026-09-08,GYR,-1.9593871600123338
2026-09-08,GZB,0.0
2026-09-08,GZD,0.0
2026-09-08,GZE,-3.1326932209393594
2026-09-08,GZG,-2.2965440132470696
2026-09-08,GZH,-7.017109201741309
2026-09-08,GZJ,-2.408840645351563
2026-09-08,GZL,0.3335740285078514
2026-09-08,GZM,20.764115935714187
2026-09-08,GZN,-1.7393347896021518
2026-09-08,GZO,0.0
2026-09-08,GZP,-0.49666522020614956
2026-09-08,GZR,-0.06381796453486761
2026-09-08,GZU,0.0
2026-09-08,GZV,-0.3317048341711199
2026-09-08,GZY,-11.675531948800362
2026-09-08,GZZ,-0.174411722395108
2026-09-08,HAE,-0.40565572249318177
2026-09-08,HAG,0.0
2026-09-08,HAI,31.105070866632296
2026-09-08,HAM,-0.5023529400904456
2026-09-08,HAR,146.02714867527604
2026-09-08,HAT,-26.530987317955017
2026-09-08,HB1,-2.993648106065975
2026-09-08,HB2,-3.8637057511858233
2026-09-08,HBF,-4.208506911322759
2026-09-08,HBJ,0.0
2026-09-08,HBN,-5.251018567563601
2026-09-08,HBU,3.711815163055896
2026-09-08,HBV,-1.6722341605651267e-06
2026-09-08,HCV,-5.032184839954729
2026-09-08,HDA,-7.053419220147977
2026-09-08,HDD,89.72698718959495
2026-09-08,HDE,0.9739654823934508
2026-09-08,HDH,-1.623512866819777e-05
2026-09-08,HDJ,0.0
2026-09-08,HDK,-0.6228477098301561
2026-09-08,HDS,0.0
2026-09-08,HDV,1.0411974357994782
2026-09-08,HEH,-40.023912450348284
2026-09-08,HFA,0.0
2026-09-08,HFI,0.9063512006452784
2026-09-08,HFO,7.856267239718681
2026-09-08,HFR,-39.427932017458225
2026-09-08,HFV,-1.3101169297983466
2026-09-08,HFY,-84.72776948901203
2026-09-08,HGC,1.674532431170481
2026-09-08,HGH,-45.015941888067815
2026-09-08,HGJ,0.0
2026-09-08,HGM,-15.723998866817448
2026-09-08,HGR,-8.022825656968793
2026-09-08,HGT,0.0
2026-09-08,HGU,0.0
2026-09-08,HGV,-14.79933781459144
2026-09-08,HIA,1.7593152810331767
2026-09-08,HIF,1.1357463944130908
2026-09-08,HIH,-7.998346800986905
2026-09-08,HII,0.0
2026-09-08,HIM,-1.836000763891395
2026-09-08,HIP,1.6370480756093722
2026-09-08,HIS,0.0
2026-09-08,HIZ,-1.3934674369675337
2026-09-08,HJA,-10.609954625350897
2026-09-08,HJB,-22.261135431292015
2026-09-08,HKG,8.492503419896472
2026-09-08,HKH,-27.05442721000637
2026-09-08,HKJ,16.609298438804082
2026-09-08,HKM,-11.707148130038085
2026-09-08,HKP,-39.92046083711156
2026-09-08,HKR,-5.978538805210569
2026-09-08,HKV,5.125967062596938
2026-09-08,HLA,-25.48702577244605
2026-09-08,HLL,7.005844107548451
2026-09-08,HLR,12.922384772766552
2026-09-08,HMC,-0.060599634742869425
2026-09-08,HME,2.3420057795088436
2026-09-08,HMG,7.949119293703927
2026-09-08,HMK,-42.35359051059375
2026-09-08,HML,90.93401084818788
2026-09-08,HMS,-32.91472149178309
2026-09-08,HMT,0.0
2026-09-08,HMV,0.0
2026-09-08,HNS,0.18289520556682876
2026-09-08,HOA,-1.9367618420496118
2026-09-08,HOY,-2.1729189711640378
2026-09-08,HP3,90.27371522681044
2026-09-08,HPC,1.939574207639927
2026-09-08,HPD,-2.1551033167819664
2026-09-08,HPF,0.0
2026-09-08,HPH,-24.619496998818068
2026-09-08,HPI,0.0
2026-09-08,HPJ,-46.894787180719796
2026-09-08,HPL,0.0
2026-09-08,HPO,-5.591582515825346
2026-09-08,HPT,8.956236712717386
2026-09-08,HPV,-10.4409490622519
2026-09-08,HPZ,-0.010380522907340558
2026-09-08,HRZ,-31.88296099087873
2026-09-08,HSA,-0.8359617138888831
2026-09-08,HSL,-1.600496102975799
2026-09-08,HSP,0.7824432123069779
2026-09-08,HST,0.9306343225642302
2026-09-08,HTF,-4.468812663296969
2026-09-08,HTJ,64.86688292636646
2026-09-08,HTK,4.026215399188753
2026-09-08,HTS,11.61037026233837
2026-09-08,HTZ,0.0
2026-09-08,HUI,0.0
2026-09-08,HUS,0.0
2026-09-08,HVA,-4.447693005896074
2026-09-08,HVB,0.0
2026-09-08,HVC,-3.626020352342979e-05
2026-09-08,HVI,0.9088100181298806
2026-09-08,HVK,-22.23956754036606
2026-09-08,HVL,0.0
2026-09-08,HVN,0.0
2026-09-08,HVS,-2.7303267633759405
2026-09-08,HVT,11.99614887334218
2026-09-08,HVU,-6.9443778958665865
2026-09-08,HVV,0.0
2026-09-08,HVZ,-12.653599015426057
2026-09-08,HYK,0.5063102250704697
2026-09-08,HYP,0.01419061174368799
2026-09-08,HYU,-3.2208029228365658
2026-09-08,HYV,-2.883206916292731
2026-09-08,HYY,0.0
2026-09-08,HZV,0.0
2026-09-08,IAC,0.0
2026-09-08,IAE,8.813923856256604
2026-09-08,IAI,0.0
2026-09-08,IAJ,0.0
2026-09-08,IAM,-15.515135952626643
2026-09-08,IAR,-4.951846016833848
2026-09-08,IAS,0.0
2026-09-08,IAT,3.426285341827271
2026-09-08,IAU,-9.116560446823835
2026-09-08,IAY,-7.3850664259988195
2026-09-08,IBB,-7.187559911752289
2026-09-08,IBC,0.0
2026-09-08,IBE,0.0
2026-09-08,IBG,0.0
2026-09-08,IBJ,0.0
2026-09-08,IBK,-0.6817771304278938
2026-09-08,IBM,-1.9066021862673614
2026-09-08,IBP,0.0
2026-09-08,IBR,8.595085023895532
2026-09-08,ICA,-4.444752624094361
2026-09-08,ICC,-8.215005905289551
2026-09-08,ICD,-18.645815456397063
2026-09-08,ICE,19.155868866854757
2026-09-08,ICF,26.363182126089807
2026-09-08,ICG,0.0
2026-09-08,ICH,148.18489916387912
2026-09-08,ICN,132.88997200908426
2026-09-08,ICS,-16.64164365049009
2026-09-08,ICV,-13.456253898951434
2026-09-08,ICZ,1.992677016993511
2026-09-08,IDD,0.015708776362778308
2026-09-08,IDF,-4.046419677292806
2026-09-08,IDH,-6.083327562549545
2026-09-08,IDI,199.1189386512039
2026-09-08,IDL,1.2419543578915753
2026-09-08,IDO,3.031293112235894
2026-09-08,IDP,0.0
2026-09-08,IDV,-0.9036917817521651
2026-09-08,IDY,-11.508415118412648
2026-09-08,IED,-5.814846413633879
2026-09-08,IEN,-24.823883062328512
2026-09-08,IEV,40.84027797993085
2026-09-08,IEZ,0.0
2026-09-08,IFD,0.0
2026-09-08,IFN,-11.27728782667911
2026-09-08,IFV,63.8982234582907
2026-09-08,IFY,0.0
2026-09-08,IGF,0.0
2026-09-08,IGL,1.0738488056937674
2026-09-08,IGM,1.5226354245818328
2026-09-08,IGZ,-67.91228759918148
2026-09-08,IH1,1.107432436855476
2026-09-08,IHA,-10.325063503415217
2026-09-08,IHC,10.982435086709806
2026-09-08,IHK,-8.43879178530709
2026-09-08,IHP,-5.960895230905583
2026-09-08,IHT,-4.259526945765551
2026-09-08,IHV,0.009104110850891682
2026-09-08,IHY,0.0
2026-09-08,IHZ,-39.28190698391582
2026-09-08,IIA,0.0
2026-09-08,IIC,0.0
2026-09-08,IIE,-8.47794294128791
2026-09-08,IIF,142.85273843673977
2026-09-08,IIH,-5.032291904137984
2026-09-08,IIN,27.093436449602294
2026-09-08,IIS,-6.295866234272805
2026-09-08,IJA,-11.098705811232737
2026-09-08,IJB,9.385553757337897
2026-09-08,IJC,-13.906382283181443
2026-09-08,IJE,-9.222146248669498
2026-09-08,IJF,0.0
2026-09-08,IJH,-31.908620509126024
2026-09-08,IJI,27.69837281309386
2026-09-08,IJK,-0.8335270319835416
2026-09-08,IJL,0.0
2026-09-08,IJP,-3.891060108237139
2026-09-08,IJT,81.55748675864696
2026-09-08,IJV,14.655410174662057
2026-09-08,IJZ,3.0412186587191394
2026-09-08,IK2,0.0
2026-09-08,IKL,0.11866746285407447
2026-09-08,IKP,-5.698133879129486
2026-09-08,IKV,-18.863698715477938
2026-09-08,ILC,0.0
2026-09-08,ILE,0.0
2026-09-08,ILH,33.198382430940754
2026-09-08,ILI,7.659545500773189
2026-09-08,ILM,0.0
2026-09-08,ILP,0.0
2026-09-08,ILU,9.151643270752576
2026-09-08,ILZ,3.5639093989132724
2026-09-08,IMB,-5.6047772597347025
2026-09-08,IMF,0.0
2026-09-08,IMG,0.0
2026-09-08,IMH,0.0
2026-09-08,IML,-7.337078835176039
2026-09-08,IMO,0.0
2026-09-08,IMS,0.0
2026-09-08,IMT,0.0
2026-09-08,IMY,0.0
2026-09-08,IMZ,0.0
2026-09-08,INH,-2.6619385059214906
2026-09-08,INV,0.0
2026-09-08,INZ,0.0013906812159192826
2026-09-08,IOG,-3.3251090692455896
2026-09-08,IOH,0.7506662417372914
2026-09-08,IOJ,0.0
2026-09-08,IOL,0.0
2026-09-08,IOM,-5.271241552915138
2026-09-08,ION,0.0
2026-09-08,IOO,52.99382926966224
2026-09-08,IOP,-4.8800583901286965
2026-09-08,IOT,0.0
2026-09-08,IOV,0.0
2026-09-08,IPA,0.0
2026-09-08,IPB,-3.158572397962462
2026-09-08,IPC,0.0
2026-09-08,IPE,0.0
2026-09-08,IPF,0.0
2026-09-08,IPG,-1.438708547418605
2026-09-08,IPJ,-3.658199281912724
2026-09-08,IPK,0.0
2026-09-08,IPO,-9.416169142878694
2026-09-08,IPP,-5.826027773795857
2026-09-08,IPR,0.0
2026-09-08,IPU,0.0
2026-09-08,IPV,-0.5563851527343219
2026-09-08,IRB,10.710762127767783
2026-09-08,IRE,0.0
2026-09-08,IRF,-3.0971250523971166
2026-09-08,IRL,-0.30400302343199886
2026-09-08,IRO,-3.3481816034897616
2026-09-08,IRT,-2.0516248630390868
2026-09-08,IRV,43.44055141790686
2026-09-08,IRY,1.107968067460492
2026-09-08,ISR,0.0
2026-09-08,ISS,0.0
2026-09-08,IST,-2.074785706847119
2026-09-08,ITA,0.0
2026-09-08,ITC,-1.9571528930148407
2026-09-08,ITD,0.0
2026-09-08,ITJ,0.0
2026-09-08,ITL,0.0
2026-09-08,ITP,-2.5083150855874545
2026-09-08,ITR,0.0
2026-09-08,ITV,0.0
2026-09-08,ITZ,2.098503657250068
2026-09-08,IUA,-4.804609763211178
2026-09-08,IUB,0.0
2026-09-08,IUC,0.0
2026-09-08,IUF,0.7187669807767211
2026-09-08,IUH,-1.2111439148794185
2026-09-08,IUM,0.0
2026-09-08,IUN,0.0
2026-09-08,IUV,-1.6469122119355792
2026-09-08,IUZ,1.515752203326352
2026-09-08,IV2,0.0
2026-09-08,IV6,0.0
2026-09-08,IV7,0.0
2026-09-08,IV8,0.38233106697774055
2026-09-08,IVF,-56.23625908562545
2026-09-08,IVS,-4.155807814720867
2026-09-08,IVY,-2.3824598534543306
2026-09-08,IYB,-4.391745808832774
2026-09-08,IYP,0.046903081395802154
2026-09-08,IYR,-0.011279253160543923
2026-09-08,IYS,-0.003442075724275711
2026-09-08,IYV,-2.6377240519032514
2026-09-08,IZA,0.0
2026-09-08,IZB,69.45569147108431
2026-09-08,IZE,0.0
2026-09-08,IZL,0.0
2026-09-08,IZS,46.203381422218854
2026-09-08,IZV,0.0
2026-09-08,IZY,0.0
2026-09-08,JET,-0.9866507857913381
2026-09-08,JOT,0.0
2026-09-08,JUP,-0.10123920699090119
2026-09-08,KAC,-14.24276295542112
2026-09-08,KAN,1.0433372653363722
2026-09-08,KAV,-3.3308144429507283
2026-09-08,KBJ,-1.0294774182236726
2026-09-08,KBP,0.0
2026-09-08,KBZ,0.0
2026-09-08,KCL,3.1829497948583945
2026-09-08,KCR,19.622396600209782
2026-09-08,KCV,-1.3738357633889675
2026-09-08,KDE,11.957159427418564
2026-09-08,KDI,-28.652352494854483
2026-09-08,KDK,0.0
2026-09-08,KDL,-1.2579365258682096
2026-09-08,KDO,17.471875226917817
2026-09-08,KDS,-5.544343065150643
2026-09-08,KDT,-1.8447737228306973
2026-09-08,KDV,1.703680445069213
2026-09-08,KDZ,9.910411374142178
2026-09-08,KEI,0.0
2026-09-08,KEO,0.0
2026-09-08,KEU,10.144148635188909
2026-09-08,KFZ,0.0
2026-09-08,KGM,-3.145896616617357
2026-09-08,KH1,2.682790214091857
2026-09-08,KHA,78.46558870760752
2026-09-08,KHB,-15.723045331108827
2026-09-08,KHC,-56.820205989658746
2026-09-08,KHD,0.0
2026-09-08,KHF,0.0
2026-09-08,KHJ,-3.8512363247506425
2026-09-08,KHP,-26.876432410773532
2026-09-08,KHT,-9.490730890720375
2026-09-08,KHU,0.0
2026-09-08,KIA,-10.027787683611367
2026-09-08,KIB,2.7252485240010778
2026-09-08,KIE,80.79788227304924
2026-09-08,KIH,-0.022187287111196816
2026-09-08,KIK,-12.919708971511875
2026-09-08,KIS,-0.7387610590899945
2026-09-08,KJK,0.0
2026-09-08,KKB,0.0
2026-09-08,KKC,16.931078178722846
2026-09-08,KKE,0.0
2026-09-08,KKH,-2.3912087406169658
2026-09-08,KKL,2.46698640819483
2026-09-08,KKO,-0.015837850902107646
2026-09-08,KKP,0.15510244182947178
2026-09-08,KKT,-18.604639574992746
2026-09-08,KLH,-36.38547667392347
2026-09-08,KLI,80.01566345735604
2026-09-08,KLL,0.0
2026-09-08,KLM,0.0
2026-09-08,KLS,-62.942610015858605
2026-09-08,KLU,6.110304545743733
2026-09-08,KMA,0.0
2026-09-08,KME,3.577793610580071
2026-09-08,KMF,13.425154776181664
2026-09-08,KMN,4.609264366386651
2026-09-08,KMT,0.0
2026-09-08,KNC,0.0
2026-09-08,KNI,-5.725277402150421
2026-09-08,KNJ,57.011056906135806
2026-09-08,KNN,0.00016930809131079566
2026-09-08,KNP,-11.182423445469519
2026-09-08,KNS,0.0
2026-09-08,KNT,0.0
2026-09-08,KNV,0.0
2026-09-08,KNZ,0.0
2026-09-08,KO4,-0.16133441818747274
2026-09-08,KOB,6.031739048031582
2026-09-08,KOD,0.4250839812503797
2026-09-08,KOP,0.0
2026-09-08,KOT,-21.312107101038848
2026-09-08,KOZ,0.0
2026-09-08,KP3,-4.086784712991538
2026-09-08,KPA,5.491204067565092
2026-09-08,KPB,0.0
2026-09-08,KPC,3.748594972254566
2026-09-08,KPD,-14.22835030032981
2026-09-08,KPF,-85.95018301104403
2026-09-08,KPH,-2.7206982083407603
2026-09-08,KPI,34.15067888240513
2026-09-08,KPK,0.0
2026-09-08,KPM,0.0
2026-09-08,KPP,-4.194209876342464
2026-09-08,KPR,-16.522219096666753
2026-09-08,KPS,0.0
2026-09-08,KPU,0.07563365676239275
2026-09-08,KRC,-1.9092397346443584
2026-09-08,KRF,-13.552272041740265
2026-09-08,KRH,-0.0001586431071292577
2026-09-08,KRO,-1.732481591144637
2026-09-08,KRR,-0.25449308709692053
2026-09-08,KRS,-4.727267108474656
2026-09-08,KRT,6.927446096362436
2026-09-08,KRV,-0.09520374191709192
2026-09-08,KSA,20.507618877762663
2026-09-08,KSC,0.0
2026-09-08,KSK,-17.34747474993349
2026-09-08,KSL,-1.3329864019245001
2026-09-08,KSM,0.34400270631725816
2026-09-08,KSP,0.0
2026-09-08,KSR,1.5498934440359278
2026-09-08,KST,-1.8752724875565243
2026-09-08,KSV,35.38926205611223
2026-09-08,KSY,3.413535356838404
2026-09-08,KTE,-4.434272252618669
2026-09-08,KTI,7.467824467537261
2026-09-08,KTJ,-2.2332900277822363
2026-09-08,KTM,2.2590315930264766
2026-09-08,KTN,-11.434528118779946
2026-09-08,KTR,-0.07586074229236874
2026-09-08,KTS,4.34080932163601
2026-09-08,KTT,2.407518582223719
2026-09-08,KTU,0.0
2026-09-08,KTV,12.31521513077972
2026-09-08,KU3,2.3375988396396257
2026-09-08,KUA,-8.775897525110356
2026-09-08,KUB,-1.4080823129599518
2026-09-08,KUD,34.58512906410864
2026-09-08,KUP,0.6156590491047221
2026-09-08,KUT,-4.874009128943632
2026-09-08,KVA,0.0
2026-09-08,KVK,54.579454515586356
2026-09-08,KVR,-13.330377264240498
2026-09-08,KVS,-10.079026010665666
2026-09-08,KVT,8.58441580137106
2026-09-08,KYA,-7.476504918070718
2026-09-08,KYR,0.0
2026-09-08,KYS,0.0
2026-09-08,KZL,-2.3958250401288397
2026-09-08,KZO,0.0
2026-09-08,KZU,-3.918353605012631
2026-09-08,LAI,-39.45113162830946
2026-09-08,LET,0.0
2026-09-08,LFD,-97.8458260629964
2026-09-08,LGK,3.977672221415813
2026-09-08,LGO,0.0
2026-09-08,LHM,0.0
2026-09-08,LHP,-6.051203459168311
2026-09-08,LKF,37.45297690194117
2026-09-08,LKT,62.582072524376066
2026-09-08,LLA,-6.26323932396175
2026-09-08,LPH,13.738616578700707
2026-09-08,LRT,5.956095077396392
2026-09-08,LTC,-0.6438603350009138
2026-09-08,LTL,-85.41929969801654
2026-09-08,LTS,0.21567422267825756
2026-09-08,LZV,0.0
2026-09-08,MAC,-4.5411790598071
2026-09-08,MAD,6.07533436151982
2026-09-08,MAS,-0.28111211525211005
2026-09-08,MAV,0.0
2026-09-08,MBL,0.010270289707840666
2026-09-08,MBR,-5.312847514546407
2026-09-08,MCU,51.90124005409659
2026-09-08,MD1,15.121916063658682
2026-09-08,MD2,2.5853452478874037
2026-09-08,MDF,-3.0017590681982904
2026-09-08,MET,-2.114514895819709
2026-09-08,MGB,-19.52233740627598
2026-09-08,MGD,0.0
2026-09-08,MGE,2.7025541243377313
2026-09-08,MGH,0.5289355818949076
2026-09-08,MHF,-28.53415699240412
2026-09-08,MIK,0.0017507824726768998
2026-09-08,MJB,3.145780182083467
2026-09-08,MJE,7.077516408120362
2026-09-08,MJG,-3.4176775236118737
2026-09-08,MJH,0.13059231887861078
2026-09-08,MJK,-4.763601953991667
2026-09-08,MJL,7.428707453667845
2026-09-08,MKA,-6.664681871688584
2026-09-08,MKG,-7.034891184777392
2026-09-08,MKL,0.0
2026-09-08,MLS,0.0
2026-09-08,MLT,-12.079754894371167
2026-09-08,MMH,-2.211514401490728
2026-09-08,MOD,-0.801000834538518
2026-09-08,MOZ,2.9935676152637583
2026-09-08,MP2,0.0
2026-09-08,MP4,2.0498356624593215
2026-09-08,MPD,13.25226893340188
2026-09-08,MPE,32.57268066222809
2026-09-08,MPF,12.66371594783156
2026-09-08,MPI,-0.42704214791362577
2026-09-08,MPK,-14.009410835594302
2026-09-08,MPL,-13.910534242076004
2026-09-08,MPN,-1.2617482939286617
2026-09-08,MPP,-12.72932096728136
2026-09-08,MPS,-6.064125425949155
2026-09-08,MRI,10.886571296926787
2026-09-08,MSK,0.0
2026-09-08,MSO,0.0
2026-09-08,MSR,-4.285925107728511
2026-09-08,MT1,1.5792937046930553
2026-09-08,MT2,-17.064584929941347
2026-09-08,MT5,-0.006306913643066341
2026-09-08,MT6,105.95005682387544
2026-09-08,MT7,-0.04014632996152522
2026-09-08,MT8,-39.25339500383204
2026-09-08,MT9,100.45436900266411
2026-09-08,MTD,-1.5186592734479147
2026-09-08,MTE,-54.526932011519946
2026-09-08,MTF,-7.588632751413675
2026-09-08,MTG,72.4715563654049
2026-09-08,MTH,11.12728146221786
2026-09-08,MTI,0.0
2026-09-08,MTK,352.13571783060434
2026-09-08,MTL,1253.3723292809696
2026-09-08,MTS,-26.384548984439377
2026-09-08,MTU,-0.007521827382557419
2026-09-08,MTV,-1.4122054200534497
2026-09-08,MTX,-2.965253027314297
2026-09-08,MUL,27.21964155261862
2026-09-08,MUT,-7.560122743173863
2026-09-08,NAK,-0.6276990877213073
2026-09-08,NAL,-0.1993417423779942
2026-09-08,NAU,-16.03682098109153
2026-09-08,NAV,0.0
2026-09-08,NBE,-0.9264063854473622
2026-09-08,NBH,8.354537702579655
2026-09-08,NBO,0.9399046120129292
2026-09-08,NBZ,16.86333789385087
2026-09-08,NCS,7.098618348240077
2026-09-08,NCU,0.145394743236303
2026-09-08,NDL,0.0
2026-09-08,NDS,-8.287640607769896
2026-09-08,NES,0.0
2026-09-08,NFF,-10.11650797783977
2026-09-08,NFH,-2.576672659025952
2026-09-08,NFK,-8.132229161680462
2026-09-08,NHP,-3.3503911625413294
2026-09-08,NHT,0.0
2026-09-08,NHV,0.0
2026-09-08,NHY,-17.23882108889062
2026-09-08,NIG,-17.252866093404563
2026-09-08,NIS,-1.443582696922673
2026-09-08,NJF,-4.495231063757039
2026-09-08,NJG,0.0
2026-09-08,NJR,42.903665591957996
2026-09-08,NJY,-1.643159220956542
2026-09-08,NKA,0.09978896515144361
2026-09-08,NKC,-11.684491918033022
2026-09-08,NKH,-0.7130919988197995
2026-09-08,NKJ,0.0
2026-09-08,NKK,0.0010367664551305768
2026-09-08,NKL,7.443495732817358
2026-09-08,NKM,-6.632687750054394
2026-09-08,NKP,-4.925472624986669
2026-09-08,NKS,-1.8650640336760962
2026-09-08,NKT,21.95343771349896
2026-09-08,NKV,0.0
2026-09-08,NLC,0.0
2026-09-08,NLD,0.0
2026-09-08,NLE,-2.4418960750906837
2026-09-08,NLK,2.0173268252677894
2026-09-08,NLL,-0.018791145589249745
2026-09-08,NME,-2.5756926501728366
2026-09-08,NMG,0.0
2026-09-08,NMP,182271.81901604476
2026-09-08,NMU,-13.006198654204967
2026-09-08,NNF,-18.52251305723029
2026-09-08,NOA,0.0
2026-09-08,NOI,13.672832923603002
2026-09-08,NOV,0.0
2026-09-08,NP1,-3.829380290318819
2026-09-08,NPH,-28.182641310208933
2026-09-08,NPK,-0.002152312466301191
2026-09-08,NRC,-4.479450499854208
2026-09-08,NRG,-2.8139979280216205
2026-09-08,NRM,0.0
2026-09-08,NSA,-1.9282694599675534
2026-09-08,NSD,7.976796606671452
2026-09-08,NSH,24.443883161304424
2026-09-08,NSK,-71.80548053366523
2026-09-08,NSP,2.187546582390126
2026-09-08,NSS,0.0
2026-09-08,NST,-5.8207418584895585
2026-09-08,NSY,-1.3059277166010508
2026-09-08,NTB,-3.271829684133321e-05
2026-09-08,NTD,0.0
2026-09-08,NTF,-0.008662350968962423
2026-09-08,NTI,-28.48108566458149
2026-09-08,NTO,0.0
2026-09-08,NTS,0.0
2026-09-08,NUB,-4.9600117463549855
2026-09-08,NUG,-97.2351128481051
2026-09-08,NUH,-39.97033614648425
2026-09-08,NVB,-8.938508007473315
2026-09-08,NVC,41.41107242424289
2026-09-08,NVK,55.34186606793323
2026-09-08,NVP,0.0
2026-09-08,NVT,-1.9437023464292225
2026-09-08,NVZ,-0.23092057888521444
2026-09-08,NYH,0.0
2026-09-08,NZH,-1.9355768414367787
2026-09-08,NZT,18.441625034484176
2026-09-08,NZU,-5.104333757733389
2026-09-08,OAB,0.0
2026-09-08,OAO,4443.878832501491
2026-09-08,OBI,1.2161144848821819
2026-09-08,OBN,-3.554346255466741
2026-09-08,OBP,-0.10900055457121108
2026-09-08,OBR,-6.8523829061263895
2026-09-08,OCM,0.0
2026-09-08,OCN,0.0
2026-09-08,OCT,-1.900497960200155
2026-09-08,ODD,-0.0033983427138259423
2026-09-08,ODG,-4.612380915237552
2026-09-08,ODN,84.52228469525946
2026-09-08,ODP,0.33221751200045696
2026-09-08,ODS,0.06657576693297172
2026-09-08,ODV,-2.990726627093087
2026-09-08,OFA,-7.413367469684305
2026-09-08,OFB,0.0
2026-09-08,OFI,-0.6887764003965036
2026-09-08,OFK,-8.843104269384817
2026-09-08,OFO,0.0
2026-09-08,OFS,-0.6634243594850314
2026-09-08,OGD,-0.962484658346615
2026-09-08,OGF,4.365427365313197
2026-09-08,OGV,0.0
2026-09-08,OHB,-1.56439424996489
2026-09-08,OHI,-36.02124054185592
2026-09-08,OHK,7.91581096475827
2026-09-08,OIL,0.8334126660279748
2026-09-08,OIR,0.5333281790834926
2026-09-08,OIS,0.0
2026-09-08,OJB,-6.844668308161622
2026-09-08,OJH,-2.302063895139318
2026-09-08,OJK,-0.9722971577954617
2026-09-08,OJT,-2.6742267544734113
2026-09-08,OJU,-4.955100291643474
2026-09-08,OJY,-0.10168292818399939
2026-09-08,OKD,-5.7337887261047955
2026-09-08,OKF,0.0
2026-09-08,OKP,-13.767003026587249
2026-09-08,OKT,-6.227084163303461
2026-09-08,OLA,-0.37293063815404826
2026-09-08,OLD,-6.035190447633236
2026-09-08,OLE,1.2279161049158014
2026-09-08,OMB,0.0
2026-09-08,OMC,0.0
2026-09-08,OME,-0.4651054956051217
2026-09-08,OMG,-3.679628533424992
2026-09-08,OMT,-3.2912185896297497
2026-09-08,ONB,-5.345263565157095
2026-09-08,OND,-1.1773575557774432
2026-09-08,ONE,3.520433228141922
2026-09-08,ONF,-1.291325074776836
2026-09-08,ONK,-1.3525763839335878
2026-09-08,ONN,30.961540696663686
2026-09-08,ONS,1.8398783325762347
2026-09-08,ONT,0.0
2026-09-08,ONY,-0.7927857604938032
2026-09-08,OPB,0.31625453440456086
2026-09-08,OPD,0.006686090736744867
2026-09-08,OPF,0.5090090782977063
2026-09-08,OPH,0.11796178630344396
2026-09-08,OPI,-1.6949654366875762
2026-09-08,OPJ,55.79084962449856
2026-09-08,OPL,-8.533260349659002
2026-09-08,OPZ,0.0
2026-09-08,ORC,16.356902025995563
2026-09-08,ORI,0.10908003194010302
2026-09-08,OSD,1.1217742794831107
2026-09-08,OSF,-25.347613873872337
2026-09-08,OSH,0.0
2026-09-08,OSL,15.394377175829188
2026-09-08,OSN,-2.815617851737386
2026-09-08,OTE,0.0
2026-09-08,OTF,4.42088399036442
2026-09-08,OTJ,-3.878425681864787
2026-09-08,OTK,-2.4695181384743954
2026-09-08,OTM,0.1445334356647326
2026-09-08,OTZ,0.0
2026-09-08,OUB,-0.022896845536936574
2026-09-08,OUD,-1.3028301883816393
2026-09-08,OUN,-1.792573201975781
2026-09-08,OUR,0.0
2026-09-08,OUY,0.0
2026-09-08,OVD,7.16222450375049
2026-09-08,OVR,0.0
2026-09-08,OYL,-4.077772370830402
2026-09-08,OYS,-3.178844379755737
2026-09-08,OYT,5.590875592534235
2026-09-08,OZC,-73.03671298959513
2026-09-08,P1A,21.767787011427945
2026-09-08,PA2,60.550941054233355
2026-09-08,PAB,58.38453280692419
2026-09-08,PAC,0.0
2026-09-08,PAF,-5.749306148518932
2026-09-08,PAI,-6.69744733985781
2026-09-08,PAL,-6.976023879774641
2026-09-08,PAO,-79.46923891895432
2026-09-08,PAU,1.8597736422522038
2026-09-08,PBE,-18.021968161309488
2026-09-08,PBF,0.0
2026-09-08,PBH,0.0
2026-09-08,PBI,2.225317989379812
2026-09-08,PBK,-8.514962932990061
2026-09-08,PBN,-13.399891629868149
2026-09-08,PBR,-75.18112265221325
2026-09-08,PBS,0.0
2026-09-08,PBY,-0.05571965234474241
2026-09-08,PCE,-56.07451140129679
2026-09-08,PCH,-0.0008809456437755301
2026-09-08,PCN,0.0
2026-09-08,PCS,9.167165067671736
2026-09-08,PDC,0.053817504649387345
2026-09-08,PDD,-5.339180348909811
2026-09-08,PDE,-0.3394258049742243
2026-09-08,PDF,-1.6703525124475136
2026-09-08,PDG,-19.266166987813
2026-09-08,PDH,-0.3694462374959267
2026-09-08,PDR,0.0
2026-09-08,PDS,-0.000634305006805068
2026-09-08,PEA,0.13108958654879999
2026-09-08,PFO,-0.3903939276500339
2026-09-08,PFS,1.6992996809232892
2026-09-08,PGD,-10.534810804916702
2026-09-08,PGE,-0.0002532859035074772
2026-09-08,PGH,0.7896529803329256
2026-09-08,PGS,-3.8265633479315837
2026-09-08,PHB,-12.537189828541335
2026-09-08,PHE,-60.18704434557811
2026-09-08,PHF,0.0
2026-09-08,PHI,9.221494128829423
2026-09-08,PHK,-5.854789538406207
2026-09-08,PHN,3.2233065285193505
2026-09-08,PHS,-22.150297574324206
2026-09-08,PHY,-2.9578444058612896
2026-09-08,PID,-2.0215885881981004
2026-09-08,PIL,-13.316728702827993
2026-09-08,PIP,-78.0275825443611
2026-09-08,PIR,-8.693877746013902
2026-09-08,PIS,18.427117049875932
2026-09-08,PJL,1.4850341558759363
2026-09-08,PJP,-9.567658471158065
2026-09-08,PK1,-73.16101261813886
2026-09-08,PKD,13.047253945316841
2026-09-08,PKF,-2.0156439173296623
2026-09-08,PKH,4.094386892352167
2026-09-08,PKL,6.670949256309007
2026-09-08,PKM,0.35194060361645435
2026-09-08,PKN,-62.621296817356296
2026-09-08,PKP,41.39784524958875
2026-09-08,PKR,4.2886453604787
2026-09-08,PKT,1.3676246031791641
2026-09-08,PKU,-27.84725320386366
2026-09-08,PKV,8.591903080350576
2026-09-08,PKZ,-10.995296877594795
2026-09-08,PLA,-13.275275855349644
2026-09-08,PLR,6.279665479403218
2026-09-08,PLS,0.0
2026-09-08,PMG,0.0
2026-09-08,PMH,-88.1404600257615
2026-09-08,PMP,-21.249585783606374
2026-09-08,PNU,-28.877051230851023
2026-09-08,PO7,-43.427602769021654
2026-09-08,PO8,-18.781691463847096
2026-09-08,PO9,11.164039905528382
2026-09-08,POB,-0.008790410239673505
2026-09-08,POD,-7.50374751256601
2026-09-08,POF,4.806647121095435
2026-09-08,POH,0.0
2026-09-08,POI,-3.809634914901765e-07
2026-09-08,POS,-13.943378833933116
2026-09-08,POU,-4.212681223027792
2026-09-08,PP1,-7.526201062992886
2026-09-08,PPB,-1.1352043793448672
2026-09-08,PPD,-4.546560906882777
2026-09-08,PPE,-1.3701301066483866
2026-09-08,PPF,-40.03017565819349
2026-09-08,PPG,-10.787232893478352
2026-09-08,PPH,-9.689508274789988
2026-09-08,PPI,55.95993570639445
2026-09-08,PPJ,-10.152550130741306
2026-09-08,PPK,2.576757682798587
2026-09-08,PPM,-9.038295399622163
2026-09-08,PPN,2.5845674316566107
2026-09-08,PPO,-3.1447696398231445e-05
2026-09-08,PPP,-7.180131278429728
2026-09-08,PPS,-10.21896291430895
2026-09-08,PPT,-22.005513833558638
2026-09-08,PPU,-1.2257445497197642e-05
2026-09-08,PPV,73.19483545677514
2026-09-08,PPZ,-1.902495539941548
2026-09-08,PRD,-13.287756888396748
2026-09-08,PRF,0.0
2026-09-08,PRH,-2.718985433614544
2026-09-08,PRR,-2.1358672889821353
2026-09-08,PRU,-5.2945195469892
2026-09-08,PRV,13.002598177155154
2026-09-08,PRY,-38.77457034435551
2026-09-08,PSD,0.0
2026-09-08,PSE,-10.04535623993795
2026-09-08,PSG,-14.600470079494599
2026-09-08,PSH,-4.236493519042579
2026-09-08,PSL,-25.661020265316964
2026-09-08,PSO,0.0
2026-09-08,PSR,0.3266347806721688
2026-09-08,PSS,-22.49640480785125
2026-09-08,PST,-1.997123205266346e-05
2026-09-08,PTC,0.0
2026-09-08,PTE,2.812685840111476
2026-09-08,PTF,-3.2315953007342744
2026-09-08,PTG,0.0
2026-09-08,PTL,16.942396911183877
2026-09-08,PTN,52.56536854952418
2026-09-08,PTO,-48.239671436902896
2026-09-08,PTP,-11.52093837281382
2026-09-08,PTS,16.55737191143257
2026-09-08,PUA,0.0
2026-09-08,PUC,-44.699976839387304
2026-09-08,PUH,-7.592385997627354
2026-09-08,PUK,-45.21778639989779
2026-09-08,PUR,-0.3919901707189585
2026-09-08,PUT,0.0
2026-09-08,PUV,0.0
2026-09-08,PVK,-3.1061854340986943
2026-09-08,PYB,-23.431334900303142
2026-09-08,PYD,-0.0010204705483529814
2026-09-08,PYF,49.667415466098355
2026-09-08,PYH,7.150771206544388
2026-09-08,PYI,-20.203163681176733
2026-09-08,PYL,0.0
2026-09-08,PYR,-8.919638251905255
2026-09-08,PYS,-2.1340510907002503
2026-09-08,RAF,-0.29672024099173094
2026-09-08,RAI,0.0
2026-09-08,RAN,0.0
2026-09-08,RAV,-0.0036439024589328996
2026-09-08,RAY,0.0
2026-09-08,RBA,-1.5848868188886465
2026-09-08,RBB,-0.1988685483803488
2026-09-08,RBE,0.0
2026-09-08,RBF,23.360496677531895
2026-09-08,RBH,-3.5602794467554233
2026-09-08,RBI,-28.14788708843863
2026-09-08,RBK,-26.408799858120098
2026-09-08,RBL,-30.408688543453078
2026-09-08,RBN,-14.204429368284668
2026-09-08,RBP,-15.827488076153518
2026-09-08,RBR,20.230519589868507
2026-09-08,RBT,-6.462912964346708
2026-09-08,RBV,9.843487855569334
2026-09-08,RCL,0.0
2026-09-08,RCS,0.0
2026-09-08,RCV,7.5630666265994755
2026-09-08,RD1,-1.3344739361605586
2026-09-08,RDF,-4.9001524989981675
2026-09-08,RDH,0.0
2026-09-08,RDK,0.0
2026-09-08,RDS,0.0
2026-09-08,RDT,5.586711001944993
2026-09-08,RDZ,-0.0003576932214665926
2026-09-08,RE6,2493.813978628449
2026-09-08,RE7,0.0
2026-09-08,RE8,1.4610423545913624
2026-09-08,RFM,32.275373894900234
2026-09-08,RGD,-11.231125315270553
2026-09-08,RGH,-7.652149696745998
2026-09-08,RHD,0.0
2026-09-08,RHI,14.739657290316277
2026-09-08,RHS,-1.9616314053644253
2026-09-08,RIA,-35.4776991343199
2026-09-08,RIH,-31.320621194155752
2026-09-08,RIK,-24.451228220904692
2026-09-08,RJG,-15.928135319745149
2026-09-08,RKC,-4.407077158550305
2026-09-08,RKH,-2.9739916340288297
2026-09-08,RKL,0.0
2026-09-08,RKS,-1.2823469509741536
2026-09-08,RKV,-11.260716166855248
2026-09-08,RLH,22.425820174081807
2026-09-08,RO1,-2.9031931584485346
2026-09-08,ROD,0.004544558639641663
2026-09-08,ROF,-5.315012702826158
2026-09-08,ROY,0.0
2026-09-08,RPC,3.0972263956507784
2026-09-08,RPD,-7.218766274116514
2026-09-08,RPG,1.179292140298498
2026-09-08,RPI,6.3165508190680635
2026-09-08,RPK,0.0
2026-09-08,RPL,-2.6027133490710224
2026-09-08,RPM,18.65556752055673
2026-09-08,RPN,0.0
2026-09-08,RPO,0.0
2026-09-08,RPP,-1.4430113587329123
2026-09-08,RPS,-0.5414847197845704
2026-09-08,RPT,-0.07496142048937794
2026-09-08,RPU,0.0
2026-09-08,RPX,-1.499976221171096
2026-09-08,RRA,-58.646329606801594
2026-09-08,RRP,0.4739817838552876
2026-09-08,RS1,-6.907225546522213
2026-09-08,RSF,5.5172945659528025
2026-09-08,RSK,-23.997308764048903
2026-09-08,RSY,0.0
2026-09-08,RSZ,-1.0303187598001553
2026-09-08,RTA,0.0
2026-09-08,RTB,-9.034918970985828
2026-09-08,RTD,-22.591606478959477
2026-09-08,RTG,-4.043561879843935
2026-09-08,RTH,-30.307615645928752
2026-09-08,RTI,82.87690047793325
2026-09-08,RTP,-3.3057183668550545
2026-09-08,RUH,0.0
2026-09-08,RUT,-7.078508756947077
2026-09-08,RVI,0.0
2026-09-08,RVS,-1.509429645224076
2026-09-08,RYA,0.0
2026-09-08,RYB,0.0
2026-09-08,RYD,0.0
2026-09-08,RYF,4.910246040403689
2026-09-08,RYU,-0.10752426552415072
2026-09-08,RZR,0.0
2026-09-08,SAP,10.898166821028058
2026-09-08,SAR,0.0
2026-09-08,SAS,-4.002818734142875
2026-09-08,SAT,0.0
2026-09-08,SBH,-25.18919780664638
2026-09-08,SBI,0.0
2026-09-08,SBR,0.0
2026-09-08,SBS,0.0
2026-09-08,SCZ,-1.8241918718734886
2026-09-08,SD1,58.43375902252531
2026-09-08,SDA,-0.013516072413018372
2026-09-08,SEH,-0.0030688838522367145
2026-09-08,SER,-0.29341754785141716
2026-09-08,SFA,1.291108777874366
2026-09-08,SFS,0.6975099831094869
2026-09-08,SGK,0.20406900668589312
2026-09-08,SGT,-2.7480875965269664
2026-09-08,SHC,27.93660188007069
2026-09-08,SHE,3.146048776628887
2026-09-08,SHI,-4.355689590140686e-07
2026-09-08,SHU,234.2845003007336
2026-09-08,SIA,-100.43495739573653
2026-09-08,SIS,90.594697172105
2026-09-08,SJP,0.0
2026-09-08,SKL,-13.701950996404404
2026-09-08,SKO,-4.545654276070739
2026-09-08,SKS,0.0
2026-09-08,SKT,10.964579258709259
2026-09-08,SKZ,-4.461652507260218
2026-09-08,SLF,-2.712664153499852
2026-09-08,SLG,-2.5760865223330804
2026-09-08,SLR,0.0
2026-09-08,SLS,0.0053537540693683
2026-09-08,SMP,0.0
2026-09-08,SNY,-12.887183788814221
2026-09-08,SOS,81.25485657691192
2026-09-08,SPA,2.809216008207347
2026-09-08,SPD,0.0
2026-09-08,SPE,8.061057606798736
2026-09-08,SPN,11.167707440263449
2026-09-08,SPP,-17.88355549089192
2026-09-08,SPR,6.4882313774315525
2026-09-08,SPT,-3.5759036422945956
2026-09-08,SRA,-21.497799727780016
2026-09-08,SRE,0.0
2026-09-08,SRL,-79.84232052001158
2026-09-08,SRO,0.0
2026-09-08,SSD,0.0
2026-09-08,SSE,0.21798766683534493
2026-09-08,SSF,0.0
2026-09-08,SSK,1.31540598433721
2026-09-08,SSN,0.0
2026-09-08,SSO,0.0
2026-09-08,SSS,-7.562118701916827
2026-09-08,SST,0.0
2026-09-08,ST1,-3.0320613993474677
2026-09-08,STI,-0.49431393188085543
2026-09-08,STM,0.0
2026-09-08,STS,0.0
2026-09-08,STZ,-2.4412317290418977
2026-09-08,SUA,7.682472842006112
2026-09-08,SUB,-1.5822852770083433
2026-09-08,SUC,-4.403040373873319
2026-09-08,SUR,0.009121451222646416
2026-09-08,SVB,-10.290070139317145
2026-09-08,SVS,0.0
2026-09-08,SVY,0.022644101440062174
2026-09-08,SYF,0.0
2026-09-08,SYL,0.0
2026-09-08,SYR,0.0
2026-09-08,SYS,0.0
2026-09-08,T3B,33.30901683569837
2026-09-08,TAL,-0.75306473023978
2026-09-08,TAO,0.0
2026-09-08,TAR,1.1070958923130976
2026-09-08,TAU,1.5053575917479822
2026-09-08,TAZ,0.0
2026-09-08,TB9,0.6447814210974736
2026-09-08,TBP,-9.54016857655697
2026-09-08,TBT,38.22511979297168
2026-09-08,TBV,-5.091458243837578
2026-09-08,TCA,-1.2105892279231276
2026-09-08,TCB,-1.8872392656354213
2026-09-08,TCC,-7.333438924646929
2026-09-08,TCD,-2.182436444029503
2026-09-08,TCF,-7.324361826845252
2026-09-08,TCG,0.0
2026-09-08,TCH,0.6059214285486231
2026-09-08,TCI,0.0
2026-09-08,TCS,-0.17564198952693483
2026-09-08,TDG,0.5329129550459453
2026-09-08,TDP,0.0
2026-09-08,TE3,-2.8527920158773545
2026-09-08,TE4,5.87485286178692
2026-09-08,TEJ,2.7241286210732527
2026-09-08,TFE,1.196115328218525
2026-09-08,TFF,-4.35091827276605
2026-09-08,TFU,-59.162822143502055
2026-09-08,TGA,-2.896761859568327
2026-09-08,TGE,-7.84501828108287
2026-09-08,TGN,-5.031536019511329
2026-09-08,TGR,-4.647581390222746
2026-09-08,TGT,32.46677535632327
2026-09-08,TGV,0.018171155530092617
2026-09-08,TGZ,8.98654278034065e-05
2026-09-08,THD,-1.8226835503385865
2026-09-08,THF,4488.770691527048
2026-09-08,THG,-0.5443935923721588
2026-09-08,THH,0.0
2026-09-08,THO,0.0
2026-09-08,THS,0.0
2026-09-08,THT,0.7174006484647174
2026-09-08,THV,0.009419662450095224
2026-09-08,TI1,-0.37453343454571386
2026-09-08,TI2,-3.933290526273813
2026-09-08,TI3,-3.6177973535170134
2026-09-08,TI4,-7.868542213901235
2026-09-08,TI6,10.38114473937156
2026-09-08,TI7,-1.4022616975269881
2026-09-08,TIE,-0.3063423617327228
2026-09-08,TIL,-7.5846825285340795
2026-09-08,TIP,1682.1589888333829
2026-09-08,TIV,37.93318461036898
2026-09-08,TJB,0.0
2026-09-08,TJF,-1.2035228233814652
2026-09-08,TJI,-1.1945881471248718
2026-09-08,TJL,-0.0005501409052392957
2026-09-08,TJT,-1.5523903107558028
2026-09-08,TKF,-1.3013517020674583
2026-09-08,TKH,0.0
2026-09-08,TKK,-1.4921307610857204
2026-09-08,TKM,1.9079720321814917
2026-09-08,TLC,74.68017558027444
2026-09-08,TLE,-0.10419998262733315
2026-09-08,TLH,-2.47069453328894
2026-09-08,TLK,-2.6595663530277402
2026-09-08,TLT,0.0
2026-09-08,TLU,-18.50150378363965
2026-09-08,TLV,8.700785723044078
2026-09-08,TLY,-16.74444459702025
2026-09-08,TLZ,5.5822026278546
2026-09-08,TMC,-11.662208200535726
2026-09-08,TMG,2.9103134349857425
2026-09-08,TMM,61.63396413757878
2026-09-08,TMR,-1.118245815485632
2026-09-08,TMS,5.504304731716857
2026-09-08,TMU,-2.772376046987546
2026-09-08,TMV,16.018054111063194
2026-09-08,TMZ,1.4668786271531418
2026-09-08,TNB,-6.859489160949593
2026-09-08,TND,-1.0916465022797717
2026-09-08,TNF,0.0
2026-09-08,TNH,14356.69252716018
2026-09-08,TNI,2.365952805186547
2026-09-08,TNK,6.137120601421248
2026-09-08,TNS,0.0
2026-09-08,TO8,1.921695621585827
2026-09-08,TOK,0.5893289890774648
2026-09-08,TOT,-2.8991373566614693
2026-09-08,TP1,0.0
2026-09-08,TP2,17.828994968929614
2026-09-08,TPC,-5.542655285324706
2026-09-08,TPE,-3.436206227208285
2026-09-08,TPF,-0.9785382854483166
2026-09-08,TPJ,-5.341842350469857
2026-09-08,TPL,-0.7663792874445038
2026-09-08,TPO,0.0
2026-09-08,TPP,-0.7734453081634003
2026-09-08,TPR,0.09618779264197634
2026-09-08,TPV,0.014079905507736743
2026-09-08,TPZ,6.3287451830905965
2026-09-08,TRJ,8.541166065210822
2026-09-08,TRN,0.0
2026-09-08,TRO,-8.95732965434726
2026-09-08,TRR,-1.8666695514883938
2026-09-08,TRU,0.2699407215652418
2026-09-08,TSI,2.0816656078731857
2026-09-08,TSP,0.0
2026-09-08,TTA,-1.1748227481413762
2026-09-08,TTE,-1.8031523764864172
2026-09-08,TTL,-0.7336707492299234
2026-09-08,TTP,0.0
2026-09-08,TTS,0.0
2026-09-08,TTV,-5.5675638817204485
2026-09-08,TTZ,0.0
2026-09-08,TUA,-1.5748225965377782
2026-09-08,TVE,-23.76228133083308
2026-09-08,TVN,7.2239333654935525
2026-09-08,TYH,-4.318292057453784
2026-09-08,TZC,-0.1603515795583745
2026-09-08,TZD,-2.3627263377986796
2026-09-08,TZH,2.0507994231932
2026-09-08,TZL,-5.26506465872622
2026-09-08,TZP,-0.16957409367892548
2026-09-08,TZT,8.129120221767842
2026-09-08,TZV,22.982535386922105
2026-09-08,UAB,0.0
2026-09-08,UAP,0.0
2026-09-08,UCN,0.9383581140818636
2026-09-08,UCP,78.03666396681635
2026-09-08,UFH,0.0
2026-09-08,UHL,0.0
2026-09-08,UHS,0.0
2026-09-08,ULH,-1.4666976181524598
2026-09-08,ULL,0.0
2026-09-08,UNT,-75.89688041196858
2026-09-08,UP1,1.0905325402428037
2026-09-08,UP2,3.189601311876405
2026-09-08,UPD,-5.609006982402449
2026-09-08,UPH,-42.8400460489891
2026-09-08,UPP,-4.4666749195031485
2026-09-08,UPS,0.0
2026-09-08,URA,-11.529178467677651
2026-09-08,URC,-2.7880087632169928
2026-09-08,URD,0.9612958020956913
2026-09-08,URG,0.0
2026-09-08,URM,84.60912974158728
2026-09-08,URS,0.0
2026-09-08,URV,0.0
2026-09-08,USS,0.0
2026-09-08,UST,0.0
2026-09-08,USY,-7.42871066019082
2026-09-08,UYH,-3.6688390736317493
2026-09-08,UZY,27.98029131524788
2026-09-08,VAY,17.633884155640008
2026-09-08,VCD,-80.14481044063871
2026-09-08,VCG,-0.07978041575753744
2026-09-08,VCY,-7.68376805460648
2026-09-08,VFK,-0.3517096403006687
2026-09-08,VFO,476.54833413804676
2026-09-08,VFS,0.0
2026-09-08,VHK,235.32303379087386
2026-09-08,VHS,20.285679066307797
2026-09-08,VK6,-3.0551535927740474
2026-09-08,VKI,-50.99145075983756
2026-09-08,VKK,42.015823778245704
2026-09-08,VKR,-13.507170334496651
2026-09-08,VKT,26.16750044939134
2026-09-08,VKV,104.86994213219425
2026-09-08,VLT,25.108171160735747
2026-09-08,VMV,6.423260705741347
2026-09-08,VNK,-8.202778017852737
2026-09-08,VPA,22.812548463808973
2026-09-08,VPH,323.89549773088737
2026-09-08,VPP,10.587657876408274
2026-09-08,VPS,-29.549153064405214
2026-09-08,VRK,3.203114265290864
2026-09-08,VTF,0.0
2026-09-08,VTL,19.933457624692817
2026-09-08,YA1,90.02109366676204
2026-09-08,YAC,-2.3365218443857336
2026-09-08,YAE,5.47934162024512
2026-09-08,YAK,-1.3100532608148054
2026-09-08,YAN,-1.7448199389497872
2026-09-08,YAR,0.0
2026-09-08,YAS,-2.6195777222656624
2026-09-08,YAY,-0.02499489163363071
2026-09-08,YBE,-0.8795415938672557
2026-09-08,YBH,-6.3531685896092425
2026-09-08,YBJ,0.0
2026-09-08,YBP,-0.7103348811218194
2026-09-08,YBR,6.889589629752541
2026-09-08,YBS,3.0023793105347063
2026-09-08,YCG,0.0
2026-09-08,YCH,-2.8130196680012336
2026-09-08,YCK,0.019096260940063135
2026-09-08,YCL,-15.565491374153734
2026-09-08,YCP,0.42251518789224285
2026-09-08,YCY,38.70371829164915
2026-09-08,YDH,25.986156512221342
2026-09-08,YDI,-0.06509665699277117
2026-09-08,YDK,-0.334946990332441
2026-09-08,YDL,0.0
2026-09-08,YDM,0.0
2026-09-08,YDP,5.408913515566271
2026-09-08,YDZ,-1.5470080945434643
2026-09-08,YEF,10.768168572828403
2026-09-08,YFV,-0.07199263077571669
2026-09-08,YGM,-3.0030167305625186
2026-09-08,YHB,-3.6970512208118795
2026-09-08,YHI,-4.119586495145283
2026-09-08,YHK,-4.585204200297113
2026-09-08,YHP,-2.6852801191309417
2026-09-08,YHS,-6.837602376437032
2026-09-08,YHT,3.482945094157322
2026-09-08,YHY,0.0
2026-09-08,YHZ,11.069698739351198
2026-09-08,YIK,-86.07870817643261
2026-09-08,YIS,-14.436634454664338
2026-09-08,YIT,-11.309919830569077
2026-09-08,YIV,0.0
2026-09-08,YJA,0.0
2026-09-08,YJH,-5.089225561549903
2026-09-08,YJK,-1.863146233426257
2026-09-08,YJU,0.0
2026-09-08,YJY,1.5343361798883817
2026-09-08,YKS,16.0490917564001
2026-09-08,YKT,-1.9638628071948074
2026-09-08,YLB,6.203138477375236
2026-09-08,YLC,-10.708569367414501
2026-09-08,YLE,-22.416524657498464
2026-09-08,YLO,-3.4184993027094714
2026-09-08,YLR,0.0
2026-09-08,YLY,-12.202684623184187
2026-09-08,YLZ,-17.141274759052415
2026-09-08,YMD,-0.5882450397736015
2026-09-08,YMH,-8.451952009351789
2026-09-08,YMP,38.058517690223496
2026-09-08,YNF,5669.5413279695895
2026-09-08,YNK,1.0867771607887287
2026-09-08,YNL,0.0
2026-09-08,YOA,-0.5321951995738756
2026-09-08,YOS,-9.111970869997666
2026-09-08,YOT,6.81077128161814
2026-09-08,YOZ,6.307911856741563
2026-09-08,YP1,0.0
2026-09-08,YP2,0.0
2026-09-08,YP4,-0.8641667125816743
2026-09-08,YPC,-1.2189174323376926
2026-09-08,YPD,0.0
2026-09-08,YPF,0.45318415311439836
2026-09-08,YPI,-1.5317886543454138
2026-09-08,YPK,-2.601431564878672
2026-09-08,YPL,0.6388673049564053
2026-09-08,YPN,14.110807949253553
2026-09-08,YPP,0.0
2026-09-08,YPR,-2.6920076614880846
2026-09-08,YPT,1.32628815621718
2026-09-08,YPU,8.428126085271002
2026-09-08,YPV,-2.3919324849421613
2026-09-08,YRZ,-0.061174902507322534
2026-09-08,YSA,21.946031225477604
2026-09-08,YSH,16.815332923393367
2026-09-08,YSL,-1.1299186105253956
2026-09-08,YSO,37.17630599525426
2026-09-08,YSU,0.7604481025569223
2026-09-08,YTD,0.5399979084662627
2026-09-08,YTJ,0.0
2026-09-08,YTO,0.0
2026-09-08,YTR,0.0
2026-09-08,YTV,-7.7483856986107655
2026-09-08,YTY,7.09797533712184
2026-09-08,YUB,-2.1615562857335764
2026-09-08,YUD,-1.3978749426807244
2026-09-08,YUI,0.0
2026-09-08,YUK,0.0
2026-09-08,YUN,0.29705703848113374
2026-09-08,YUY,0.0
2026-09-08,YVB,21.236491096774913
2026-09-08,YVD,9.966687855509841
2026-09-08,YVF,0.0
2026-09-08,YVG,1.7538363354589703
2026-09-08,YVO,0.0
2026-09-08,YVS,0.0
2026-09-08,YZC,-1.1715865470039213
2026-09-08,YZF,0.0
2026-09-08,YZG,-3.0613289709895035
2026-09-08,YZH,1.26276967830152
2026-09-08,YZK,-9.163463116125426
2026-09-08,YZL,-2.928177176757107
2026-09-08,YZT,112.39120777545146
2026-09-08,ZA2,-44.870483145786
2026-09-08,ZAD,2.378679442562206
2026-09-08,ZAV,-0.950548614191418
2026-09-08,ZAY,-29.06438214217082
2026-09-08,ZBD,-0.23356926388723667
2026-09-08,ZBI,-5.882958678188512
2026-09-08,ZBJ,17.7367947411111
2026-09-08,ZBN,-3.368244886996427
2026-09-08,ZBO,-0.06246847865819845
2026-09-08,ZBZ,0.0
2026-09-08,ZCA,0.0
2026-09-08,ZCB,-63.985044145289585
2026-09-08,ZCC,0.0
2026-09-08,ZCD,-2.1355620334292422
2026-09-08,ZCE,0.0
2026-09-08,ZCF,0.0
2026-09-08,ZCG,20.549868794073618
2026-09-08,ZCH,0.0
2026-09-08,ZCK,3.941067027715789
2026-09-08,ZCN,2.4750312907123657
2026-09-08,ZDD,0.6026109399631313
2026-09-08,ZDK,0.0
2026-09-08,ZDZ,-0.9249152215654619
2026-09-08,ZFB,-1.7721699584522137
2026-09-08,ZFZ,0.0
2026-09-08,ZHH,5.988696003726784
2026-09-08,ZIH,3452.084113046207
2026-09-08,ZJB,-0.28559978443325934
2026-09-08,ZJH,0.0
2026-09-08,ZJI,-0.651397107329089
2026-09-08,ZJL,-2.970443021910883
2026-09-08,ZJT,0.0
2026-09-08,ZJV,-0.2599019388531309
2026-09-08,ZK1,-7.318447289874756
2026-09-08,ZK2,-33.88060178411571
2026-09-08,ZKK,0.0
2026-09-08,ZLB,-2.445652326836173
2026-09-08,ZLG,0.0
2026-09-08,ZLH,-1.4193740305974822
2026-09-08,ZMT,3.884214582358738
2026-09-08,ZMU,0.0
2026-09-08,ZMY,-0.3671990542418177
2026-09-08,ZNF,0.0
2026-09-08,ZOS,0.0
2026-09-08,ZP1,0.0
2026-09-08,ZP2,0.0
2026-09-08,ZP3,0.0
2026-09-08,ZP6,-13.360984779797317
2026-09-08,ZP7,0.0
2026-09-08,ZP8,4.677926806212157
2026-09-08,ZP9,19.951102105485056
2026-09-08,ZPA,6.967382021865272
2026-09-08,ZPC,-0.19878891100611734
2026-09-08,ZPE,0.374768754940574
2026-09-08,ZPF,-0.053589036677484096
2026-09-08,ZPG,-3.374987249073491
2026-09-08,ZPH,38.34817836737322
2026-09-08,ZPJ,-7.457225843235446
2026-09-08,ZPK,8.369636966618119
2026-09-08,ZPN,-1.4551644597018976
2026-09-08,ZPO,57.497143962214516
2026-09-08,ZPR,29.495989206582085
2026-09-08,ZR2,0.0
2026-09-08,ZR3,-0.06128254813454511
2026-09-08,ZSB,-28.92557943164773
2026-09-08,ZSF,0.9769477796402535
2026-09-08,ZSG,1.4756830794220017
2026-09-08,ZSK,0.0
2026-09-08,ZSN,0.0
2026-09-08,ZTF,0.0
2026-09-08,ZTG,19.83474526905076
2026-09-08,ZTV,9844.3550679683
2026-09-08,ZUD,0.0
2026-09-08,ZUE,38.543458910743325
2026-09-08,ZUS,-3.105865873702307
2026-09-08,ZVB,-0.25085930889264757
2026-09-08,ZVO,-0.1274001581495495
2026-09-08,ZYC,0.033689358504971706
2026-09-08,ZYD,0.0
2026-09-08,ZZL,0.0
2026-09-08,ZJR,0.0
2026-09-08,DKY,0.0
