tarih,fonKodu,toplam_skor
2026-08-31,AAL,7.2368421052631575
2026-08-31,AAS,60.34482758620689
2026-08-31,AAV,40.604026845637584
2026-08-31,ABG,79.93920972644378
2026-08-31,ABJ,
2026-08-31,ABU,39.30817610062893
2026-08-31,AC1,41.139240506329116
2026-08-31,AC2,95.74468085106383
2026-08-31,AC3,47.53039513677811
2026-08-31,AC4,77.63157894736841
2026-08-31,AC5,57.52279635258359
2026-08-31,AC6,56.15501519756839
2026-08-31,AC7,9.27051671732523
2026-08-31,AC8,65.88145896656535
2026-08-31,ACC,31.879194630872483
2026-08-31,ACD,65.72327044025158
2026-08-31,ACN,46.61854103343465
2026-08-31,ACU,31.99088145896657
2026-08-31,ADE,33.33333333333333
2026-08-31,ADP,55.033557046979865
2026-08-31,AED,81.76100628930817
2026-08-31,AES,10.344827586206897
2026-08-31,AEV,
2026-08-31,AFA,64.09395973154362
2026-08-31,AFO,59.589041095890416
2026-08-31,AFS,80.53691275167785
2026-08-31,AFT,50.33557046979866
2026-08-31,AFV,43.624161073825505
2026-08-31,AGC,7.232704402515724
2026-08-31,AHH,58.548632218844986
2026-08-31,AHI,57.38255033557047
2026-08-31,AHN,48.17629179331307
2026-08-31,AHU,35.44303797468354
2026-08-31,AHV,55.172413793103445
2026-08-31,AHZ,40.229885057471265
2026-08-31,AI1,57.44680851063829
2026-08-31,AIH,
2026-08-31,AII,
2026-08-31,AIM,
2026-08-31,AIR,
2026-08-31,AIS,50.98684210526316
2026-08-31,AJ1,22.56838905775076
2026-08-31,AJE,18.693009118541035
2026-08-31,AJK,55.547112462006076
2026-08-31,AJL,18.31306990881459
2026-08-31,AJN,18.2370820668693
2026-08-31,AK2,93.67088607594937
2026-08-31,AK3,87.58389261744966
2026-08-31,AKE,28.481012658227847
2026-08-31,AKU,61.74496644295303
2026-08-31,AL4,50.474683544303794
2026-08-31,AL5,22.468354430379748
2026-08-31,AL6,50.15822784810126
2026-08-31,AL7,61.07594936708861
2026-08-31,ALC,72.48322147651007
2026-08-31,ALE,33.55263157894737
2026-08-31,AN1,58.17610062893081
2026-08-31,ANL,67.43421052631578
2026-08-31,ANZ,29.25531914893617
2026-08-31,AOJ,59.194528875379945
2026-08-31,AOY,16.442953020134226
2026-08-31,AP2,58.054711246200604
2026-08-31,AP4,74.7340425531915
2026-08-31,AP5,
2026-08-31,AP6,32.19178082191781
2026-08-31,AP7,31.610942249240125
2026-08-31,APJ,56.32183908045977
2026-08-31,APP,
2026-08-31,APT,90.50632911392405
2026-08-31,ARE,81.20805369127518
2026-08-31,ARF,
2026-08-31,ARL,32.183908045977006
2026-08-31,ARM,13.2183908045977
2026-08-31,ARP,
2026-08-31,AS1,
2026-08-31,AS3,62.5
2026-08-31,ASJ,52.348993288590606
2026-08-31,ATJ,
2026-08-31,AU1,68.4931506849315
2026-08-31,AUV,29.48328267477204
2026-08-31,AVC,35.22036474164134
2026-08-31,AVT,60.12658227848102
2026-08-31,AVZ,
2026-08-31,AY6,68.65501519756839
2026-08-31,AY7,68.27507598784194
2026-08-31,AYA,42.281879194630875
2026-08-31,AYR,33.54430379746836
2026-08-31,AZF,
2026-08-31,AZJ,76.3677811550152
2026-08-31,AZV,
2026-08-31,AZZ,
2026-08-31,BA1,81.83890577507599
2026-08-31,BAC,41.41337386018237
2026-08-31,BAG,60.0
2026-08-31,BAI,73.97260273972603
2026-08-31,BAL,
2026-08-31,BAO,
2026-08-31,BAS,
2026-08-31,BBF,62.0253164556962
2026-08-31,BBI,
2026-08-31,BBN,35.52431610942249
2026-08-31,BBO,69.64285714285714
2026-08-31,BBP,39.24050632911393
2026-08-31,BBS,78.49544072948328
2026-08-31,BCC,
2026-08-31,BCK,44.9685534591195
2026-08-31,BCO,97.78481012658227
2026-08-31,BDA,70.25316455696202
2026-08-31,BDC,51.51975683890577
2026-08-31,BDI,71.88449848024315
2026-08-31,BDO,49.088145896656535
2026-08-31,BDS,5.033557046979865
2026-08-31,BDY,59.395973154362416
2026-08-31,BFE,60.34482758620689
2026-08-31,BFO,
2026-08-31,BFS,93.10344827586206
2026-08-31,BFT,41.61073825503356
2026-08-31,BGH,
2026-08-31,BGP,45.06578947368421
2026-08-31,BGR,59.060402684563755
2026-08-31,BHA,85.23489932885906
2026-08-31,BHE,63.06990881458967
2026-08-31,BHF,38.0503144654088
2026-08-31,BHH,72.3404255319149
2026-08-31,BHI,66.94528875379939
2026-08-31,BHL,61.55015197568389
2026-08-31,BHN,22.948328267477205
2026-08-31,BHO,
2026-08-31,BI5,33.09270516717325
2026-08-31,BIA,
2026-08-31,BID,59.060402684563755
2026-08-31,BIG,51.006711409395976
2026-08-31,BIH,59.73154362416108
2026-08-31,BIK,37.537993920972646
2026-08-31,BIO,22.483221476510067
2026-08-31,BIP,87.5
2026-08-31,BIS,38.221884498480236
2026-08-31,BIY,44.966442953020135
2026-08-31,BJD,14.209726443768997
2026-08-31,BKO,
2026-08-31,BKY,50.949367088607595
2026-08-31,BLA,32.180851063829785
2026-08-31,BLD,34.650455927051674
2026-08-31,BLT,69.17808219178083
2026-08-31,BMU,37.08206686930091
2026-08-31,BNC,41.94528875379939
2026-08-31,BNH,87.31003039513678
2026-08-31,BOH,34.08054711246201
2026-08-31,BOL,84.81012658227849
2026-08-31,BON,50.0
2026-08-31,BOP,65.04559270516718
2026-08-31,BOS,26.71232876712329
2026-08-31,BP5,6.306990881458966
2026-08-31,BPD,60.82826747720365
2026-08-31,BPZ,94.07894736842105
2026-08-31,BRB,6.534954407294833
2026-08-31,BRC,32.90273556231003
2026-08-31,BRF,47.12643678160919
2026-08-31,BRG,61.184210526315795
2026-08-31,BRH,59.72644376899696
2026-08-31,BRR,86.70886075949366
2026-08-31,BRT,18.84498480243161
2026-08-31,BRZ,
2026-08-31,BS1,96.50455927051672
2026-08-31,BSA,
2026-08-31,BSC,25.455927051671733
2026-08-31,BSD,58.7386018237082
2026-08-31,BSE,28.87537993920973
2026-08-31,BSF,
2026-08-31,BSH,
2026-08-31,BSM,45.440729483282674
2026-08-31,BSN,33.548632218844986
2026-08-31,BST,45.21276595744681
2026-08-31,BTE,48.42767295597484
2026-08-31,BTJ,41.109422492401215
2026-08-31,BTK,79.74683544303798
2026-08-31,BTP,51.973684210526315
2026-08-31,BTY,
2026-08-31,BTZ,
2026-08-31,BUB,45.97701149425287
2026-08-31,BUC,55.547112462006076
2026-08-31,BUP,
2026-08-31,BUT,
2026-08-31,BUV,37.61398176291793
2026-08-31,BUY,52.013422818791945
2026-08-31,BV1,87.58389261744966
2026-08-31,BVB,
2026-08-31,BVC,
2026-08-31,BVD,44.33962264150943
2026-08-31,BVF,63.15789473684211
2026-08-31,BVH,76.40577507598783
2026-08-31,BVI,58.662613981762924
2026-08-31,BVK,
2026-08-31,BVM,9.27051671732523
2026-08-31,BVT,67.74316109422492
2026-08-31,BVV,79.24528301886792
2026-08-31,BVZ,70.13677811550151
2026-08-31,BYZ,28.267477203647417
2026-08-31,CAH,7.142857142857143
2026-08-31,CBD,49.620060790273556
2026-08-31,CBN,
2026-08-31,CBO,
2026-08-31,CEY,
2026-08-31,CFO,27.302631578947366
2026-08-31,CGD,
2026-08-31,CHY,82.67477203647417
2026-08-31,CIN,46.20060790273557
2026-08-31,CJD,82.52279635258358
2026-08-31,CJF,
2026-08-31,CJG,
2026-08-31,CJH,37.993920972644375
2026-08-31,CKF,58.22784810126582
2026-08-31,CKL,77.35849056603774
2026-08-31,CKS,43.037974683544306
2026-08-31,COT,68.2370820668693
2026-08-31,CPT,20.12578616352201
2026-08-31,CPU,81.64556962025316
2026-08-31,CRL,
2026-08-31,CSD,
2026-08-31,CSH,26.671732522796354
2026-08-31,CTF,
2026-08-31,CTG,
2026-08-31,CTM,
2026-08-31,CTP,
2026-08-31,CTV,
2026-08-31,CVA,
2026-08-31,CVB,
2026-08-31,CVC,
2026-08-31,CVD,
2026-08-31,CVE,
2026-08-31,CVF,
2026-08-31,CVK,52.84810126582279
2026-08-31,CVL,99.36708860759492
2026-08-31,CYD,67.17325227963525
2026-08-31,DA1,
2026-08-31,DAC,
2026-08-31,DAE,
2026-08-31,DAH,54.69798657718121
2026-08-31,DAI,
2026-08-31,DAL,
2026-08-31,DAP,51.31578947368421
2026-08-31,DAS,24.848024316109424
2026-08-31,DAT,
2026-08-31,DAV,69.14893617021276
2026-08-31,DAZ,
2026-08-31,DB2,
2026-08-31,DBA,45.89041095890411
2026-08-31,DBB,46.83544303797468
2026-08-31,DBG,
2026-08-31,DBH,15.822784810126581
2026-08-31,DBK,46.835443037974684
2026-08-31,DBP,45.283018867924525
2026-08-31,DBZ,15.189873417721518
2026-08-31,DCB,50.32894736842105
2026-08-31,DCD,
2026-08-31,DCE,
2026-08-31,DCN,66.44736842105263
2026-08-31,DCP,
2026-08-31,DCV,31.0790273556231
2026-08-31,DDA,86.09422492401217
2026-08-31,DDC,10.94224924012158
2026-08-31,DDE,
2026-08-31,DDF,89.66565349544072
2026-08-31,DDP,
2026-08-31,DEF,52.05167173252279
2026-08-31,DEH,50.67114093959732
2026-08-31,DEI,
2026-08-31,DFC,5.660377358490566
2026-08-31,DFD,62.006079027355625
2026-08-31,DFI,50.83586626139818
2026-08-31,DFO,
2026-08-31,DGF,49.685534591194966
2026-08-31,DGH,68.75
2026-08-31,DHI,52.659574468085104
2026-08-31,DHJ,81.87919463087249
2026-08-31,DHM,21.264367816091955
2026-08-31,DHP,
2026-08-31,DHS,
2026-08-31,DHT,68.55345911949686
2026-08-31,DHV,53.57142857142857
2026-08-31,DID,47.79874213836478
2026-08-31,DIH,79.74924012158056
2026-08-31,DIM,
2026-08-31,DIP,49.01315789473684
2026-08-31,DK1,46.51898734177215
2026-08-31,DK8,55.16717325227964
2026-08-31,DKA,44.49088145896657
2026-08-31,DKC,69.52887537993922
2026-08-31,DKH,57.278481012658226
2026-08-31,DKL,30.379746835443036
2026-08-31,DKP,26.519756838905774
2026-08-31,DKR,27.811550151975688
2026-08-31,DKS,
2026-08-31,DL2,36.18421052631579
2026-08-31,DLD,57.04697986577182
2026-08-31,DLG,
2026-08-31,DLN,87.53799392097264
2026-08-31,DLY,28.618421052631582
2026-08-31,DLZ,59.04255319148936
2026-08-31,DMG,77.58620689655173
2026-08-31,DMI,
2026-08-31,DMR,
2026-08-31,DMV,
2026-08-31,DMZ,
2026-08-31,DNA,
2026-08-31,DNF,94.82758620689654
2026-08-31,DNH,47.03647416413374
2026-08-31,DNK,66.77215189873418
2026-08-31,DNL,
2026-08-31,DNM,76.74772036474164
2026-08-31,DNP,78.61842105263158
2026-08-31,DNU,39.62765957446808
2026-08-31,DOC,33.586626139817625
2026-08-31,DOD,31.231003039513677
2026-08-31,DOH,99.24012158054711
2026-08-31,DOL,56.99088145896657
2026-08-31,DOR,
2026-08-31,DOS,
2026-08-31,DOV,44.984802431610944
2026-08-31,DP1,
2026-08-31,DP2,59.118541033434646
2026-08-31,DP3,
2026-08-31,DP4,
2026-08-31,DP5,
2026-08-31,DP6,30.091185410334347
2026-08-31,DP7,
2026-08-31,DP8,37.328767123287676
2026-08-31,DP9,39.171732522796354
2026-08-31,DPB,29.10334346504559
2026-08-31,DPC,
2026-08-31,DPE,
2026-08-31,DPG,
2026-08-31,DPI,45.36474164133739
2026-08-31,DPK,37.0253164556962
2026-08-31,DPL,
2026-08-31,DPN,
2026-08-31,DPP,
2026-08-31,DPT,53.691275167785236
2026-08-31,DPZ,
2026-08-31,DRA,45.36474164133739
2026-08-31,DRD,51.975683890577514
2026-08-31,DRH,73.70820668693008
2026-08-31,DRT,71.38364779874215
2026-08-31,DSC,
2026-08-31,DSD,35.33434650455927
2026-08-31,DSH,77.20364741641338
2026-08-31,DSP,40.229885057471265
2026-08-31,DSV,16.261398176291795
2026-08-31,DTH,56.04026845637584
2026-08-31,DTL,45.97315436241611
2026-08-31,DTM,41.19496855345912
2026-08-31,DTO,32.52279635258359
2026-08-31,DTP,
2026-08-31,DTV,
2026-08-31,DTZ,77.98742138364781
2026-08-31,DUC,
2026-08-31,DUD,78.419452887538
2026-08-31,DUH,49.77203647416413
2026-08-31,DUT,38.14589665653495
2026-08-31,DUV,77.21518987341773
2026-08-31,DVC,
2026-08-31,DVI,
2026-08-31,DVN,
2026-08-31,DVO,
2026-08-31,DVS,75.15197568389058
2026-08-31,DVT,70.75471698113208
2026-08-31,DVU,
2026-08-31,DVZ,
2026-08-31,DXP,54.697986577181204
2026-08-31,DYJ,54.67325227963526
2026-08-31,DYN,35.84905660377358
2026-08-31,DYS,51.63373860182371
2026-08-31,DZ2,
2026-08-31,DZE,50.0
2026-08-31,DZM,30.471124620060788
2026-08-31,DZP,
2026-08-31,DZS,47.796352583586625
2026-08-31,EBD,22.0125786163522
2026-08-31,EBI,64.13373860182371
2026-08-31,EBS,55.3951367781155
2026-08-31,EC2,54.36241610738255
2026-08-31,ECA,85.84905660377359
2026-08-31,ECB,45.06578947368421
2026-08-31,ECV,48.734177215189874
2026-08-31,EDD,75.15723270440252
2026-08-31,EDN,69.18238993710692
2026-08-31,EDP,82.23684210526315
2026-08-31,EDT,35.56231003039514
2026-08-31,EDU,42.76729559748428
2026-08-31,EES,
2026-08-31,EGP,44.642857142857146
2026-08-31,EGR,83.9622641509434
2026-08-31,EHS,
2026-08-31,EIB,25.78616352201258
2026-08-31,EID,56.04026845637584
2026-08-31,EIL,49.01315789473684
2026-08-31,EJG,
2026-08-31,EKF,32.911392405063296
2026-08-31,EKL,8.223684210526315
2026-08-31,ELZ,37.025316455696206
2026-08-31,EME,27.0516717325228
2026-08-31,EML,27.9874213836478
2026-08-31,ENA,88.36477987421384
2026-08-31,ENJ,44.29530201342282
2026-08-31,ENO,53.79939209726444
2026-08-31,ENR,81.90789473684211
2026-08-31,ENS,72.95597484276729
2026-08-31,EP1,42.10526315789474
2026-08-31,EPA,32.23684210526316
2026-08-31,EPI,64.24050632911393
2026-08-31,EPK,52.73972602739727
2026-08-31,EPO,
2026-08-31,EPP,53.61842105263158
2026-08-31,EPT,75.98684210526315
2026-08-31,ESG,39.741641337386014
2026-08-31,ESN,65.919452887538
2026-08-31,ESP,16.109422492401215
2026-08-31,ETN,
2026-08-31,EUN,48.17629179331307
2026-08-31,EUZ,63.37386018237083
2026-08-31,EVM,87.73584905660377
2026-08-31,EYT,55.747126436781606
2026-08-31,EZM,
2026-08-31,FAK,16.438356164383563
2026-08-31,FAL,52.054794520547944
2026-08-31,FBC,50.949367088607595
2026-08-31,FBI,56.68693009118541
2026-08-31,FBN,72.34042553191489
2026-08-31,FBV,61.85410334346504
2026-08-31,FBZ,86.24620060790274
2026-08-31,FCK,52.53164556962025
2026-08-31,FCS,32.066869300911854
2026-08-31,FD1,43.71069182389937
2026-08-31,FDE,29.939209726443767
2026-08-31,FDG,2.830188679245283
2026-08-31,FDO,
2026-08-31,FDV,
2026-08-31,FDZ,35.068389057750764
2026-08-31,FFD,64.80263157894737
2026-08-31,FFF,
2026-08-31,FFH,48.10126582278481
2026-08-31,FFO,
2026-08-31,FFP,35.632183908045974
2026-08-31,FHI,32.598784194528875
2026-08-31,FHP,36.8421052631579
2026-08-31,FHZ,
2026-08-31,FI3,71.51898734177215
2026-08-31,FI5,50.65789473684211
2026-08-31,FIB,64.38356164383562
2026-08-31,FID,52.83018867924529
2026-08-31,FIL,48.026315789473685
2026-08-31,FIT,89.87341772151899
2026-08-31,FJB,57.82674772036474
2026-08-31,FJC,42.8951367781155
2026-08-31,FJM,18.693009118541035
2026-08-31,FJN,41.22340425531915
2026-08-31,FJZ,34.80243161094225
2026-08-31,FKE,63.981762917933125
2026-08-31,FKV,27.35562310030395
2026-08-31,FLS,75.98784194528875
2026-08-31,FLY,74.84276729559748
2026-08-31,FMG,70.06079027355624
2026-08-31,FMS,
2026-08-31,FMV,59.11854103343465
2026-08-31,FNO,51.886792452830186
2026-08-31,FNT,89.209726443769
2026-08-31,FP4,5.091185410334346
2026-08-31,FPE,25.949367088607595
2026-08-31,FPG,60.25835866261398
2026-08-31,FPH,67.4496644295302
2026-08-31,FPI,39.47368421052632
2026-08-31,FPK,25.31645569620253
2026-08-31,FPR,57.066869300911854
2026-08-31,FPZ,21.80851063829787
2026-08-31,FR1,32.256838905775076
2026-08-31,FRA,
2026-08-31,FRC,39.741641337386014
2026-08-31,FRZ,
2026-08-31,FS1,10.25835866261398
2026-08-31,FS2,89.89361702127658
2026-08-31,FS3,28.955696202531644
2026-08-31,FS4,30.357142857142858
2026-08-31,FS5,94.98480243161094
2026-08-31,FS6,84.87841945288753
2026-08-31,FSF,36.84210526315789
2026-08-31,FSG,51.443768996960486
2026-08-31,FSH,39.08045977011494
2026-08-31,FSK,75.0
2026-08-31,FSM,83.58662613981762
2026-08-31,FSP,
2026-08-31,FSR,31.534954407294833
2026-08-31,FSU,94.82758620689654
2026-08-31,FSV,41.869300911854104
2026-08-31,FTL,10.197368421052632
2026-08-31,FTY,31.382978723404253
2026-08-31,FUA,70.80536912751678
2026-08-31,FUB,44.30379746835443
2026-08-31,FUM,
2026-08-31,FUN,62.1580547112462
2026-08-31,FUP,
2026-08-31,FVL,49.468085106382986
2026-08-31,FYA,35.86626139817629
2026-08-31,FYB,
2026-08-31,FYD,57.382550335570464
2026-08-31,FYF,39.96960486322188
2026-08-31,FYG,
2026-08-31,FYH,55.3951367781155
2026-08-31,FYI,46.20060790273556
2026-08-31,FYM,49.27811550151976
2026-08-31,FYO,48.734177215189874
2026-08-31,FYT,43.037974683544306
2026-08-31,FYZ,
2026-08-31,FZJ,42.52873563218391
2026-08-31,FZP,37.31003039513678
2026-08-31,GA1,67.72151898734177
2026-08-31,GAC,
2026-08-31,GAE,56.375838926174495
2026-08-31,GAF,54.02684563758389
2026-08-31,GAG,54.55927051671732
2026-08-31,GAH,38.0503144654088
2026-08-31,GAJ,
2026-08-31,GAL,66.44736842105263
2026-08-31,GAN,71.08662613981764
2026-08-31,GAS,52.05167173252279
2026-08-31,GAU,
2026-08-31,GAV,
2026-08-31,GBC,65.1006711409396
2026-08-31,GBG,49.99999999999999
2026-08-31,GBH,59.650455927051674
2026-08-31,GBJ,85.1823708206687
2026-08-31,GBL,25.949367088607595
2026-08-31,GBN,45.8966565349544
2026-08-31,GBP,
2026-08-31,GBV,13.836477987421382
2026-08-31,GBZ,89.08045977011494
2026-08-31,GCA,
2026-08-31,GCC,
2026-08-31,GCD,94.52887537993921
2026-08-31,GCI,
2026-08-31,GCZ,
2026-08-31,GDJ,
2026-08-31,GDP,
2026-08-31,GEC,
2026-08-31,GEI,30.28115501519757
2026-08-31,GEZ,
2026-08-31,GFB,
2026-08-31,GFD,
2026-08-31,GFI,
2026-08-31,GFL,
2026-08-31,GFN,
2026-08-31,GFY,
2026-08-31,GGA,
2026-08-31,GGC,
2026-08-31,GGD,
2026-08-31,GGK,37.67123287671233
2026-08-31,GGM,
2026-08-31,GGN,
2026-08-31,GGP,
2026-08-31,GGR,
2026-08-31,GHS,44.966442953020135
2026-08-31,GID,47.651006711409394
2026-08-31,GIE,56.711409395973156
2026-08-31,GIH,
2026-08-31,GJA,
2026-08-31,GJB,43.103448275862064
2026-08-31,GJD,
2026-08-31,GJE,
2026-08-31,GJF,
2026-08-31,GJH,9.868421052631579
2026-08-31,GJM,57.370820668693
2026-08-31,GJO,
2026-08-31,GKF,61.07594936708861
2026-08-31,GKG,43.624161073825505
2026-08-31,GKH,28.618421052631582
2026-08-31,GKK,
2026-08-31,GKL,
2026-08-31,GKM,42.36322188449848
2026-08-31,GKV,73.41772151898735
2026-08-31,GL1,90.26845637583892
2026-08-31,GLC,74.13793103448276
2026-08-31,GLG,49.848024316109424
2026-08-31,GLL,47.26027397260274
2026-08-31,GLM,
2026-08-31,GLP,
2026-08-31,GLS,35.44303797468354
2026-08-31,GLV,74.01215805471125
2026-08-31,GMA,67.29559748427673
2026-08-31,GMC,71.83908045977012
2026-08-31,GMD,62.643678160919535
2026-08-31,GME,
2026-08-31,GMI,89.66565349544072
2026-08-31,GMM,43.42705167173253
2026-08-31,GMN,27.302631578947366
2026-08-31,GMO,
2026-08-31,GMP,
2026-08-31,GMR,14.76510067114094
2026-08-31,GMZ,
2026-08-31,GNH,
2026-08-31,GNK,
2026-08-31,GNL,
2026-08-31,GNP,61.51315789473685
2026-08-31,GNS,40.26845637583893
2026-08-31,GNZ,
2026-08-31,GO1,60.34482758620689
2026-08-31,GO3,53.44827586206897
2026-08-31,GO4,46.55172413793103
2026-08-31,GO6,67.10526315789474
2026-08-31,GO9,32.214765100671144
2026-08-31,GOF,80.69908814589665
2026-08-31,GOH,45.97315436241611
2026-08-31,GOL,50.68493150684932
2026-08-31,GOP,75.6578947368421
2026-08-31,GP1,
2026-08-31,GP3,74.08814589665653
2026-08-31,GPA,65.18987341772153
2026-08-31,GPB,40.56603773584906
2026-08-31,GPC,36.32218844984803
2026-08-31,GPF,75.31645569620252
2026-08-31,GPG,58.176100628930826
2026-08-31,GPH,
2026-08-31,GPI,44.65408805031446
2026-08-31,GPJ,
2026-08-31,GPL,30.623100303951368
2026-08-31,GPM,
2026-08-31,GPN,66.44736842105263
2026-08-31,GPT,38.679245283018865
2026-08-31,GPU,49.05660377358491
2026-08-31,GPV,
2026-08-31,GPZ,89.80263157894737
2026-08-31,GRL,44.680851063829785
2026-08-31,GRO,29.483282674772035
2026-08-31,GRT,43.624161073825505
2026-08-31,GSE,54.10334346504559
2026-08-31,GSG,
2026-08-31,GSL,
2026-08-31,GSO,
2026-08-31,GSP,68.12080536912752
2026-08-31,GSR,
2026-08-31,GTA,65.75342465753425
2026-08-31,GTF,41.139240506329116
2026-08-31,GTH,41.61073825503356
2026-08-31,GTK,
2026-08-31,GTL,50.986842105263165
2026-08-31,GTM,37.58389261744966
2026-08-31,GTN,
2026-08-31,GTY,48.17629179331308
2026-08-31,GTZ,62.068965517241374
2026-08-31,GUA,
2026-08-31,GUB,50.63291139240506
2026-08-31,GUC,
2026-08-31,GUF,90.22988505747126
2026-08-31,GUH,49.328859060402685
2026-08-31,GUK,76.26582278481013
2026-08-31,GUM,60.0
2026-08-31,GUV,89.24050632911391
2026-08-31,GVA,36.79245283018868
2026-08-31,GVB,
2026-08-31,GVC,
2026-08-31,GVD,
2026-08-31,GVI,54.59770114942529
2026-08-31,GVL,
2026-08-31,GVZ,
2026-08-31,GYC,
2026-08-31,GYG,
2026-08-31,GYK,45.56962025316456
2026-08-31,GYL,16.455696202531648
2026-08-31,GYN,
2026-08-31,GYR,
2026-08-31,GZB,
2026-08-31,GZD,
2026-08-31,GZE,55.16717325227963
2026-08-31,GZG,84.59119496855345
2026-08-31,GZH,12.89308176100629
2026-08-31,GZJ,39.6551724137931
2026-08-31,GZL,41.19496855345912
2026-08-31,GZM,83.8145896656535
2026-08-31,GZN,52.58358662613982
2026-08-31,GZO,
2026-08-31,GZP,40.229885057471265
2026-08-31,GZR,50.33557046979866
2026-08-31,GZU,
2026-08-31,GZV,54.02298850574712
2026-08-31,GZY,6.918238993710691
2026-08-31,GZZ,29.87421383647799
2026-08-31,HAE,46.50455927051672
2026-08-31,HAG,41.67933130699088
2026-08-31,HAI,60.27397260273973
2026-08-31,HAM,63.013698630136986
2026-08-31,HAR,46.808510638297875
2026-08-31,HAT,
2026-08-31,HB1,18.009118541033434
2026-08-31,HB2,35.790273556231
2026-08-31,HBF,42.465753424657535
2026-08-31,HBJ,
2026-08-31,HBN,20.689655172413794
2026-08-31,HBU,65.43624161073825
2026-08-31,HBV,56.00303951367781
2026-08-31,HCV,89.87341772151899
2026-08-31,HDA,16.869300911854104
2026-08-31,HDD,85.53459119496856
2026-08-31,HDE,64.8176291793313
2026-08-31,HDH,25.455927051671733
2026-08-31,HDJ,52.84954407294833
2026-08-31,HDK,28.799392097264437
2026-08-31,HDS,52.3936170212766
2026-08-31,HDV,61.09422492401215
2026-08-31,HEH,18.085106382978722
2026-08-31,HFA,
2026-08-31,HFI,78.79746835443038
2026-08-31,HFO,
2026-08-31,HFR,15.100671140939598
2026-08-31,HFV,33.28267477203647
2026-08-31,HFY,18.987341772151897
2026-08-31,HGC,50.911854103343465
2026-08-31,HGH,34.72644376899696
2026-08-31,HGJ,79.97720364741642
2026-08-31,HGM,50.67114093959732
2026-08-31,HGR,76.9756838905775
2026-08-31,HGT,49.12613981762918
2026-08-31,HGU,
2026-08-31,HGV,35.94224924012158
2026-08-31,HIA,63.29787234042553
2026-08-31,HIF,74.77203647416414
2026-08-31,HIH,16.44295302013423
2026-08-31,HII,
2026-08-31,HIM,33.28267477203647
2026-08-31,HIP,36.51315789473684
2026-08-31,HIS,
2026-08-31,HIZ,64.46540880503144
2026-08-31,HJA,32.63677811550152
2026-08-31,HJB,43.71069182389937
2026-08-31,HKG,88.36477987421384
2026-08-31,HKH,42.721518987341774
2026-08-31,HKJ,77.30263157894737
2026-08-31,HKM,47.26443768996961
2026-08-31,HKP,38.607594936708864
2026-08-31,HKR,48.86018237082067
2026-08-31,HKV,58.22784810126582
2026-08-31,HLA,68.08510638297872
2026-08-31,HLL,61.51315789473685
2026-08-31,HLR,49.46808510638298
2026-08-31,HMC,86.85410334346506
2026-08-31,HME,50.75987841945289
2026-08-31,HMG,64.74164133738603
2026-08-31,HMK,33.58662613981763
2026-08-31,HML,58.54430379746836
2026-08-31,HMS,22.483221476510067
2026-08-31,HMT,52.735562310030396
2026-08-31,HMV,33.472644376899694
2026-08-31,HNS,54.7112462006079
2026-08-31,HOA,80.50314465408806
2026-08-31,HOY,10.0
2026-08-31,HP3,62.8419452887538
2026-08-31,HPC,
2026-08-31,HPD,44.65408805031446
2026-08-31,HPF,63.1838905775076
2026-08-31,HPH,1.9736842105263157
2026-08-31,HPI,31.57294832826748
2026-08-31,HPJ,
2026-08-31,HPL,30.737082066869302
2026-08-31,HPO,25.786163522012576
2026-08-31,HPT,60.75949367088607
2026-08-31,HPV,28.48101265822785
2026-08-31,HPZ,
2026-08-31,HRZ,19.12751677852349
2026-08-31,HSA,43.08176100628931
2026-08-31,HSL,28.289473684210527
2026-08-31,HSP,44.90881458966565
2026-08-31,HST,51.89873417721519
2026-08-31,HTF,22.039473684210527
2026-08-31,HTJ,96.54088050314465
2026-08-31,HTK,52.87356321839081
2026-08-31,HTS,51.369863013698634
2026-08-31,HTZ,34.764437689969604
2026-08-31,HUI,
2026-08-31,HUS,
2026-08-31,HVA,6.382978723404255
2026-08-31,HVB,37.61398176291793
2026-08-31,HVC,64.51367781155015
2026-08-31,HVI,31.20805369127517
2026-08-31,HVK,3.1645569620253164
2026-08-31,HVL,
2026-08-31,HVN,
2026-08-31,HVS,51.006711409395976
2026-08-31,HVT,75.65789473684211
2026-08-31,HVU,40.25157232704402
2026-08-31,HVV,
2026-08-31,HVZ,20.134228187919465
2026-08-31,HYK,77.73556231003039
2026-08-31,HYP,65.19756838905775
2026-08-31,HYU,36.17021276595745
2026-08-31,HYV,30.592105263157897
2026-08-31,HYY,
2026-08-31,HZV,
2026-08-31,IAC,
2026-08-31,IAE,80.8176100628931
2026-08-31,IAI,
2026-08-31,IAJ,
2026-08-31,IAM,34.48275862068966
2026-08-31,IAR,58.358662613981764
2026-08-31,IAS,45.25075987841946
2026-08-31,IAT,47.46835443037975
2026-08-31,IAU,27.58358662613982
2026-08-31,IAY,34.24657534246575
2026-08-31,IBB,11.0062893081761
2026-08-31,IBC,
2026-08-31,IBE,32.33282674772037
2026-08-31,IBG,61.66413373860182
2026-08-31,IBJ,64.62765957446808
2026-08-31,IBK,32.278481012658226
2026-08-31,IBM,44.37689969604864
2026-08-31,IBP,
2026-08-31,IBR,73.6322188449848
2026-08-31,ICA,45.205479452054796
2026-08-31,ICC,25.157232704402517
2026-08-31,ICD,11.949685534591195
2026-08-31,ICE,51.31578947368421
2026-08-31,ICF,68.79194630872483
2026-08-31,ICG,
2026-08-31,ICH,94.65408805031447
2026-08-31,ICN,80.85106382978724
2026-08-31,ICS,20.820668693009118
2026-08-31,ICV,
2026-08-31,ICZ,68.45637583892618
2026-08-31,IDD,58.73860182370821
2026-08-31,IDF,26.823708206686927
2026-08-31,IDH,46.308724832214764
2026-08-31,IDI,98.3221476510067
2026-08-31,IDL,79.93421052631578
2026-08-31,IDO,64.36170212765958
2026-08-31,IDP,51.74772036474164
2026-08-31,IDV,
2026-08-31,IDY,20.440251572327043
2026-08-31,IED,43.71069182389937
2026-08-31,IEN,41.26139817629179
2026-08-31,IEV,55.9748427672956
2026-08-31,IEZ,
2026-08-31,IFD,
2026-08-31,IFN,
2026-08-31,IFV,72.78481012658227
2026-08-31,IFY,
2026-08-31,IGF,
2026-08-31,IGL,51.973684210526315
2026-08-31,IGM,
2026-08-31,IGZ,
2026-08-31,IH1,76.51006711409397
2026-08-31,IHA,
2026-08-31,IHC,83.51063829787233
2026-08-31,IHK,42.281879194630875
2026-08-31,IHP,61.85410334346504
2026-08-31,IHT,32.88590604026846
2026-08-31,IHV,76.51975683890578
2026-08-31,IHY,
2026-08-31,IHZ,
2026-08-31,IIA,31.04103343465046
2026-08-31,IIC,
2026-08-31,IIE,10.258358662613983
2026-08-31,IIF,64.70364741641338
2026-08-31,IIH,52.348993288590606
2026-08-31,IIN,54.93421052631578
2026-08-31,IIS,16.337386018237083
2026-08-31,IJA,27.9874213836478
2026-08-31,IJB,81.25
2026-08-31,IJC,26.41509433962264
2026-08-31,IJE,
2026-08-31,IJF,
2026-08-31,IJH,10.344827586206897
2026-08-31,IJI,90.5775075987842
2026-08-31,IJK,
2026-08-31,IJL,62.120060790273556
2026-08-31,IJP,43.75
2026-08-31,IJT,85.1063829787234
2026-08-31,IJV,65.78947368421053
2026-08-31,IJZ,80.18867924528303
2026-08-31,IK2,43.95896656534954
2026-08-31,IKL,62.5
2026-08-31,IKP,6.25
2026-08-31,IKV,36.70886075949367
2026-08-31,ILC,42.819148936170215
2026-08-31,ILE,
2026-08-31,ILH,56.25
2026-08-31,ILI,64.51367781155015
2026-08-31,ILM,67.81914893617022
2026-08-31,ILP,
2026-08-31,ILU,
2026-08-31,ILZ,45.97701149425287
2026-08-31,IMB,
2026-08-31,IMF,64.4756838905775
2026-08-31,IMG,40.995440729483285
2026-08-31,IMH,
2026-08-31,IML,40.604026845637584
2026-08-31,IMO,
2026-08-31,IMS,
2026-08-31,IMT,
2026-08-31,IMY,
2026-08-31,IMZ,
2026-08-31,INH,41.19496855345912
2026-08-31,INV,
2026-08-31,INZ,67.78115501519757
2026-08-31,IOG,60.48632218844985
2026-08-31,IOH,23.328267477203646
2026-08-31,IOJ,42.743161094224924
2026-08-31,IOL,
2026-08-31,IOM,19.224924012158052
2026-08-31,ION,75.11398176291794
2026-08-31,IOO,90.46052631578948
2026-08-31,IOP,51.973684210526315
2026-08-31,IOT,
2026-08-31,IOV,
2026-08-31,IPA,70.40273556231003
2026-08-31,IPB,42.45283018867924
2026-08-31,IPC,
2026-08-31,IPE,
2026-08-31,IPF,57.33282674772036
2026-08-31,IPG,33.333333333333336
2026-08-31,IPJ,25.0
2026-08-31,IPK,
2026-08-31,IPO,
2026-08-31,IPP,43.54103343465046
2026-08-31,IPR,
2026-08-31,IPU,
2026-08-31,IPV,16.455696202531648
2026-08-31,IRB,73.6322188449848
2026-08-31,IRE,28.799392097264437
2026-08-31,IRF,19.54022988505747
2026-08-31,IRL,60.182370820668694
2026-08-31,IRO,20.66869300911854
2026-08-31,IRT,57.23270440251573
2026-08-31,IRV,81.38297872340425
2026-08-31,IRY,47.368421052631575
2026-08-31,ISR,
2026-08-31,ISS,
2026-08-31,IST,63.291139240506325
2026-08-31,ITA,
2026-08-31,ITC,35.57046979865772
2026-08-31,ITD,
2026-08-31,ITJ,51.0258358662614
2026-08-31,ITL,
2026-08-31,ITP,62.5
2026-08-31,ITR,
2026-08-31,ITV,38.6986301369863
2026-08-31,ITZ,
2026-08-31,IUA,26.671732522796354
2026-08-31,IUB,
2026-08-31,IUC,
2026-08-31,IUF,74.3920972644377
2026-08-31,IUH,39.08045977011494
2026-08-31,IUM,
2026-08-31,IUN,
2026-08-31,IUV,36.170212765957444
2026-08-31,IUZ,65.13157894736841
2026-08-31,IV2,31.4209726443769
2026-08-31,IV6,
2026-08-31,IV7,
2026-08-31,IV8,53.164556962025316
2026-08-31,IVF,43.67088607594937
2026-08-31,IVS,78.11550151975683
2026-08-31,IVY,73.27044025157232
2026-08-31,IYB,67.61006289308176
2026-08-31,IYP,
2026-08-31,IYR,
2026-08-31,IYS,57.75075987841946
2026-08-31,IYV,49.77203647416414
2026-08-31,IZA,
2026-08-31,IZB,24.71264367816092
2026-08-31,IZE,
2026-08-31,IZL,38.44984802431611
2026-08-31,IZS,55.47945205479452
2026-08-31,IZV,
2026-08-31,IZY,43.73100303951368
2026-08-31,JET,53.77358490566038
2026-08-31,JOT,
2026-08-31,JUP,33.358662613981764
2026-08-31,KAC,24.050632911392405
2026-08-31,KAN,79.45205479452055
2026-08-31,KAV,19.178082191780824
2026-08-31,KBJ,46.35258358662614
2026-08-31,KBP,
2026-08-31,KBZ,
2026-08-31,KCL,67.72151898734177
2026-08-31,KCR,65.06849315068493
2026-08-31,KCV,47.151898734177216
2026-08-31,KDE,71.83544303797468
2026-08-31,KDI,34.954407294832826
2026-08-31,KDK,
2026-08-31,KDL,24.050632911392405
2026-08-31,KDO,56.64556962025316
2026-08-31,KDS,17.40506329113924
2026-08-31,KDT,32.59493670886076
2026-08-31,KDV,9.81012658227848
2026-08-31,KDZ,39.87341772151899
2026-08-31,KEI,
2026-08-31,KEO,
2026-08-31,KEU,38.607594936708864
2026-08-31,KFZ,
2026-08-31,KGM,69.30379746835443
2026-08-31,KH1,71.51898734177216
2026-08-31,KHA,98.3221476510067
2026-08-31,KHB,8.053691275167786
2026-08-31,KHC,43.67088607594937
2026-08-31,KHD,76.42405063291139
2026-08-31,KHF,
2026-08-31,KHJ,62.34177215189873
2026-08-31,KHP,90.13157894736842
2026-08-31,KHT,
2026-08-31,KHU,
2026-08-31,KIA,
2026-08-31,KIB,84.27672955974843
2026-08-31,KIE,89.80263157894737
2026-08-31,KIH,44.376899696048625
2026-08-31,KIK,49.36708860759494
2026-08-31,KIS,29.430379746835442
2026-08-31,KJK,
2026-08-31,KKB,
2026-08-31,KKC,59.17721518987342
2026-08-31,KKE,
2026-08-31,KKH,19.540229885057474
2026-08-31,KKL,61.708860759493675
2026-08-31,KKO,29.635258358662615
2026-08-31,KKP,33.890577507598785
2026-08-31,KKT,36.708860759493675
2026-08-31,KLH,12.025316455696203
2026-08-31,KLI,67.43421052631578
2026-08-31,KLL,
2026-08-31,KLM,
2026-08-31,KLS,
2026-08-31,KLU,34.53947368421053
2026-08-31,KMA,
2026-08-31,KME,40.82278481012658
2026-08-31,KMF,56.16438356164383
2026-08-31,KMN,81.5068493150685
2026-08-31,KMT,
2026-08-31,KNC,45.17477203647417
2026-08-31,KNI,41.44736842105263
2026-08-31,KNJ,90.82278481012658
2026-08-31,KNN,44.90881458966565
2026-08-31,KNP,
2026-08-31,KNS,
2026-08-31,KNT,
2026-08-31,KNV,
2026-08-31,KNZ,
2026-08-31,KO4,39.51367781155015
2026-08-31,KOB,46.51898734177215
2026-08-31,KOD,70.44025157232704
2026-08-31,KOP,37.120060790273556
2026-08-31,KOT,51.34228187919463
2026-08-31,KOZ,
2026-08-31,KP3,30.547112462006076
2026-08-31,KPA,79.1139240506329
2026-08-31,KPB,
2026-08-31,KPC,81.32911392405063
2026-08-31,KPD,12.025316455696203
2026-08-31,KPF,19.072948328267476
2026-08-31,KPH,37.919463087248324
2026-08-31,KPI,50.0
2026-08-31,KPK,
2026-08-31,KPM,
2026-08-31,KPP,48.684210526315795
2026-08-31,KPR,16.776315789473685
2026-08-31,KPS,36.588145896656535
2026-08-31,KPU,56.01265822784811
2026-08-31,KRC,51.89873417721519
2026-08-31,KRF,30.50314465408805
2026-08-31,KRH,71.80851063829788
2026-08-31,KRO,27.58358662613982
2026-08-31,KRR,56.25
2026-08-31,KRS,49.620060790273556
2026-08-31,KRT,28.87537993920973
2026-08-31,KRV,31.506849315068493
2026-08-31,KSA,69.75683890577508
2026-08-31,KSC,
2026-08-31,KSK,34.21052631578947
2026-08-31,KSL,46.20253164556962
2026-08-31,KSM,19.93670886075949
2026-08-31,KSP,50.64589665653496
2026-08-31,KSR,65.50632911392405
2026-08-31,KST,
2026-08-31,KSV,58.860759493670884
2026-08-31,KSY,69.68085106382979
2026-08-31,KTE,
2026-08-31,KTI,81.0126582278481
2026-08-31,KTJ,75.9493670886076
2026-08-31,KTM,64.24050632911393
2026-08-31,KTN,15.189873417721518
2026-08-31,KTR,41.139240506329116
2026-08-31,KTS,65.50632911392404
2026-08-31,KTT,44.936708860759495
2026-08-31,KTU,
2026-08-31,KTV,37.34177215189874
2026-08-31,KU3,53.79746835443038
2026-08-31,KUA,45.25316455696203
2026-08-31,KUB,42.45283018867924
2026-08-31,KUD,82.9113924050633
2026-08-31,KUP,57.598784194528875
2026-08-31,KUT,68.4931506849315
2026-08-31,KVA,
2026-08-31,KVK,58.54430379746835
2026-08-31,KVR,30.696202531645575
2026-08-31,KVS,41.33738601823708
2026-08-31,KVT,27.516778523489933
2026-08-31,KYA,38.92617449664429
2026-08-31,KYR,33.85258358662614
2026-08-31,KYS,36.8161094224924
2026-08-31,KZL,51.369863013698634
2026-08-31,KZO,
2026-08-31,KZU,75.34246575342465
2026-08-31,LAI,50.379939209726444
2026-08-31,LET,
2026-08-31,LFD,
2026-08-31,LGK,
2026-08-31,LGO,79.14133738601824
2026-08-31,LHM,
2026-08-31,LHP,21.580547112462007
2026-08-31,LKF,67.8082191780822
2026-08-31,LKT,68.42105263157895
2026-08-31,LLA,26.74772036474164
2026-08-31,LPH,76.51975683890578
2026-08-31,LRT,71.20060790273556
2026-08-31,LTC,37.006079027355625
2026-08-31,LTL,1.342281879194631
2026-08-31,LTS,83.35866261398176
2026-08-31,LZV,
2026-08-31,MAC,20.134228187919465
2026-08-31,MAD,45.911949685534594
2026-08-31,MAS,41.109422492401215
2026-08-31,MAV,
2026-08-31,MBL,37.42138364779874
2026-08-31,MBR,81.0126582278481
2026-08-31,MCU,66.1854103343465
2026-08-31,MD1,80.50314465408805
2026-08-31,MD2,57.861635220125784
2026-08-31,MDF,48.275862068965516
2026-08-31,MET,45.911949685534594
2026-08-31,MGB,13.905775075987842
2026-08-31,MGD,
2026-08-31,MGE,38.75379939209726
2026-08-31,MGH,69.30091185410335
2026-08-31,MHF,16.44295302013423
2026-08-31,MIK,55.24316109422492
2026-08-31,MJB,63.793103448275865
2026-08-31,MJE,25.632911392405063
2026-08-31,MJG,60.91954022988506
2026-08-31,MJH,39.589665653495445
2026-08-31,MJK,54.483282674772035
2026-08-31,MJL,68.61702127659575
2026-08-31,MKA,16.455696202531644
2026-08-31,MKG,44.52054794520548
2026-08-31,MKL,
2026-08-31,MLS,
2026-08-31,MLT,47.036474164133736
2026-08-31,MMH,54.697986577181204
2026-08-31,MOD,
2026-08-31,MOZ,60.258358662613986
2026-08-31,MP2,31.876899696048632
2026-08-31,MP4,85.1823708206687
2026-08-31,MPD,56.610942249240125
2026-08-31,MPE,24.013157894736842
2026-08-31,MPF,54.74683544303797
2026-08-31,MPI,57.75075987841945
2026-08-31,MPK,25.632911392405063
2026-08-31,MPL,45.065789473684205
2026-08-31,MPN,36.246200607902736
2026-08-31,MPP,43.00911854103343
2026-08-31,MPS,48.10126582278481
2026-08-31,MRI,62.993920972644375
2026-08-31,MSK,
2026-08-31,MSO,
2026-08-31,MSR,10.866261398176292
2026-08-31,MT1,23.328267477203646
2026-08-31,MT2,49.671052631578945
2026-08-31,MT5,28.19148936170213
2026-08-31,MT6,47.26027397260274
2026-08-31,MT7,32.02887537993921
2026-08-31,MT8,6.306990881458967
2026-08-31,MT9,84.57446808510639
2026-08-31,MTD,76.72955974842768
2026-08-31,MTE,
2026-08-31,MTF,30.091185410334347
2026-08-31,MTG,83.89057750759878
2026-08-31,MTH,88.25503355704697
2026-08-31,MTI,
2026-08-31,MTK,98.10126582278481
2026-08-31,MTL,55.3951367781155
2026-08-31,MTS,16.091954022988507
2026-08-31,MTU,37.765957446808514
2026-08-31,MTV,41.19496855345912
2026-08-31,MTX,36.79245283018868
2026-08-31,MUL,91.2613981762918
2026-08-31,MUT,47.796352583586625
2026-08-31,NAK,46.57534246575342
2026-08-31,NAL,54.10958904109589
2026-08-31,NAU,20.54794520547945
2026-08-31,NAV,87.1580547112462
2026-08-31,NBE,79.17933130699089
2026-08-31,NBH,81.0790273556231
2026-08-31,NBO,52.87356321839081
2026-08-31,NBZ,54.33130699088146
2026-08-31,NCS,56.68693009118542
2026-08-31,NCU,30.015197568389056
2026-08-31,NDL,
2026-08-31,NDS,54.40729483282675
2026-08-31,NES,
2026-08-31,NFF,7.471264367816093
2026-08-31,NFH,57.90273556231003
2026-08-31,NFK,63.60182370820669
2026-08-31,NHP,33.9080459770115
2026-08-31,NHT,
2026-08-31,NHV,
2026-08-31,NHY,7.718120805369128
2026-08-31,NIG,40.5015197568389
2026-08-31,NIS,62.158054711246194
2026-08-31,NJF,42.465753424657535
2026-08-31,NJG,58.70060790273556
2026-08-31,NJR,72.78481012658227
2026-08-31,NJY,32.59493670886076
2026-08-31,NKA,8.860759493670885
2026-08-31,NKC,19.12751677852349
2026-08-31,NKH,65.12158054711246
2026-08-31,NKJ,
2026-08-31,NKK,41.79331306990882
2026-08-31,NKL,70.13677811550153
2026-08-31,NKM,51.582278481012665
2026-08-31,NKP,43.710691823899374
2026-08-31,NKS,42.24924012158055
2026-08-31,NKT,90.82278481012659
2026-08-31,NKV,
2026-08-31,NLC,38.013698630136986
2026-08-31,NLD,
2026-08-31,NLE,50.335570469798654
2026-08-31,NLK,73.32826747720365
2026-08-31,NLL,67.629179331307
2026-08-31,NME,38.607594936708864
2026-08-31,NMG,52.92553191489362
2026-08-31,NMP,50.6578947368421
2026-08-31,NMU,79.33130699088146
2026-08-31,NNF,26.51006711409396
2026-08-31,NOA,50.87386018237082
2026-08-31,NOI,69.68085106382978
2026-08-31,NOV,
2026-08-31,NP1,16.869300911854104
2026-08-31,NPH,45.97315436241611
2026-08-31,NPK,
2026-08-31,NRC,19.496855345911946
2026-08-31,NRG,48.68421052631579
2026-08-31,NRM,68.5030395136778
2026-08-31,NSA,35.85526315789474
2026-08-31,NSD,55.547112462006076
2026-08-31,NSH,75.45592705167174
2026-08-31,NSK,54.33130699088146
2026-08-31,NSP,38.815789473684205
2026-08-31,NSS,
2026-08-31,NST,36.57718120805369
2026-08-31,NSY,38.90577507598784
2026-08-31,NTB,
2026-08-31,NTD,
2026-08-31,NTF,52.317629179331306
2026-08-31,NTI,71.06918238993711
2026-08-31,NTO,
2026-08-31,NTS,57.484802431610944
2026-08-31,NUB,40.653495440729486
2026-08-31,NUG,4.10958904109589
2026-08-31,NUH,16.10738255033557
2026-08-31,NVB,34.21052631578947
2026-08-31,NVC,94.22492401215806
2026-08-31,NVK,32.91139240506329
2026-08-31,NVP,
2026-08-31,NVT,35.1063829787234
2026-08-31,NVZ,45.972644376899694
2026-08-31,NYH,
2026-08-31,NZH,53.45911949685535
2026-08-31,NZT,45.723684210526315
2026-08-31,NZU,17.08860759493671
2026-08-31,OAB,
2026-08-31,OAO,52.515723270440255
2026-08-31,OBI,62.025316455696206
2026-08-31,OBN,33.358662613981764
2026-08-31,OBP,53.77358490566038
2026-08-31,OBR,22.18844984802432
2026-08-31,OCM,
2026-08-31,OCN,
2026-08-31,OCT,
2026-08-31,ODD,60.03039513677811
2026-08-31,ODG,37.106918238993714
2026-08-31,ODN,66.64133738601824
2026-08-31,ODP,60.86626139817629
2026-08-31,ODS,30.319148936170212
2026-08-31,ODV,24.71264367816092
2026-08-31,OFA,30.696202531645568
2026-08-31,OFB,43.99696048632219
2026-08-31,OFI,56.89655172413793
2026-08-31,OFK,11.708860759493671
2026-08-31,OFO,
2026-08-31,OFS,62.64367816091954
2026-08-31,OGD,48.630136986301366
2026-08-31,OGF,55.69620253164557
2026-08-31,OGV,
2026-08-31,OHB,76.84563758389262
2026-08-31,OHI,49.46808510638298
2026-08-31,OHK,81.64556962025316
2026-08-31,OIL,74.65753424657535
2026-08-31,OIR,60.344827586206904
2026-08-31,OIS,
2026-08-31,OJB,16.869300911854104
2026-08-31,OJH,44.98480243161094
2026-08-31,OJK,61.64383561643836
2026-08-31,OJT,70.11494252873564
2026-08-31,OJU,
2026-08-31,OJY,
2026-08-31,OKD,50.62893081761006
2026-08-31,OKF,54.21732522796353
2026-08-31,OKP,46.20253164556962
2026-08-31,OKT,16.455696202531644
2026-08-31,OLA,36.70212765957447
2026-08-31,OLD,16.666666666666664
2026-08-31,OLE,25.28735632183908
2026-08-31,OMB,
2026-08-31,OMC,
2026-08-31,OME,65.27355623100304
2026-08-31,OMG,45.63758389261745
2026-08-31,OMT,44.078947368421055
2026-08-31,ONB,20.364741641337385
2026-08-31,OND,24.54407294832827
2026-08-31,ONE,83.35866261398175
2026-08-31,ONF,45.89041095890411
2026-08-31,ONK,40.80547112462006
2026-08-31,ONN,78.87537993920972
2026-08-31,ONS,28.267477203647417
2026-08-31,ONT,14.285714285714285
2026-08-31,ONY,39.36170212765957
2026-08-31,OPB,66.98113207547169
2026-08-31,OPD,57.826747720364736
2026-08-31,OPF,60.37735849056604
2026-08-31,OPH,60.06711409395973
2026-08-31,OPI,54.36241610738255
2026-08-31,OPJ,52.30263157894737
2026-08-31,OPL,51.257861635220124
2026-08-31,OPZ,
2026-08-31,ORC,78.419452887538
2026-08-31,ORI,
2026-08-31,OSD,34.81012658227848
2026-08-31,OSF,30.319148936170215
2026-08-31,OSH,73.13829787234042
2026-08-31,OSL,41.139240506329116
2026-08-31,OSN,47.796352583586625
2026-08-31,OTE,
2026-08-31,OTF,53.79746835443038
2026-08-31,OTJ,58.21917808219178
2026-08-31,OTK,
2026-08-31,OTM,46.855345911949684
2026-08-31,OTZ,
2026-08-31,OUB,60.52431610942249
2026-08-31,OUD,37.1580547112462
2026-08-31,OUN,32.52279635258358
2026-08-31,OUR,44.110942249240125
2026-08-31,OUY,
2026-08-31,OVD,82.183908045977
2026-08-31,OVR,
2026-08-31,OYL,50.65789473684211
2026-08-31,OYS,17.24924012158055
2026-08-31,OYT,71.73252279635258
2026-08-31,OZC,
2026-08-31,P1A,52.30263157894737
2026-08-31,PA2,61.64383561643836
2026-08-31,PAB,85.85526315789474
2026-08-31,PAC,
2026-08-31,PAF,46.57534246575342
2026-08-31,PAI,30.81761006289308
2026-08-31,PAL,12.32876712328767
2026-08-31,PAO,39.96960486322188
2026-08-31,PAU,41.26139817629179
2026-08-31,PBE,45.89665653495441
2026-08-31,PBF,
2026-08-31,PBH,85.25835866261397
2026-08-31,PBI,82.183908045977
2026-08-31,PBK,18.037974683544302
2026-08-31,PBN,60.25835866261398
2026-08-31,PBR,0.3144654088050315
2026-08-31,PBS,56.80091185410335
2026-08-31,PBY,69.45288753799392
2026-08-31,PCE,36.17021276595745
2026-08-31,PCH,70.66869300911854
2026-08-31,PCN,51.329787234042556
2026-08-31,PCS,94.68085106382978
2026-08-31,PDC,28.039513677811552
2026-08-31,PDD,26.265822784810126
2026-08-31,PDE,6.962025316455696
2026-08-31,PDF,30.851063829787236
2026-08-31,PDG,2.811550151975684
2026-08-31,PDH,28.647416413373858
2026-08-31,PDR,
2026-08-31,PDS,25.303951367781156
2026-08-31,PEA,65.06849315068493
2026-08-31,PFO,44.252873563218394
2026-08-31,PFS,63.79310344827586
2026-08-31,PGD,20.12578616352201
2026-08-31,PGE,66.71732522796353
2026-08-31,PGH,38.37386018237082
2026-08-31,PGS,52.348993288590606
2026-08-31,PHB,53.723404255319146
2026-08-31,PHE,32.88590604026846
2026-08-31,PHF,79.67325227963525
2026-08-31,PHI,54.02684563758389
2026-08-31,PHK,70.56962025316456
2026-08-31,PHN,91.33738601823708
2026-08-31,PHS,46.42857142857143
2026-08-31,PHY,15.501519756838904
2026-08-31,PID,42.45283018867924
2026-08-31,PIL,33.9080459770115
2026-08-31,PIP,13.157894736842106
2026-08-31,PIR,28.767123287671232
2026-08-31,PIS,78.49544072948328
2026-08-31,PJL,33.55263157894737
2026-08-31,PJP,22.264437689969604
2026-08-31,PK1,
2026-08-31,PKD,89.55696202531647
2026-08-31,PKF,36.986301369863014
2026-08-31,PKH,39.24050632911393
2026-08-31,PKL,12.974683544303797
2026-08-31,PKM,76.97368421052632
2026-08-31,PKN,47.036474164133736
2026-08-31,PKP,70.72368421052632
2026-08-31,PKR,19.736842105263158
2026-08-31,PKT,44.407894736842096
2026-08-31,PKU,57.294832826747715
2026-08-31,PKV,78.49544072948329
2026-08-31,PKZ,55.92705167173252
2026-08-31,PLA,
2026-08-31,PLR,69.07894736842104
2026-08-31,PLS,
2026-08-31,PMG,
2026-08-31,PMH,
2026-08-31,PMP,8.358662613981764
2026-08-31,PNU,92.4342105263158
2026-08-31,PO7,35.03039513677811
2026-08-31,PO8,43.389057750759875
2026-08-31,PO9,88.44984802431611
2026-08-31,POB,70.28875379939211
2026-08-31,POD,32.90273556231003
2026-08-31,POF,40.41095890410959
2026-08-31,POH,
2026-08-31,POI,27.583586626139812
2026-08-31,POS,53.495440729483285
2026-08-31,POU,59.27051671732522
2026-08-31,PP1,51.265822784810126
2026-08-31,PPB,40.604026845637584
2026-08-31,PPD,53.11550151975684
2026-08-31,PPE,45.21276595744681
2026-08-31,PPF,34.49848024316109
2026-08-31,PPG,16.776315789473685
2026-08-31,PPH,26.845637583892618
2026-08-31,PPI,73.35526315789474
2026-08-31,PPJ,63.15789473684211
2026-08-31,PPK,39.14473684210527
2026-08-31,PPM,25.455927051671733
2026-08-31,PPN,58.223684210526315
2026-08-31,PPO,72.87234042553192
2026-08-31,PPP,21.05263157894737
2026-08-31,PPS,9.27051671732523
2026-08-31,PPT,82.56578947368422
2026-08-31,PPU,58.89057750759878
2026-08-31,PPV,71.38157894736842
2026-08-31,PPZ,42.10526315789474
2026-08-31,PRD,70.39473684210526
2026-08-31,PRF,
2026-08-31,PRH,20.065789473684212
2026-08-31,PRR,17.763157894736842
2026-08-31,PRU,39.51367781155015
2026-08-31,PRV,44.73684210526316
2026-08-31,PRY,66.44736842105263
2026-08-31,PSD,
2026-08-31,PSE,57.236842105263165
2026-08-31,PSG,36.62613981762918
2026-08-31,PSH,15.771812080536915
2026-08-31,PSL,11.55015197568389
2026-08-31,PSO,
2026-08-31,PSR,79.17933130699089
2026-08-31,PSS,27.659574468085108
2026-08-31,PST,47.796352583586625
2026-08-31,PTC,48.06231003039514
2026-08-31,PTE,69.40789473684211
2026-08-31,PTF,40.577507598784194
2026-08-31,PTG,
2026-08-31,PTL,53.28947368421053
2026-08-31,PTN,62.328767123287676
2026-08-31,PTO,19.463087248322147
2026-08-31,PTP,22.69736842105263
2026-08-31,PTS,53.618421052631575
2026-08-31,PUA,
2026-08-31,PUC,28.57142857142857
2026-08-31,PUH,48.556231003039514
2026-08-31,PUK,69.9367088607595
2026-08-31,PUR,36.18421052631579
2026-08-31,PUT,
2026-08-31,PUV,
2026-08-31,PVK,58.22784810126582
2026-08-31,PYB,25.0
2026-08-31,PYD,26.975683890577507
2026-08-31,PYF,80.24316109422493
2026-08-31,PYH,9.493670886075948
2026-08-31,PYI,41.869300911854104
2026-08-31,PYL,36.892097264437695
2026-08-31,PYR,13.677811550151976
2026-08-31,PYS,30.851063829787233
2026-08-31,RAF,13.6986301369863
2026-08-31,RAI,
2026-08-31,RAN,
2026-08-31,RAV,68.95896656534954
2026-08-31,RAY,
2026-08-31,RBA,50.0
2026-08-31,RBB,36.70886075949367
2026-08-31,RBE,56.57294832826748
2026-08-31,RBF,85.44303797468353
2026-08-31,RBH,59.810126582278485
2026-08-31,RBI,13.5258358662614
2026-08-31,RBK,13.60759493670886
2026-08-31,RBL,51.59574468085107
2026-08-31,RBN,43.00911854103343
2026-08-31,RBP,77.30263157894737
2026-08-31,RBR,77.21518987341773
2026-08-31,RBT,58.54430379746836
2026-08-31,RBV,65.50632911392405
2026-08-31,RCL,
2026-08-31,RCS,
2026-08-31,RCV,75.0
2026-08-31,RD1,66.35220125786162
2026-08-31,RDF,48.25227963525836
2026-08-31,RDH,31.117021276595747
2026-08-31,RDK,
2026-08-31,RDS,58.43465045592705
2026-08-31,RDT,72.26443768996961
2026-08-31,RDZ,36.170212765957444
2026-08-31,RE6,49.31506849315068
2026-08-31,RE7,
2026-08-31,RE8,45.440729483282674
2026-08-31,RFM,80.45977011494253
2026-08-31,RGD,45.59748427672956
2026-08-31,RGH,55.16717325227964
2026-08-31,RHD,69.49088145896657
2026-08-31,RHI,77.85234899328859
2026-08-31,RHS,39.597315436241615
2026-08-31,RIA,17.70516717325228
2026-08-31,RIH,89.8936170212766
2026-08-31,RIK,3.1446540880503147
2026-08-31,RJG,40.41095890410959
2026-08-31,RKC,28.930817610062892
2026-08-31,RKH,
2026-08-31,RKL,
2026-08-31,RKS,35.44303797468355
2026-08-31,RKV,59.81012658227848
2026-08-31,RLH,76.3677811550152
2026-08-31,RO1,20.065789473684212
2026-08-31,ROD,11.930091185410333
2026-08-31,ROF,85.63829787234042
2026-08-31,ROY,55.537974683544306
2026-08-31,RPC,31.132075471698116
2026-08-31,RPD,14.779874213836479
2026-08-31,RPG,58.21917808219178
2026-08-31,RPI,44.936708860759495
2026-08-31,RPK,
2026-08-31,RPL,50.91185410334347
2026-08-31,RPM,92.45283018867924
2026-08-31,RPN,34.308510638297875
2026-08-31,RPO,
2026-08-31,RPP,46.05263157894737
2026-08-31,RPS,30.775075987841944
2026-08-31,RPT,57.598784194528875
2026-08-31,RPU,47.94303797468354
2026-08-31,RPX,24.316109422492403
2026-08-31,RRA,30.921052631578945
2026-08-31,RRP,25.657894736842106
2026-08-31,RS1,34.346504559270514
2026-08-31,RSF,64.28571428571428
2026-08-31,RSK,32.21884498480243
2026-08-31,RSY,70.55471124620061
2026-08-31,RSZ,17.933130699088146
2026-08-31,RTA,76.63373860182371
2026-08-31,RTB,27.35562310030395
2026-08-31,RTD,65.09433962264151
2026-08-31,RTG,57.54716981132076
2026-08-31,RTH,17.325227963525833
2026-08-31,RTI,72.15189873417721
2026-08-31,RTP,14.893617021276595
2026-08-31,RUH,73.40425531914894
2026-08-31,RUT,86.7924528301887
2026-08-31,RVI,77.73972602739727
2026-08-31,RVS,66.7933130699088
2026-08-31,RYA,
2026-08-31,RYB,
2026-08-31,RYD,37.80395136778115
2026-08-31,RYF,48.40425531914893
2026-08-31,RYU,64.74164133738603
2026-08-31,RZR,
2026-08-31,SAP,45.065789473684205
2026-08-31,SAR,
2026-08-31,SAS,57.04697986577182
2026-08-31,SAT,
2026-08-31,SBH,12.613981762917934
2026-08-31,SBI,65.08358662613982
2026-08-31,SBR,53.68541033434651
2026-08-31,SBS,
2026-08-31,SCZ,46.27659574468085
2026-08-31,SD1,80.18867924528303
2026-08-31,SDA,34.650455927051674
2026-08-31,SEH,72.87234042553192
2026-08-31,SER,35.03039513677812
2026-08-31,SFA,83.7386018237082
2026-08-31,SFS,60.91954022988506
2026-08-31,SGK,34.59119496855346
2026-08-31,SGT,84.90566037735849
2026-08-31,SHC,62.75167785234899
2026-08-31,SHE,61.9496855345912
2026-08-31,SHI,68.9969604863222
2026-08-31,SHU,92.40121580547113
2026-08-31,SIA,
2026-08-31,SIS,55.16717325227963
2026-08-31,SJP,36.32218844984803
2026-08-31,SKL,24.342105263157894
2026-08-31,SKO,26.174496644295303
2026-08-31,SKS,
2026-08-31,SKT,65.82278481012658
2026-08-31,SKZ,47.340425531914896
2026-08-31,SLF,53.28947368421052
2026-08-31,SLG,63.422818791946305
2026-08-31,SLR,
2026-08-31,SLS,
2026-08-31,SMP,
2026-08-31,SNY,46.6565349544073
2026-08-31,SOS,96.85534591194968
2026-08-31,SPA,54.40729483282675
2026-08-31,SPD,
2026-08-31,SPE,65.19756838905775
2026-08-31,SPN,25.835866261398177
2026-08-31,SPP,35.85526315789474
2026-08-31,SPR,
2026-08-31,SPT,46.20253164556962
2026-08-31,SRA,
2026-08-31,SRE,
2026-08-31,SRL,2.348993288590604
2026-08-31,SRO,
2026-08-31,SSD,
2026-08-31,SSE,42.32522796352583
2026-08-31,SSF,
2026-08-31,SSK,66.66666666666666
2026-08-31,SSN,
2026-08-31,SSO,
2026-08-31,SSS,19.798657718120808
2026-08-31,SST,
2026-08-31,ST1,43.288590604026844
2026-08-31,STI,62.91793313069908
2026-08-31,STM,
2026-08-31,STS,47.30243161094225
2026-08-31,STZ,62.006079027355625
2026-08-31,SUA,39.30817610062893
2026-08-31,SUB,54.71698113207547
2026-08-31,SUC,60.0
2026-08-31,SUR,68.12080536912751
2026-08-31,SVB,43.08176100628931
2026-08-31,SVS,
2026-08-31,SVY,
2026-08-31,SYF,
2026-08-31,SYL,
2026-08-31,SYR,47.758358662613986
2026-08-31,SYS,37.424012158054715
2026-08-31,T3B,86.55015197568389
2026-08-31,TAL,76.7123287671233
2026-08-31,TAO,
2026-08-31,TAR,14.465408805031448
2026-08-31,TAU,87.91946308724832
2026-08-31,TAZ,
2026-08-31,TB9,47.64437689969605
2026-08-31,TBP,36.7816091954023
2026-08-31,TBT,87.34177215189874
2026-08-31,TBV,22.78481012658228
2026-08-31,TCA,52.73972602739726
2026-08-31,TCB,47.03947368421052
2026-08-31,TCC,47.264437689969604
2026-08-31,TCD,60.0
2026-08-31,TCF,11.49425287356322
2026-08-31,TCG,
2026-08-31,TCH,44.680851063829785
2026-08-31,TCI,46.27659574468085
2026-08-31,TCS,58.51063829787234
2026-08-31,TDG,25.949367088607595
2026-08-31,TDP,40.38753799392097
2026-08-31,TE3,57.54716981132076
2026-08-31,TE4,49.37106918238994
2026-08-31,TEJ,82.18390804597702
2026-08-31,TFE,28.164556962025316
2026-08-31,TFF,46.55172413793103
2026-08-31,TFU,1.89873417721519
2026-08-31,TGA,39.937106918238996
2026-08-31,TGE,31.03448275862069
2026-08-31,TGN,32.56578947368421
2026-08-31,TGR,26.10062893081761
2026-08-31,TGT,76.58227848101265
2026-08-31,TGV,37.68996960486322
2026-08-31,TGZ,61.8161094224924
2026-08-31,THD,
2026-08-31,THF,99.32885906040268
2026-08-31,THG,47.64437689969604
2026-08-31,THH,
2026-08-31,THO,56.04103343465046
2026-08-31,THS,
2026-08-31,THT,92.5531914893617
2026-08-31,THV,37.76595744680851
2026-08-31,TI1,66.11842105263158
2026-08-31,TI2,36.91275167785235
2026-08-31,TI3,25.16778523489933
2026-08-31,TI4,20.12578616352201
2026-08-31,TI6,44.936708860759495
2026-08-31,TI7,33.9622641509434
2026-08-31,TIE,64.76510067114094
2026-08-31,TIL,68.9873417721519
2026-08-31,TIP,59.95440729483282
2026-08-31,TIV,73.41772151898735
2026-08-31,TJB,
2026-08-31,TJF,40.229885057471265
2026-08-31,TJI,61.49425287356321
2026-08-31,TJL,
2026-08-31,TJT,26.027397260273972
2026-08-31,TKF,68.12080536912752
2026-08-31,TKH,
2026-08-31,TKK,33.33333333333333
2026-08-31,TKM,37.17105263157895
2026-08-31,TLC,60.06289308176101
2026-08-31,TLE,55.696202531645575
2026-08-31,TLH,48.322147651006716
2026-08-31,TLK,36.18421052631579
2026-08-31,TLT,
2026-08-31,TLU,39.47568389057751
2026-08-31,TLV,61.513157894736835
2026-08-31,TLY,90.12158054711247
2026-08-31,TLZ,83.86075949367088
2026-08-31,TMC,48.742138364779876
2026-08-31,TMG,59.395973154362416
2026-08-31,TMM,83.1306990881459
2026-08-31,TMR,
2026-08-31,TMS,83.96656534954408
2026-08-31,TMU,22.988505747126432
2026-08-31,TMV,95.74468085106383
2026-08-31,TMZ,63.2183908045977
2026-08-31,TNB,22.64437689969605
2026-08-31,TND,33.0188679245283
2026-08-31,TNF,
2026-08-31,TNH,
2026-08-31,TNI,30.503144654088047
2026-08-31,TNK,51.89873417721519
2026-08-31,TNS,68.42705167173253
2026-08-31,TO8,65.34954407294833
2026-08-31,TOK,62.68996960486322
2026-08-31,TOT,17.721518987341774
2026-08-31,TP1,
2026-08-31,TP2,82.23684210526315
2026-08-31,TPC,76.02739726027397
2026-08-31,TPE,12.658227848101264
2026-08-31,TPF,50.0
2026-08-31,TPJ,26.51975683890577
2026-08-31,TPL,20.253164556962027
2026-08-31,TPO,
2026-08-31,TPP,51.06382978723404
2026-08-31,TPR,
2026-08-31,TPV,
2026-08-31,TPZ,53.164556962025316
2026-08-31,TRJ,73.41772151898734
2026-08-31,TRN,
2026-08-31,TRO,22.602739726027398
2026-08-31,TRR,39.58966565349544
2026-08-31,TRU,34.17721518987342
2026-08-31,TSI,56.32911392405063
2026-08-31,TSP,
2026-08-31,TTA,39.726027397260275
2026-08-31,TTE,46.308724832214764
2026-08-31,TTL,52.735562310030396
2026-08-31,TTP,32.75075987841946
2026-08-31,TTS,
2026-08-31,TTV,36.170212765957444
2026-08-31,TTZ,
2026-08-31,TUA,58.21917808219178
2026-08-31,TVE,36.075949367088604
2026-08-31,TVN,76.4367816091954
2026-08-31,TYH,48.65771812080537
2026-08-31,TZC,71.38364779874215
2026-08-31,TZD,69.46308724832215
2026-08-31,TZH,
2026-08-31,TZL,40.78947368421053
2026-08-31,TZP,49.69604863221885
2026-08-31,TZT,67.72151898734177
2026-08-31,TZV,67.08860759493672
2026-08-31,UAB,
2026-08-31,UAP,
2026-08-31,UCN,
2026-08-31,UCP,14.144736842105264
2026-08-31,UFH,
2026-08-31,UHL,
2026-08-31,UHS,71.01063829787233
2026-08-31,ULH,51.13981762917933
2026-08-31,ULL,
2026-08-31,UNT,41.41337386018237
2026-08-31,UP1,58.21917808219178
2026-08-31,UP2,64.47368421052632
2026-08-31,UPD,33.96656534954407
2026-08-31,UPH,10.738255033557046
2026-08-31,UPP,37.82894736842105
2026-08-31,UPS,
2026-08-31,URA,54.716981132075475
2026-08-31,URC,22.568389057750757
2026-08-31,URD,32.911392405063296
2026-08-31,URG,
2026-08-31,URM,
2026-08-31,URS,
2026-08-31,URV,
2026-08-31,USS,
2026-08-31,UST,
2026-08-31,USY,41.48936170212767
2026-08-31,UYH,41.565349544072944
2026-08-31,UZY,76.51975683890578
2026-08-31,VAY,66.44295302013423
2026-08-31,VCD,31.15501519756839
2026-08-31,VCG,48.86018237082067
2026-08-31,VCY,39.30817610062893
2026-08-31,VFK,48.10126582278481
2026-08-31,VFO,69.86301369863014
2026-08-31,VFS,
2026-08-31,VHS,71.51898734177215
2026-08-31,VK6,40.78947368421052
2026-08-31,VKI,15.822784810126583
2026-08-31,VKK,72.15189873417722
2026-08-31,VKT,71.51898734177215
2026-08-31,VKV,71.51898734177215
2026-08-31,VLT,65.06849315068493
2026-08-31,VMV,73.93617021276596
2026-08-31,VNK,78.49544072948328
2026-08-31,VPA,9.868421052631579
2026-08-31,VPP,72.87234042553192
2026-08-31,VPS,20.820668693009118
2026-08-31,VRK,44.936708860759495
2026-08-31,VTF,
2026-08-31,VTL,67.40506329113924
2026-08-31,YA1,73.6322188449848
2026-08-31,YAC,51.724137931034484
2026-08-31,YAE,19.62025316455696
2026-08-31,YAK,62.5
2026-08-31,YAN,36.20689655172414
2026-08-31,YAR,
2026-08-31,YAS,61.07382550335571
2026-08-31,YAY,55.70469798657718
2026-08-31,YBE,32.278481012658226
2026-08-31,YBH,39.285714285714285
2026-08-31,YBJ,
2026-08-31,YBP,38.679245283018865
2026-08-31,YBR,64.58966565349544
2026-08-31,YBS,17.088607594936708
2026-08-31,YCG,
2026-08-31,YCH,45.40229885057471
2026-08-31,YCK,76.59574468085106
2026-08-31,YCL,9.80243161094225
2026-08-31,YCP,83.28267477203647
2026-08-31,YCY,71.83544303797468
2026-08-31,YDH,
2026-08-31,YDI,76.17449664429529
2026-08-31,YDK,51.89873417721519
2026-08-31,YDL,
2026-08-31,YDM,
2026-08-31,YDP,85.22012578616352
2026-08-31,YDZ,28.267477203647417
2026-08-31,YEF,90.93959731543625
2026-08-31,YFV,52.21518987341772
2026-08-31,YGM,52.96352583586626
2026-08-31,YHB,66.44295302013423
2026-08-31,YHI,49.84802431610942
2026-08-31,YHK,47.15189873417722
2026-08-31,YHP,
2026-08-31,YHS,60.73825503355704
2026-08-31,YHT,61.39240506329114
2026-08-31,YHY,36.51215805471125
2026-08-31,YHZ,80.20134228187919
2026-08-31,YIK,10.855263157894736
2026-08-31,YIS,
2026-08-31,YIT,26.10062893081761
2026-08-31,YIV,
2026-08-31,YJA,
2026-08-31,YJH,17.61006289308176
2026-08-31,YJK,51.72413793103449
2026-08-31,YJU,
2026-08-31,YJY,30.47112462006079
2026-08-31,YKS,50.22796352583586
2026-08-31,YKT,54.10958904109589
2026-08-31,YLB,50.0
2026-08-31,YLC,14.465408805031446
2026-08-31,YLE,42.95302013422819
2026-08-31,YLO,33.33333333333333
2026-08-31,YLR,
2026-08-31,YLY,26.845637583892618
2026-08-31,YLZ,47.41641337386018
2026-08-31,YMD,47.94832826747721
2026-08-31,YMH,24.012158054711247
2026-08-31,YMP,82.89473684210526
2026-08-31,YNF,
2026-08-31,YNK,55.851063829787236
2026-08-31,YNL,
2026-08-31,YOA,24.050632911392402
2026-08-31,YOS,36.246200607902736
2026-08-31,YOT,72.78481012658227
2026-08-31,YOZ,55.3951367781155
2026-08-31,YP1,
2026-08-31,YP2,
2026-08-31,YP4,26.975683890577507
2026-08-31,YPC,41.82389937106918
2026-08-31,YPD,
2026-08-31,YPF,51.82370820668693
2026-08-31,YPI,46.42857142857143
2026-08-31,YPK,50.0
2026-08-31,YPL,54.33130699088146
2026-08-31,YPN,67.40121580547113
2026-08-31,YPP,
2026-08-31,YPR,56.375838926174495
2026-08-31,YPT,36.18421052631579
2026-08-31,YPU,68.00911854103343
2026-08-31,YPV,71.83908045977012
2026-08-31,YRZ,28.495440729483285
2026-08-31,YSA,81.0030395136778
2026-08-31,YSH,81.44654088050314
2026-08-31,YSL,32.27848101265823
2026-08-31,YSO,91.7933130699088
2026-08-31,YSU,52.83018867924528
2026-08-31,YTD,70.11494252873564
2026-08-31,YTJ,
2026-08-31,YTO,
2026-08-31,YTR,
2026-08-31,YTV,17.29559748427673
2026-08-31,YTY,69.52887537993921
2026-08-31,YUB,56.68693009118542
2026-08-31,YUD,
2026-08-31,YUI,
2026-08-31,YUK,30.3951367781155
2026-08-31,YUN,53.19148936170213
2026-08-31,YUY,
2026-08-31,YVB,82.27848101265823
2026-08-31,YVD,51.31578947368421
2026-08-31,YVF,
2026-08-31,YVG,64.43768996960488
2026-08-31,YVO,
2026-08-31,YVS,
2026-08-31,YZC,77.67295597484276
2026-08-31,YZF,
2026-08-31,YZG,67.24137931034483
2026-08-31,YZH,87.91946308724832
2026-08-31,YZK,31.15501519756839
2026-08-31,YZL,56.68693009118542
2026-08-31,YZT,95.28301886792453
2026-08-31,ZA2,51.64473684210526
2026-08-31,ZAD,46.835443037974684
2026-08-31,ZAV,37.31003039513678
2026-08-31,ZAY,9.210526315789473
2026-08-31,ZBD,57.86163522012579
2026-08-31,ZBI,36.70886075949367
2026-08-31,ZBJ,77.96052631578948
2026-08-31,ZBN,31.15501519756839
2026-08-31,ZBO,64.36170212765957
2026-08-31,ZBZ,
2026-08-31,ZCA,
2026-08-31,ZCB,
2026-08-31,ZCC,
2026-08-31,ZCD,33.56164383561644
2026-08-31,ZCE,
2026-08-31,ZCF,
2026-08-31,ZCG,76.51975683890578
2026-08-31,ZCH,
2026-08-31,ZCK,79.43037974683544
2026-08-31,ZCN,88.50574712643677
2026-08-31,ZDD,53.459119496855344
2026-08-31,ZDK,
2026-08-31,ZDZ,65.72327044025157
2026-08-31,ZFB,39.937106918238996
2026-08-31,ZFZ,
2026-08-31,ZHH,64.76510067114094
2026-08-31,ZIH,50.31446540880503
2026-08-31,ZJB,32.066869300911854
2026-08-31,ZJH,
2026-08-31,ZJI,34.19452887537994
2026-08-31,ZJL,51.67785234899329
2026-08-31,ZJT,
2026-08-31,ZJV,60.06711409395973
2026-08-31,ZK1,44.30379746835443
2026-08-31,ZK2,20.88607594936709
2026-08-31,ZKK,
2026-08-31,ZLB,29.711246200607903
2026-08-31,ZLG,
2026-08-31,ZLH,42.28187919463087
2026-08-31,ZMT,69.6048632218845
2026-08-31,ZMU,57.52279635258358
2026-08-31,ZMY,67.29559748427673
2026-08-31,ZNF,
2026-08-31,ZOS,66.45136778115503
2026-08-31,ZP1,
2026-08-31,ZP2,
2026-08-31,ZP3,
2026-08-31,ZP6,13.291139240506329
2026-08-31,ZP7,
2026-08-31,ZP8,42.10526315789474
2026-08-31,ZP9,50.31645569620253
2026-08-31,ZPA,59.726443768996965
2026-08-31,ZPC,71.83908045977012
2026-08-31,ZPE,72.15189873417722
2026-08-31,ZPF,37.34177215189873
2026-08-31,ZPG,34.810126582278485
2026-08-31,ZPH,50.65789473684211
2026-08-31,ZPJ,53.48101265822785
2026-08-31,ZPK,66.13924050632912
2026-08-31,ZPN,
2026-08-31,ZPO,84.21052631578948
2026-08-31,ZPR,78.28947368421052
2026-08-31,ZR2,
2026-08-31,ZR3,37.006079027355625
2026-08-31,ZSB,79.55927051671732
2026-08-31,ZSF,47.31543624161074
2026-08-31,ZSG,55.74712643678161
2026-08-31,ZSK,
2026-08-31,ZSN,
2026-08-31,ZTF,
2026-08-31,ZTG,27.586206896551726
2026-08-31,ZTV,56.375838926174495
2026-08-31,ZUD,
2026-08-31,ZUE,
2026-08-31,ZUS,21.6565349544073
2026-08-31,ZVB,37.38601823708207
2026-08-31,ZVO,30.54711246200608
2026-08-31,ZYC,
2026-08-31,ZYD,
2026-08-31,ZZL,62.19604863221885
2026-08-31,FDY,
2026-08-31,ZJR,
2026-08-31,DKY,36.20820668693009
2026-08-31,FKH,
2026-09-01,AAL,0.3289473684210526
2026-09-01,AAS,40.804597701149426
2026-09-01,AAV,48.65771812080537
2026-09-01,ABG,78.79939209726444
2026-09-01,ABJ,
2026-09-01,ABU,81.44654088050315
2026-09-01,AC1,59.81012658227848
2026-09-01,AC2,38.67781155015197
2026-09-01,AC3,17.857142857142858
2026-09-01,AC4,93.0921052631579
2026-09-01,AC5,86.55015197568389
2026-09-01,AC6,50.98784194528876
2026-09-01,AC7,3.723404255319149
2026-09-01,AC8,25.91185410334346
2026-09-01,ACC,34.56375838926174
2026-09-01,ACD,73.27044025157232
2026-09-01,ACN,59.650455927051674
2026-09-01,ACU,56.00303951367781
2026-09-01,ADE,50.62893081761006
2026-09-01,ADP,13.758389261744966
2026-09-01,AED,96.54088050314465
2026-09-01,AES,6.321839080459771
2026-09-01,AEV,
2026-09-01,AFA,89.59731543624162
2026-09-01,AFO,56.849315068493155
2026-09-01,AFS,92.28187919463086
2026-09-01,AFT,9.731543624161073
2026-09-01,AFV,82.21476510067114
2026-09-01,AGC,71.38364779874213
2026-09-01,AHH,89.74164133738601
2026-09-01,AHI,45.97315436241611
2026-09-01,AHN,66.64133738601824
2026-09-01,AHU,28.48101265822785
2026-09-01,AHV,79.88505747126436
2026-09-01,AHZ,90.22988505747126
2026-09-01,AI1,93.9969604863222
2026-09-01,AIH,
2026-09-01,AII,
2026-09-01,AIM,
2026-09-01,AIR,
2026-09-01,AIS,70.72368421052632
2026-09-01,AJ1,70.74468085106383
2026-09-01,AJE,74.3920972644377
2026-09-01,AJK,92.17325227963525
2026-09-01,AJL,45.66869300911854
2026-09-01,AJN,37.31003039513678
2026-09-01,AK2,66.45569620253164
2026-09-01,AK3,74.16107382550335
2026-09-01,AKE,10.759493670886076
2026-09-01,AKU,62.08053691275168
2026-09-01,AL4,70.56962025316456
2026-09-01,AL5,21.202531645569618
2026-09-01,AL6,69.30379746835443
2026-09-01,AL7,76.89873417721519
2026-09-01,ALC,84.22818791946308
2026-09-01,ALE,30.592105263157894
2026-09-01,AN1,80.18867924528303
2026-09-01,ANL,77.96052631578947
2026-09-01,ANZ,44.30091185410334
2026-09-01,AOJ,40.65349544072948
2026-09-01,AOY,4.3624161073825505
2026-09-01,AP2,14.209726443768997
2026-09-01,AP4,9.954407294832828
2026-09-01,AP5,
2026-09-01,AP6,8.904109589041095
2026-09-01,AP7,76.67173252279636
2026-09-01,APJ,23.563218390804597
2026-09-01,APP,
2026-09-01,APT,75.31645569620254
2026-09-01,ARE,96.30872483221476
2026-09-01,ARF,
2026-09-01,ARL,21.26436781609195
2026-09-01,ARM,1.7241379310344827
2026-09-01,ARP,
2026-09-01,AS1,
2026-09-01,AS3,17.705167173252278
2026-09-01,ASJ,69.46308724832215
2026-09-01,ATJ,
2026-09-01,AU1,99.31506849315068
2026-09-01,AUV,29.711246200607906
2026-09-01,AVC,6.914893617021277
2026-09-01,AVT,80.37974683544303
2026-09-01,AVZ,
2026-09-01,AY6,59.04255319148937
2026-09-01,AY7,75.75987841945289
2026-09-01,AYA,14.429530201342283
2026-09-01,AYR,55.06329113924051
2026-09-01,AZF,
2026-09-01,AZJ,92.02127659574468
2026-09-01,AZV,
2026-09-01,AZZ,
2026-09-01,BA1,93.2370820668693
2026-09-01,BAC,0.8358662613981762
2026-09-01,BAG,90.0
2026-09-01,BAI,66.43835616438356
2026-09-01,BAL,
2026-09-01,BAO,
2026-09-01,BAS,
2026-09-01,BBF,44.936708860759495
2026-09-01,BBI,
2026-09-01,BBN,14.513677811550153
2026-09-01,BBO,4.635258358662614
2026-09-01,BBP,57.59493670886076
2026-09-01,BBS,97.3404255319149
2026-09-01,BCC,
2026-09-01,BCK,38.05031446540881
2026-09-01,BCO,99.68354430379746
2026-09-01,BDA,14.873417721518987
2026-09-01,BDC,25.455927051671733
2026-09-01,BDI,9.498480243161096
2026-09-01,BDO,14.969604863221885
2026-09-01,BDS,3.0201342281879198
2026-09-01,BDY,94.96644295302013
2026-09-01,BFE,37.35632183908046
2026-09-01,BFO,
2026-09-01,BFS,85.63218390804597
2026-09-01,BFT,3.691275167785235
2026-09-01,BGH,
2026-09-01,BGP,33.223684210526315
2026-09-01,BGR,62.751677852349
2026-09-01,BHA,95.63758389261746
2026-09-01,BHE,32.902735562310035
2026-09-01,BHF,11.0062893081761
2026-09-01,BHH,5.395136778115502
2026-09-01,BHI,93.38905775075987
2026-09-01,BHL,29.407294832826747
2026-09-01,BHN,3.2674772036474162
2026-09-01,BHO,
2026-09-01,BI5,10.410334346504559
2026-09-01,BIA,
2026-09-01,BID,60.738255033557046
2026-09-01,BIG,64.76510067114094
2026-09-01,BIH,97.6510067114094
2026-09-01,BIK,2.2036474164133737
2026-09-01,BIO,12.416107382550337
2026-09-01,BIP,66.11842105263158
2026-09-01,BIS,75.91185410334347
2026-09-01,BIY,80.20134228187919
2026-09-01,BJD,33.20668693009118
2026-09-01,BKO,
2026-09-01,BKY,61.70886075949367
2026-09-01,BLA,1.2917933130699089
2026-09-01,BLD,90.80547112462007
2026-09-01,BLT,97.94520547945206
2026-09-01,BMU,71.65653495440729
2026-09-01,BNC,78.19148936170212
2026-09-01,BNH,62.38601823708206
2026-09-01,BOH,5.547112462006079
2026-09-01,BOL,65.18987341772153
2026-09-01,BON,36.075949367088604
2026-09-01,BOP,82.59878419452887
2026-09-01,BOS,6.164383561643835
2026-09-01,BP5,9.650455927051672
2026-09-01,BPD,88.52583586626139
2026-09-01,BPZ,99.67105263157895
2026-09-01,BRB,2.3556231003039514
2026-09-01,BRC,73.63221884498479
2026-09-01,BRF,60.3448275862069
2026-09-01,BRG,69.4078947368421
2026-09-01,BRH,41.413373860182375
2026-09-01,BRR,96.83544303797468
2026-09-01,BRT,5.851063829787234
2026-09-01,BRZ,
2026-09-01,BS1,95.51671732522796
2026-09-01,BSA,
2026-09-01,BSC,4.787234042553192
2026-09-01,BSD,61.474164133738604
2026-09-01,BSE,4.179331306990881
2026-09-01,BSF,
2026-09-01,BSH,
2026-09-01,BSM,97.49240121580547
2026-09-01,BSN,2.0516717325227964
2026-09-01,BST,23.17629179331307
2026-09-01,BTE,58.80503144654088
2026-09-01,BTJ,79.86322188449849
2026-09-01,BTK,49.68354430379747
2026-09-01,BTP,4.934210526315789
2026-09-01,BTY,
2026-09-01,BTZ,
2026-09-01,BUB,89.08045977011494
2026-09-01,BUC,5.699088145896656
2026-09-01,BUP,
2026-09-01,BUT,
2026-09-01,BUV,18.161094224924014
2026-09-01,BUY,52.013422818791945
2026-09-01,BV1,71.47651006711409
2026-09-01,BVB,
2026-09-01,BVC,
2026-09-01,BVD,64.46540880503144
2026-09-01,BVF,77.30263157894737
2026-09-01,BVH,65.27355623100304
2026-09-01,BVI,19.07294832826748
2026-09-01,BVK,
2026-09-01,BVM,16.48936170212766
2026-09-01,BVT,65.12158054711246
2026-09-01,BVV,41.82389937106918
2026-09-01,BVZ,93.08510638297872
2026-09-01,BYZ,13.905775075987842
2026-09-01,CAH,4.331306990881459
2026-09-01,CBD,12.537993920972646
2026-09-01,CBN,
2026-09-01,CBO,
2026-09-01,CEY,
2026-09-01,CFO,17.434210526315788
2026-09-01,CGD,
2026-09-01,CHY,19.52887537993921
2026-09-01,CIN,43.08510638297872
2026-09-01,CJD,79.7112462006079
2026-09-01,CJF,
2026-09-01,CJG,
2026-09-01,CJH,26.063829787234045
2026-09-01,CKF,69.9367088607595
2026-09-01,CKL,72.64150943396226
2026-09-01,CKS,62.34177215189873
2026-09-01,COT,49.92401215805471
2026-09-01,CPT,9.119496855345911
2026-09-01,CPU,72.46835443037975
2026-09-01,CRL,
2026-09-01,CSD,
2026-09-01,CSH,6.306990881458967
2026-09-01,CTF,
2026-09-01,CTG,
2026-09-01,CTM,
2026-09-01,CTP,
2026-09-01,CTV,
2026-09-01,CVA,
2026-09-01,CVB,
2026-09-01,CVC,
2026-09-01,CVD,
2026-09-01,CVE,
2026-09-01,CVF,
2026-09-01,CVK,56.0126582278481
2026-09-01,CVL,99.0506329113924
2026-09-01,CYD,55.69908814589666
2026-09-01,DA1,
2026-09-01,DAC,
2026-09-01,DAE,
2026-09-01,DAH,46.644295302013425
2026-09-01,DAI,
2026-09-01,DAL,
2026-09-01,DAP,31.25
2026-09-01,DAS,53.57142857142857
2026-09-01,DAT,
2026-09-01,DAV,50.6838905775076
2026-09-01,DAZ,
2026-09-01,DB2,
2026-09-01,DBA,47.26027397260274
2026-09-01,DBB,39.87341772151899
2026-09-01,DBG,
2026-09-01,DBH,12.025316455696203
2026-09-01,DBK,85.44303797468355
2026-09-01,DBP,75.15723270440252
2026-09-01,DBZ,29.746835443037973
2026-09-01,DCB,39.80263157894737
2026-09-01,DCD,
2026-09-01,DCE,
2026-09-01,DCN,89.14473684210526
2026-09-01,DCP,
2026-09-01,DCV,60.71428571428571
2026-09-01,DDA,62.537993920972646
2026-09-01,DDC,7.37082066869301
2026-09-01,DDE,
2026-09-01,DDF,87.46200607902736
2026-09-01,DDP,
2026-09-01,DEF,73.48024316109422
2026-09-01,DEH,82.88590604026845
2026-09-01,DEI,
2026-09-01,DFC,1.5723270440251573
2026-09-01,DFD,79.25531914893617
2026-09-01,DFI,87.31003039513678
2026-09-01,DFO,
2026-09-01,DGF,54.40251572327044
2026-09-01,DGH,72.69736842105263
2026-09-01,DHI,11.018237082066868
2026-09-01,DHJ,47.31543624161073
2026-09-01,DHM,17.81609195402299
2026-09-01,DHP,
2026-09-01,DHS,
2026-09-01,DHT,11.635220125786164
2026-09-01,DHV,19.984802431610944
2026-09-01,DID,40.56603773584906
2026-09-01,DIH,56.45896656534954
2026-09-01,DIM,
2026-09-01,DIP,41.118421052631575
2026-09-01,DK1,63.60759493670886
2026-09-01,DK8,33.66261398176292
2026-09-01,DKA,69.68085106382979
2026-09-01,DKC,75.30395136778115
2026-09-01,DKH,30.063291139240505
2026-09-01,DKL,43.35443037974683
2026-09-01,DKP,42.02127659574468
2026-09-01,DKR,36.246200607902736
2026-09-01,DKS,
2026-09-01,DL2,6.907894736842106
2026-09-01,DLD,81.54362416107382
2026-09-01,DLG,
2026-09-01,DLN,97.79635258358662
2026-09-01,DLY,41.776315789473685
2026-09-01,DLZ,39.285714285714285
2026-09-01,DMG,29.310344827586203
2026-09-01,DMI,
2026-09-01,DMR,
2026-09-01,DMV,
2026-09-01,DMZ,
2026-09-01,DNA,
2026-09-01,DNF,63.793103448275865
2026-09-01,DNH,30.47112462006079
2026-09-01,DNK,39.55696202531646
2026-09-01,DNL,
2026-09-01,DNM,73.17629179331307
2026-09-01,DNP,76.64473684210526
2026-09-01,DNU,62.68996960486323
2026-09-01,DOC,33.05471124620061
2026-09-01,DOD,59.80243161094225
2026-09-01,DOH,96.12462006079028
2026-09-01,DOL,83.05471124620061
2026-09-01,DOR,
2026-09-01,DOS,
2026-09-01,DOV,26.671732522796354
2026-09-01,DP1,
2026-09-01,DP2,53.11550151975683
2026-09-01,DP3,
2026-09-01,DP4,
2026-09-01,DP5,
2026-09-01,DP6,30.319148936170215
2026-09-01,DP7,
2026-09-01,DP8,78.76712328767124
2026-09-01,DP9,26.82370820668693
2026-09-01,DPB,45.21276595744681
2026-09-01,DPC,
2026-09-01,DPE,
2026-09-01,DPG,
2026-09-01,DPI,75.15197568389058
2026-09-01,DPK,65.50632911392405
2026-09-01,DPL,
2026-09-01,DPN,
2026-09-01,DPP,
2026-09-01,DPT,45.302013422818796
2026-09-01,DPZ,
2026-09-01,DRA,28.3434650455927
2026-09-01,DRD,24.39209726443769
2026-09-01,DRH,58.58662613981763
2026-09-01,DRT,66.98113207547169
2026-09-01,DSC,
2026-09-01,DSD,44.90881458966565
2026-09-01,DSH,97.94832826747721
2026-09-01,DSP,87.93103448275862
2026-09-01,DSV,25.0
2026-09-01,DTH,37.919463087248324
2026-09-01,DTL,66.77852348993288
2026-09-01,DTM,32.38993710691824
2026-09-01,DTO,63.297872340425535
2026-09-01,DTP,
2026-09-01,DTV,
2026-09-01,DTZ,46.855345911949684
2026-09-01,DUC,
2026-09-01,DUD,80.01519756838906
2026-09-01,DUH,12.386018237082066
2026-09-01,DUT,64.36170212765957
2026-09-01,DUV,24.68354430379747
2026-09-01,DVC,
2026-09-01,DVI,
2026-09-01,DVN,
2026-09-01,DVO,
2026-09-01,DVS,99.62006079027356
2026-09-01,DVT,70.12578616352201
2026-09-01,DVU,
2026-09-01,DVZ,
2026-09-01,DXP,75.50335570469798
2026-09-01,DYJ,60.258358662613986
2026-09-01,DYN,33.64779874213836
2026-09-01,DYS,90.65349544072949
2026-09-01,DZ2,
2026-09-01,DZE,68.12080536912751
2026-09-01,DZM,54.17933130699089
2026-09-01,DZP,
2026-09-01,DZS,81.0790273556231
2026-09-01,EBD,37.42138364779874
2026-09-01,EBI,40.80547112462006
2026-09-01,EBS,47.64437689969605
2026-09-01,EC2,39.261744966442954
2026-09-01,ECA,95.9119496855346
2026-09-01,ECB,49.67105263157895
2026-09-01,ECV,62.65822784810127
2026-09-01,EDD,98.42767295597484
2026-09-01,EDN,85.22012578616352
2026-09-01,EDP,84.53947368421053
2026-09-01,EDT,86.70212765957447
2026-09-01,EDU,75.78616352201259
2026-09-01,EES,
2026-09-01,EGP,63.14589665653495
2026-09-01,EGR,80.81761006289308
2026-09-01,EHS,
2026-09-01,EIB,62.57861635220125
2026-09-01,EID,67.4496644295302
2026-09-01,EIL,75.98684210526315
2026-09-01,EJG,
2026-09-01,EKF,51.58227848101266
2026-09-01,EKL,3.618421052631579
2026-09-01,ELZ,8.544303797468354
2026-09-01,EME,10.25835866261398
2026-09-01,EML,49.37106918238994
2026-09-01,ENA,99.05660377358491
2026-09-01,ENJ,43.288590604026844
2026-09-01,ENO,91.41337386018236
2026-09-01,ENR,97.03947368421053
2026-09-01,ENS,86.47798742138365
2026-09-01,EP1,27.960526315789476
2026-09-01,EPA,13.486842105263158
2026-09-01,EPI,29.430379746835445
2026-09-01,EPK,4.794520547945205
2026-09-01,EPO,
2026-09-01,EPP,43.75
2026-09-01,EPT,49.01315789473684
2026-09-01,ESG,71.20060790273556
2026-09-01,ESN,54.93920972644377
2026-09-01,ESP,8.434650455927052
2026-09-01,ETN,
2026-09-01,EUN,32.598784194528875
2026-09-01,EUZ,50.379939209726444
2026-09-01,EVM,78.30188679245283
2026-09-01,EYT,61.49425287356321
2026-09-01,EZM,
2026-09-01,FAK,0.684931506849315
2026-09-01,FAL,51.369863013698634
2026-09-01,FBC,6.645569620253164
2026-09-01,FBI,87.61398176291793
2026-09-01,FBN,42.47720364741641
2026-09-01,FBV,72.56838905775076
2026-09-01,FBZ,85.03039513677811
2026-09-01,FCK,7.9113924050632916
2026-09-01,FCS,88.98176291793312
2026-09-01,FD1,45.59748427672956
2026-09-01,FDE,38.82978723404255
2026-09-01,FDG,8.49056603773585
2026-09-01,FDO,
2026-09-01,FDV,
2026-09-01,FDZ,10.106382978723403
2026-09-01,FFD,78.61842105263158
2026-09-01,FFF,
2026-09-01,FFH,45.88607594936709
2026-09-01,FFO,
2026-09-01,FFP,53.44827586206896
2026-09-01,FHI,20.74468085106383
2026-09-01,FHP,19.407894736842106
2026-09-01,FHZ,
2026-09-01,FI3,32.278481012658226
2026-09-01,FI5,63.48684210526315
2026-09-01,FIB,28.08219178082192
2026-09-01,FID,43.710691823899374
2026-09-01,FIL,32.56578947368421
2026-09-01,FIT,25.949367088607595
2026-09-01,FJB,49.16413373860182
2026-09-01,FJC,73.32826747720364
2026-09-01,FJM,56.762917933130694
2026-09-01,FJN,72.11246200607903
2026-09-01,FJZ,62.8419452887538
2026-09-01,FKE,46.88449848024316
2026-09-01,FKV,34.57446808510639
2026-09-01,FLS,74.24012158054711
2026-09-01,FLY,7.861635220125786
2026-09-01,FMG,30.167173252279632
2026-09-01,FMS,
2026-09-01,FMV,93.69300911854104
2026-09-01,FNO,47.48427672955975
2026-09-01,FNT,78.03951367781154
2026-09-01,FP4,1.8996960486322187
2026-09-01,FPE,6.962025316455696
2026-09-01,FPG,49.77203647416413
2026-09-01,FPH,68.79194630872483
2026-09-01,FPI,18.092105263157894
2026-09-01,FPK,18.354430379746837
2026-09-01,FPR,38.22188449848024
2026-09-01,FPZ,63.90577507598785
2026-09-01,FR1,7.218844984802432
2026-09-01,FRA,
2026-09-01,FRC,15.577507598784193
2026-09-01,FRZ,
2026-09-01,FS1,2.9635258358662613
2026-09-01,FS2,65.88145896656535
2026-09-01,FS3,0.31645569620253167
2026-09-01,FS4,0.5319148936170213
2026-09-01,FS5,58.43465045592705
2026-09-01,FS6,89.13373860182371
2026-09-01,FSF,44.40789473684211
2026-09-01,FSG,38.06990881458967
2026-09-01,FSH,8.620689655172415
2026-09-01,FSK,64.14473684210526
2026-09-01,FSM,22.56838905775076
2026-09-01,FSP,
2026-09-01,FSR,37.765957446808514
2026-09-01,FSU,99.42528735632183
2026-09-01,FSV,26.51975683890577
2026-09-01,FTL,25.32894736842105
2026-09-01,FTY,37.61398176291793
2026-09-01,FUA,58.7248322147651
2026-09-01,FUB,3.1645569620253164
2026-09-01,FUM,
2026-09-01,FUN,86.39817629179332
2026-09-01,FUP,
2026-09-01,FVL,85.94224924012158
2026-09-01,FYA,18.465045592705167
2026-09-01,FYB,
2026-09-01,FYD,35.23489932885906
2026-09-01,FYF,49.620060790273556
2026-09-01,FYG,
2026-09-01,FYH,28.495440729483285
2026-09-01,FYI,84.27051671732522
2026-09-01,FYM,70.13677811550151
2026-09-01,FYO,61.39240506329114
2026-09-01,FYT,90.50632911392405
2026-09-01,FYZ,
2026-09-01,FZJ,75.28735632183908
2026-09-01,FZP,69.83282674772036
2026-09-01,GA1,50.0
2026-09-01,GAC,
2026-09-01,GAE,55.369127516778526
2026-09-01,GAF,21.812080536912752
2026-09-01,GAG,77.58358662613982
2026-09-01,GAH,70.75471698113208
2026-09-01,GAJ,
2026-09-01,GAL,33.881578947368425
2026-09-01,GAN,26.21580547112462
2026-09-01,GAS,72.72036474164135
2026-09-01,GAU,
2026-09-01,GAV,
2026-09-01,GBC,25.838926174496645
2026-09-01,GBG,65.43624161073825
2026-09-01,GBH,40.5015197568389
2026-09-01,GBJ,60.56231003039514
2026-09-01,GBL,38.607594936708864
2026-09-01,GBN,80.16717325227964
2026-09-01,GBP,
2026-09-01,GBV,9.748427672955975
2026-09-01,GBZ,74.13793103448276
2026-09-01,GCA,
2026-09-01,GCC,
2026-09-01,GCD,80.47112462006079
2026-09-01,GCI,
2026-09-01,GCZ,
2026-09-01,GDJ,
2026-09-01,GDP,
2026-09-01,GEC,
2026-09-01,GEI,0.22796352583586624
2026-09-01,GEZ,
2026-09-01,GFB,
2026-09-01,GFD,
2026-09-01,GFI,
2026-09-01,GFL,
2026-09-01,GFN,
2026-09-01,GFY,
2026-09-01,GGA,
2026-09-01,GGC,
2026-09-01,GGD,
2026-09-01,GGK,54.109589041095894
2026-09-01,GGM,
2026-09-01,GGN,
2026-09-01,GGP,
2026-09-01,GGR,
2026-09-01,GHS,30.536912751677853
2026-09-01,GID,86.24161073825503
2026-09-01,GIE,80.87248322147651
2026-09-01,GIH,
2026-09-01,GJA,
2026-09-01,GJB,28.160919540229884
2026-09-01,GJD,
2026-09-01,GJE,
2026-09-01,GJF,
2026-09-01,GJH,9.539473684210527
2026-09-01,GJM,44.756838905775076
2026-09-01,GJO,
2026-09-01,GKF,35.12658227848101
2026-09-01,GKG,66.10738255033557
2026-09-01,GKH,23.355263157894736
2026-09-01,GKK,
2026-09-01,GKL,
2026-09-01,GKM,57.82674772036474
2026-09-01,GKV,80.69620253164557
2026-09-01,GL1,61.40939597315436
2026-09-01,GLC,67.24137931034483
2026-09-01,GLG,36.85410334346504
2026-09-01,GLL,58.21917808219178
2026-09-01,GLM,
2026-09-01,GLP,
2026-09-01,GLS,54.74683544303798
2026-09-01,GLV,35.48632218844985
2026-09-01,GMA,59.43396226415094
2026-09-01,GMC,12.068965517241379
2026-09-01,GMD,86.7816091954023
2026-09-01,GME,
2026-09-01,GMI,54.63525835866262
2026-09-01,GMM,55.243161094224924
2026-09-01,GMN,24.671052631578945
2026-09-01,GMO,
2026-09-01,GMP,
2026-09-01,GMR,18.456375838926174
2026-09-01,GMZ,
2026-09-01,GNH,
2026-09-01,GNK,
2026-09-01,GNL,
2026-09-01,GNP,36.51315789473684
2026-09-01,GNS,33.89261744966443
2026-09-01,GNZ,
2026-09-01,GO1,94.82758620689656
2026-09-01,GO3,66.0919540229885
2026-09-01,GO4,39.6551724137931
2026-09-01,GO6,83.22368421052632
2026-09-01,GO9,25.16778523489933
2026-09-01,GOF,66.03343465045593
2026-09-01,GOH,78.18791946308725
2026-09-01,GOL,23.972602739726025
2026-09-01,GOP,83.88157894736842
2026-09-01,GP1,
2026-09-01,GP3,74.08814589665653
2026-09-01,GPA,14.556962025316455
2026-09-01,GPB,82.70440251572327
2026-09-01,GPC,47.340425531914896
2026-09-01,GPF,71.83544303797468
2026-09-01,GPG,36.79245283018868
2026-09-01,GPH,
2026-09-01,GPI,74.52830188679245
2026-09-01,GPJ,
2026-09-01,GPL,57.06686930091185
2026-09-01,GPM,
2026-09-01,GPN,92.43421052631578
2026-09-01,GPT,29.874213836477985
2026-09-01,GPU,69.49685534591194
2026-09-01,GPV,
2026-09-01,GPZ,97.69736842105263
2026-09-01,GRL,39.43768996960486
2026-09-01,GRO,67.85714285714286
2026-09-01,GRT,26.51006711409396
2026-09-01,GSE,73.78419452887537
2026-09-01,GSG,
2026-09-01,GSL,
2026-09-01,GSO,
2026-09-01,GSP,39.93288590604027
2026-09-01,GSR,
2026-09-01,GTA,40.41095890410959
2026-09-01,GTF,17.088607594936708
2026-09-01,GTH,83.55704697986577
2026-09-01,GTK,
2026-09-01,GTL,70.06578947368422
2026-09-01,GTM,37.24832214765101
2026-09-01,GTN,
2026-09-01,GTY,47.796352583586625
2026-09-01,GTZ,9.770114942528735
2026-09-01,GUA,
2026-09-01,GUB,79.11392405063292
2026-09-01,GUC,
2026-09-01,GUF,47.701149425287355
2026-09-01,GUH,31.879194630872483
2026-09-01,GUK,11.708860759493671
2026-09-01,GUM,10.0
2026-09-01,GUV,27.21518987341772
2026-09-01,GVA,14.779874213836477
2026-09-01,GVB,
2026-09-01,GVC,
2026-09-01,GVD,
2026-09-01,GVI,36.206896551724135
2026-09-01,GVL,
2026-09-01,GVZ,
2026-09-01,GYC,
2026-09-01,GYG,
2026-09-01,GYK,63.92405063291139
2026-09-01,GYL,48.734177215189874
2026-09-01,GYN,
2026-09-01,GYR,
2026-09-01,GZB,
2026-09-01,GZD,
2026-09-01,GZE,61.62613981762918
2026-09-01,GZG,88.36477987421384
2026-09-01,GZH,0.3144654088050315
2026-09-01,GZJ,46.55172413793103
2026-09-01,GZL,44.339622641509436
2026-09-01,GZM,99.3161094224924
2026-09-01,GZN,79.55927051671733
2026-09-01,GZO,
2026-09-01,GZP,82.18390804597702
2026-09-01,GZR,38.59060402684564
2026-09-01,GZU,
2026-09-01,GZV,52.29885057471264
2026-09-01,GZY,5.345911949685535
2026-09-01,GZZ,34.90566037735849
2026-09-01,HAE,68.3130699088146
2026-09-01,HAG,64.209726443769
2026-09-01,HAI,69.17808219178082
2026-09-01,HAM,85.61643835616438
2026-09-01,HAR,34.11854103343465
2026-09-01,HAT,
2026-09-01,HB1,51.29179331306991
2026-09-01,HB2,16.185410334346503
2026-09-01,HBF,62.328767123287676
2026-09-01,HBJ,
2026-09-01,HBN,13.218390804597702
2026-09-01,HBU,56.711409395973156
2026-09-01,HBV,31.231003039513677
2026-09-01,HCV,18.670886075949365
2026-09-01,HDA,63.44984802431611
2026-09-01,HDD,90.88050314465409
2026-09-01,HDE,51.59574468085106
2026-09-01,HDH,8.738601823708207
2026-09-01,HDJ,90.95744680851064
2026-09-01,HDK,41.109422492401215
2026-09-01,HDS,68.00911854103343
2026-09-01,HDV,58.28267477203647
2026-09-01,HEH,55.09118541033434
2026-09-01,HFA,
2026-09-01,HFI,67.40506329113924
2026-09-01,HFO,
2026-09-01,HFR,1.006711409395973
2026-09-01,HFV,54.78723404255319
2026-09-01,HFY,61.07594936708861
2026-09-01,HGC,77.43161094224924
2026-09-01,HGH,9.80243161094225
2026-09-01,HGJ,59.34650455927052
2026-09-01,HGM,52.68456375838926
2026-09-01,HGR,46.27659574468085
2026-09-01,HGT,69.07294832826749
2026-09-01,HGU,
2026-09-01,HGV,18.9209726443769
2026-09-01,HIA,87.91793313069908
2026-09-01,HIF,22.720364741641337
2026-09-01,HIH,9.060402684563758
2026-09-01,HII,
2026-09-01,HIM,66.94528875379939
2026-09-01,HIP,51.64473684210527
2026-09-01,HIS,
2026-09-01,HIZ,36.16352201257861
2026-09-01,HJA,9.346504559270517
2026-09-01,HJB,48.742138364779876
2026-09-01,HKG,94.0251572327044
2026-09-01,HKH,12.341772151898734
2026-09-01,HKJ,73.35526315789474
2026-09-01,HKM,37.1580547112462
2026-09-01,HKP,6.012658227848101
2026-09-01,HKR,16.033434650455927
2026-09-01,HKV,95.56962025316456
2026-09-01,HLA,23.632218844984802
2026-09-01,HLL,75.32894736842105
2026-09-01,HLR,12.993920972644377
2026-09-01,HMC,71.80851063829788
2026-09-01,HME,85.790273556231
2026-09-01,HMG,84.57446808510637
2026-09-01,HMK,7.522796352583587
2026-09-01,HML,31.962025316455694
2026-09-01,HMS,10.40268456375839
2026-09-01,HMT,39.13373860182371
2026-09-01,HMV,10.714285714285714
2026-09-01,HNS,66.33738601823708
2026-09-01,HOA,24.842767295597483
2026-09-01,HOY,30.0
2026-09-01,HP3,91.71732522796353
2026-09-01,HPC,
2026-09-01,HPD,16.037735849056602
2026-09-01,HPF,14.361702127659576
2026-09-01,HPH,2.9605263157894735
2026-09-01,HPI,6.6109422492401215
2026-09-01,HPJ,
2026-09-01,HPL,1.1398176291793314
2026-09-01,HPO,55.0314465408805
2026-09-01,HPT,81.64556962025317
2026-09-01,HPV,88.29113924050634
2026-09-01,HPZ,
2026-09-01,HRZ,20.469798657718123
2026-09-01,HSA,17.92452830188679
2026-09-01,HSL,25.986842105263158
2026-09-01,HSP,21.200607902735563
2026-09-01,HST,37.34177215189873
2026-09-01,HTF,16.776315789473685
2026-09-01,HTJ,52.51572327044025
2026-09-01,HTK,0.5747126436781609
2026-09-01,HTS,36.3013698630137
2026-09-01,HTZ,6.7629179331307
2026-09-01,HUI,
2026-09-01,HUS,
2026-09-01,HVA,11.626139817629179
2026-09-01,HVB,18.31306990881459
2026-09-01,HVC,13.753799392097266
2026-09-01,HVI,24.496644295302016
2026-09-01,HVK,0.6329113924050633
2026-09-01,HVL,
2026-09-01,HVN,
2026-09-01,HVS,27.181208053691275
2026-09-01,HVT,91.11842105263158
2026-09-01,HVU,48.113207547169814
2026-09-01,HVV,
2026-09-01,HVZ,7.046979865771812
2026-09-01,HYK,66.1854103343465
2026-09-01,HYP,97.64437689969606
2026-09-01,HYU,81.99088145896657
2026-09-01,HYV,14.802631578947366
2026-09-01,HYY,
2026-09-01,HZV,
2026-09-01,IAC,
2026-09-01,IAE,82.0754716981132
2026-09-01,IAI,
2026-09-01,IAJ,
2026-09-01,IAM,32.758620689655174
2026-09-01,IAR,17.24924012158055
2026-09-01,IAS,11.778115501519757
2026-09-01,IAT,73.73417721518987
2026-09-01,IAU,57.21884498480243
2026-09-01,IAY,39.04109589041096
2026-09-01,IBB,22.32704402515723
2026-09-01,IBC,
2026-09-01,IBE,3.571428571428571
2026-09-01,IBG,53.87537993920972
2026-09-01,IBJ,70.2887537993921
2026-09-01,IBK,77.84810126582279
2026-09-01,IBM,74.54407294832826
2026-09-01,IBP,
2026-09-01,IBR,94.6048632218845
2026-09-01,ICA,19.863013698630137
2026-09-01,ICC,31.761006289308174
2026-09-01,ICD,61.32075471698113
2026-09-01,ICE,58.223684210526315
2026-09-01,ICF,85.57046979865773
2026-09-01,ICG,
2026-09-01,ICH,99.68553459119497
2026-09-01,ICN,89.28571428571429
2026-09-01,ICS,31.534954407294833
2026-09-01,ICV,
2026-09-01,ICZ,51.34228187919463
2026-09-01,IDD,55.85106382978723
2026-09-01,IDF,68.46504559270517
2026-09-01,IDH,79.53020134228188
2026-09-01,IDI,98.3221476510067
2026-09-01,IDL,95.72368421052632
2026-09-01,IDO,49.46808510638298
2026-09-01,IDP,11.322188449848024
2026-09-01,IDV,
2026-09-01,IDY,17.29559748427673
2026-09-01,IED,79.55974842767296
2026-09-01,IEN,22.112462006079028
2026-09-01,IEV,28.61635220125786
2026-09-01,IEZ,
2026-09-01,IFD,
2026-09-01,IFN,
2026-09-01,IFV,87.9746835443038
2026-09-01,IFY,
2026-09-01,IGF,
2026-09-01,IGL,57.56578947368421
2026-09-01,IGM,
2026-09-01,IGZ,
2026-09-01,IH1,54.69798657718121
2026-09-01,IHA,
2026-09-01,IHC,72.87234042553192
2026-09-01,IHK,41.2751677852349
2026-09-01,IHP,36.702127659574465
2026-09-01,IHT,49.328859060402685
2026-09-01,IHV,21.656534954407295
2026-09-01,IHY,
2026-09-01,IHZ,
2026-09-01,IIA,1.4437689969604863
2026-09-01,IIC,
2026-09-01,IIE,1.5957446808510638
2026-09-01,IIF,93.84498480243161
2026-09-01,IIH,59.395973154362416
2026-09-01,IIN,68.75
2026-09-01,IIS,0.3799392097264438
2026-09-01,IJA,26.729559748427672
2026-09-01,IJB,68.75
2026-09-01,IJC,2.20125786163522
2026-09-01,IJE,
2026-09-01,IJF,
2026-09-01,IJH,55.74712643678161
2026-09-01,IJI,96.73252279635258
2026-09-01,IJK,
2026-09-01,IJL,30.015197568389056
2026-09-01,IJP,43.75
2026-09-01,IJT,88.06990881458967
2026-09-01,IJV,91.77631578947368
2026-09-01,IJZ,72.0125786163522
2026-09-01,IK2,74.84802431610942
2026-09-01,IKL,56.25
2026-09-01,IKP,6.25
2026-09-01,IKV,67.72151898734177
2026-09-01,ILC,64.96960486322189
2026-09-01,ILE,
2026-09-01,ILH,58.88157894736842
2026-09-01,ILI,84.72644376899696
2026-09-01,ILM,31.838905775075986
2026-09-01,ILP,
2026-09-01,ILU,
2026-09-01,ILZ,92.52873563218391
2026-09-01,IMB,
2026-09-01,IMF,52.81155015197568
2026-09-01,IMG,54.027355623100306
2026-09-01,IMH,
2026-09-01,IML,53.355704697986575
2026-09-01,IMO,
2026-09-01,IMS,
2026-09-01,IMT,
2026-09-01,IMY,
2026-09-01,IMZ,
2026-09-01,INH,68.23899371069182
2026-09-01,INV,
2026-09-01,INZ,88.37386018237082
2026-09-01,IOG,32.4468085106383
2026-09-01,IOH,39.589665653495445
2026-09-01,IOJ,68.16109422492401
2026-09-01,IOL,
2026-09-01,IOM,6.003039513677812
2026-09-01,ION,27.43161094224924
2026-09-01,IOO,96.38157894736842
2026-09-01,IOP,82.56578947368422
2026-09-01,IOT,
2026-09-01,IOV,
2026-09-01,IPA,23.93617021276596
2026-09-01,IPB,39.937106918238996
2026-09-01,IPC,
2026-09-01,IPE,
2026-09-01,IPF,48.70820668693009
2026-09-01,IPG,43.103448275862064
2026-09-01,IPJ,18.75
2026-09-01,IPK,
2026-09-01,IPO,
2026-09-01,IPP,34.422492401215806
2026-09-01,IPR,
2026-09-01,IPU,
2026-09-01,IPV,15.822784810126583
2026-09-01,IRB,97.18844984802432
2026-09-01,IRE,58.890577507598785
2026-09-01,IRF,93.67816091954023
2026-09-01,IRL,43.693009118541035
2026-09-01,IRO,25.759878419452885
2026-09-01,IRT,50.0
2026-09-01,IRV,98.10030395136778
2026-09-01,IRY,37.82894736842105
2026-09-01,ISR,
2026-09-01,ISS,
2026-09-01,IST,82.91139240506328
2026-09-01,ITA,
2026-09-01,ITC,23.154362416107382
2026-09-01,ITD,
2026-09-01,ITJ,70.8966565349544
2026-09-01,ITL,
2026-09-01,ITP,31.25
2026-09-01,ITR,
2026-09-01,ITV,76.02739726027397
2026-09-01,ITZ,
2026-09-01,IUA,28.951367781155014
2026-09-01,IUB,
2026-09-01,IUC,
2026-09-01,IUF,70.59270516717325
2026-09-01,IUH,27.011494252873565
2026-09-01,IUM,
2026-09-01,IUN,
2026-09-01,IUV,77.88753799392097
2026-09-01,IUZ,90.46052631578947
2026-09-01,IV2,18.009118541033434
2026-09-01,IV6,
2026-09-01,IV7,
2026-09-01,IV8,92.08860759493672
2026-09-01,IVF,54.11392405063291
2026-09-01,IVS,62.08206686930091
2026-09-01,IVY,61.94968553459119
2026-09-01,IYB,51.886792452830186
2026-09-01,IYP,
2026-09-01,IYR,
2026-09-01,IYS,28.799392097264437
2026-09-01,IYV,33.96656534954408
2026-09-01,IZA,
2026-09-01,IZB,78.73563218390804
2026-09-01,IZE,
2026-09-01,IZL,62.23404255319149
2026-09-01,IZS,71.91780821917808
2026-09-01,IZV,
2026-09-01,IZY,60.1063829787234
2026-09-01,JET,13.522012578616351
2026-09-01,JOT,
2026-09-01,JUP,64.66565349544074
2026-09-01,KAC,42.08860759493671
2026-09-01,KAN,80.13698630136986
2026-09-01,KAV,29.45205479452055
2026-09-01,KBJ,34.878419452887535
2026-09-01,KBP,
2026-09-01,KBZ,
2026-09-01,KCL,42.721518987341774
2026-09-01,KCR,96.57534246575342
2026-09-01,KCV,75.0
2026-09-01,KDE,95.88607594936708
2026-09-01,KDI,30.927051671732524
2026-09-01,KDK,
2026-09-01,KDL,28.79746835443038
2026-09-01,KDO,20.569620253164558
2026-09-01,KDS,23.734177215189874
2026-09-01,KDT,44.620253164556964
2026-09-01,KDV,17.405063291139243
2026-09-01,KDZ,23.10126582278481
2026-09-01,KEI,
2026-09-01,KEO,
2026-09-01,KEU,12.974683544303797
2026-09-01,KFZ,
2026-09-01,KGM,28.164556962025316
2026-09-01,KH1,55.379746835443036
2026-09-01,KHA,99.66442953020133
2026-09-01,KHB,40.604026845637584
2026-09-01,KHC,34.49367088607595
2026-09-01,KHD,33.860759493670884
2026-09-01,KHF,
2026-09-01,KHJ,19.303797468354432
2026-09-01,KHP,54.93421052631579
2026-09-01,KHT,
2026-09-01,KHU,
2026-09-01,KIA,
2026-09-01,KIB,73.89937106918238
2026-09-01,KIE,94.4078947368421
2026-09-01,KIH,92.93313069908815
2026-09-01,KIK,16.77215189873418
2026-09-01,KIS,27.531645569620256
2026-09-01,KJK,
2026-09-01,KKB,
2026-09-01,KKC,15.50632911392405
2026-09-01,KKE,
2026-09-01,KKH,69.54022988505747
2026-09-01,KKL,87.65822784810126
2026-09-01,KKO,23.78419452887538
2026-09-01,KKP,42.62917933130699
2026-09-01,KKT,50.9493670886076
2026-09-01,KLH,4.113924050632911
2026-09-01,KLI,67.43421052631578
2026-09-01,KLL,
2026-09-01,KLM,
2026-09-01,KLS,
2026-09-01,KLU,26.644736842105267
2026-09-01,KMA,
2026-09-01,KME,71.20253164556962
2026-09-01,KMF,92.46575342465754
2026-09-01,KMN,50.0
2026-09-01,KMT,
2026-09-01,KNC,61.32218844984803
2026-09-01,KNI,12.828947368421053
2026-09-01,KNJ,90.82278481012658
2026-09-01,KNN,36.09422492401216
2026-09-01,KNP,
2026-09-01,KNS,
2026-09-01,KNT,
2026-09-01,KNV,
2026-09-01,KNZ,
2026-09-01,KO4,27.279635258358663
2026-09-01,KOB,77.53164556962025
2026-09-01,KOD,53.144654088050316
2026-09-01,KOP,29.25531914893617
2026-09-01,KOT,31.20805369127517
2026-09-01,KOZ,
2026-09-01,KP3,19.376899696048632
2026-09-01,KPA,62.9746835443038
2026-09-01,KPB,
2026-09-01,KPC,87.0253164556962
2026-09-01,KPD,11.075949367088606
2026-09-01,KPF,48.40425531914894
2026-09-01,KPH,28.523489932885905
2026-09-01,KPI,59.539473684210535
2026-09-01,KPK,
2026-09-01,KPM,
2026-09-01,KPP,42.43421052631579
2026-09-01,KPR,12.171052631578947
2026-09-01,KPS,54.483282674772035
2026-09-01,KPU,48.41772151898734
2026-09-01,KRC,34.810126582278485
2026-09-01,KRF,44.9685534591195
2026-09-01,KRH,74.69604863221885
2026-09-01,KRO,38.37386018237082
2026-09-01,KRR,81.25
2026-09-01,KRS,42.78115501519757
2026-09-01,KRT,59.49848024316109
2026-09-01,KRV,67.8082191780822
2026-09-01,KSA,98.70820668693008
2026-09-01,KSC,
2026-09-01,KSK,5.592105263157895
2026-09-01,KSL,10.443037974683545
2026-09-01,KSM,21.835443037974684
2026-09-01,KSP,33.51063829787234
2026-09-01,KSR,57.27848101265823
2026-09-01,KST,
2026-09-01,KSV,78.16455696202532
2026-09-01,KSY,87.00607902735563
2026-09-01,KTE,
2026-09-01,KTI,59.17721518987342
2026-09-01,KTJ,56.64556962025317
2026-09-01,KTM,83.86075949367088
2026-09-01,KTN,52.21518987341772
2026-09-01,KTR,68.67088607594937
2026-09-01,KTS,53.48101265822785
2026-09-01,KTT,43.9873417721519
2026-09-01,KTU,
2026-09-01,KTV,80.0632911392405
2026-09-01,KU3,66.13924050632912
2026-09-01,KUA,35.75949367088608
2026-09-01,KUB,39.308176100628934
2026-09-01,KUD,97.15189873417721
2026-09-01,KUP,25.60790273556231
2026-09-01,KUT,21.232876712328768
2026-09-01,KVA,
2026-09-01,KVK,45.25316455696203
2026-09-01,KVR,64.87341772151899
2026-09-01,KVS,91.10942249240122
2026-09-01,KVT,36.577181208053695
2026-09-01,KYA,11.073825503355705
2026-09-01,KYR,3.419452887537994
2026-09-01,KYS,58.130699088145896
2026-09-01,KZL,30.82191780821918
2026-09-01,KZO,
2026-09-01,KZU,48.63013698630137
2026-09-01,LAI,23.32826747720365
2026-09-01,LET,
2026-09-01,LFD,
2026-09-01,LGK,
2026-09-01,LGO,52.0516717325228
2026-09-01,LHM,
2026-09-01,LHP,51.44376899696048
2026-09-01,LKF,95.2054794520548
2026-09-01,LKT,85.85526315789474
2026-09-01,LLA,17.401215805471125
2026-09-01,LPH,99.01215805471124
2026-09-01,LRT,94.75683890577507
2026-09-01,LTC,67.24924012158054
2026-09-01,LTL,13.087248322147651
2026-09-01,LTS,45.82066869300912
2026-09-01,LZV,
2026-09-01,MAC,1.6778523489932886
2026-09-01,MAD,19.81132075471698
2026-09-01,MAS,20.592705167173253
2026-09-01,MAV,
2026-09-01,MBL,90.25157232704403
2026-09-01,MBR,68.9873417721519
2026-09-01,MCU,89.8936170212766
2026-09-01,MD1,88.9937106918239
2026-09-01,MD2,66.35220125786164
2026-09-01,MDF,4.022988505747127
2026-09-01,MET,38.67924528301887
2026-09-01,MGB,14.665653495440731
2026-09-01,MGD,
2026-09-01,MGE,0.6838905775075987
2026-09-01,MGH,61.93009118541033
2026-09-01,MHF,16.44295302013423
2026-09-01,MIK,84.4224924012158
2026-09-01,MJB,25.862068965517242
2026-09-01,MJE,3.481012658227848
2026-09-01,MJG,14.367816091954023
2026-09-01,MJH,21.808510638297875
2026-09-01,MJK,19.680851063829788
2026-09-01,MJL,57.97872340425532
2026-09-01,MKA,4.746835443037975
2026-09-01,MKG,81.5068493150685
2026-09-01,MKL,
2026-09-01,MLS,
2026-09-01,MLT,30.775075987841944
2026-09-01,MMH,54.0268456375839
2026-09-01,MOD,
2026-09-01,MOZ,52.963525835866264
2026-09-01,MP2,0.9878419452887538
2026-09-01,MP4,27.583586626139816
2026-09-01,MPD,79.40729483282675
2026-09-01,MPE,53.61842105263158
2026-09-01,MPF,88.92405063291139
2026-09-01,MPI,94.90881458966565
2026-09-01,MPK,68.0379746835443
2026-09-01,MPL,21.38157894736842
2026-09-01,MPN,46.12462006079027
2026-09-01,MPP,20.440729483282674
2026-09-01,MPS,19.936708860759495
2026-09-01,MRI,31.990881458966562
2026-09-01,MSK,
2026-09-01,MSO,
2026-09-01,MSR,8.130699088145898
2026-09-01,MT1,57.370820668693014
2026-09-01,MT2,60.19736842105263
2026-09-01,MT5,16.337386018237083
2026-09-01,MT6,2.054794520547945
2026-09-01,MT7,20.13677811550152
2026-09-01,MT8,0.07598784194528875
2026-09-01,MT9,15.729483282674773
2026-09-01,MTD,43.08176100628931
2026-09-01,MTE,
2026-09-01,MTF,43.84498480243161
2026-09-01,MTG,94.45288753799392
2026-09-01,MTH,94.29530201342283
2026-09-01,MTI,
2026-09-01,MTK,91.45569620253164
2026-09-01,MTL,10.866261398176292
2026-09-01,MTS,16.666666666666664
2026-09-01,MTU,8.282674772036474
2026-09-01,MTV,30.50314465408805
2026-09-01,MTX,12.264150943396226
2026-09-01,MUL,77.12765957446808
2026-09-01,MUT,52.35562310030395
2026-09-01,NAK,60.95890410958904
2026-09-01,NAL,11.643835616438356
2026-09-01,NAU,37.67123287671233
2026-09-01,NAV,82.90273556231003
2026-09-01,NBE,78.34346504559271
2026-09-01,NBH,99.92401215805471
2026-09-01,NBO,95.97701149425288
2026-09-01,NBZ,85.1823708206687
2026-09-01,NCS,89.43768996960486
2026-09-01,NCU,15.121580547112462
2026-09-01,NDL,
2026-09-01,NDS,38.525835866261396
2026-09-01,NES,
2026-09-01,NFF,54.59770114942529
2026-09-01,NFH,37.91793313069909
2026-09-01,NFK,24.088145896656535
2026-09-01,NHP,68.39080459770115
2026-09-01,NHT,
2026-09-01,NHV,
2026-09-01,NHY,23.825503355704697
2026-09-01,NIG,41.869300911854104
2026-09-01,NIS,96.27659574468085
2026-09-01,NJF,89.72602739726028
2026-09-01,NJG,76.9756838905775
2026-09-01,NJR,89.24050632911393
2026-09-01,NJY,85.75949367088607
2026-09-01,NKA,26.265822784810126
2026-09-01,NKC,19.12751677852349
2026-09-01,NKH,37.00607902735562
2026-09-01,NKJ,
2026-09-01,NKK,18.768996960486323
2026-09-01,NKL,87.7659574468085
2026-09-01,NKM,7.2784810126582276
2026-09-01,NKP,5.9748427672955975
2026-09-01,NKS,75.6079027355623
2026-09-01,NKT,97.78481012658227
2026-09-01,NKV,
2026-09-01,NLC,82.87671232876713
2026-09-01,NLD,
2026-09-01,NLE,93.6241610738255
2026-09-01,NLK,98.40425531914893
2026-09-01,NLL,47.03647416413374
2026-09-01,NME,9.177215189873419
2026-09-01,NMG,80.31914893617021
2026-09-01,NMP,20.065789473684212
2026-09-01,NMU,90.19756838905775
2026-09-01,NNF,11.74496644295302
2026-09-01,NOA,16.945288753799392
2026-09-01,NOI,96.42857142857143
2026-09-01,NOV,
2026-09-01,NP1,7.674772036474165
2026-09-01,NPH,8.389261744966444
2026-09-01,NPK,
2026-09-01,NRC,4.088050314465408
2026-09-01,NRG,46.381578947368425
2026-09-01,NRM,82.29483282674772
2026-09-01,NSA,56.9078947368421
2026-09-01,NSD,78.49544072948328
2026-09-01,NSH,92.47720364741642
2026-09-01,NSK,91.26139817629179
2026-09-01,NSP,64.80263157894737
2026-09-01,NSS,
2026-09-01,NST,58.053691275167786
2026-09-01,NSY,32.29483282674772
2026-09-01,NTB,
2026-09-01,NTD,
2026-09-01,NTF,82.14285714285714
2026-09-01,NTI,10.377358490566039
2026-09-01,NTO,
2026-09-01,NTS,92.78115501519757
2026-09-01,NUB,29.86322188449848
2026-09-01,NUG,26.71232876712329
2026-09-01,NUH,7.718120805369128
2026-09-01,NVB,38.48684210526316
2026-09-01,NVC,35.03039513677811
2026-09-01,NVK,36.392405063291136
2026-09-01,NVP,
2026-09-01,NVT,82.75075987841946
2026-09-01,NVZ,60.86626139817629
2026-09-01,NYH,
2026-09-01,NZH,56.289308176100626
2026-09-01,NZT,28.618421052631575
2026-09-01,NZU,25.0
2026-09-01,OAB,
2026-09-01,OAO,97.16981132075472
2026-09-01,OBI,19.62025316455696
2026-09-01,OBN,55.547112462006076
2026-09-01,OBP,93.39622641509435
2026-09-01,OBR,67.70516717325228
2026-09-01,OCM,
2026-09-01,OCN,
2026-09-01,OCT,
2026-09-01,ODD,81.38297872340425
2026-09-01,ODG,22.955974842767297
2026-09-01,ODN,95.06079027355622
2026-09-01,ODP,66.48936170212765
2026-09-01,ODS,64.51367781155015
2026-09-01,ODV,2.8735632183908044
2026-09-01,OFA,5.379746835443038
2026-09-01,OFB,86.24620060790274
2026-09-01,OFI,62.643678160919535
2026-09-01,OFK,13.60759493670886
2026-09-01,OFO,
2026-09-01,OFS,76.4367816091954
2026-09-01,OGD,70.54794520547945
2026-09-01,OGF,74.0506329113924
2026-09-01,OGV,
2026-09-01,OHB,72.81879194630872
2026-09-01,OHI,25.303951367781153
2026-09-01,OHK,85.12658227848101
2026-09-01,OIL,86.98630136986301
2026-09-01,OIR,97.12643678160919
2026-09-01,OIS,
2026-09-01,OJB,42.933130699088146
2026-09-01,OJH,25.151975683890576
2026-09-01,OJK,74.65753424657534
2026-09-01,OJT,31.60919540229885
2026-09-01,OJU,
2026-09-01,OJY,
2026-09-01,OKD,65.72327044025157
2026-09-01,OKF,81.83890577507599
2026-09-01,OKP,58.86075949367089
2026-09-01,OKT,53.79746835443038
2026-09-01,OLA,23.480243161094226
2026-09-01,OLD,5.172413793103448
2026-09-01,OLE,83.33333333333334
2026-09-01,OMB,
2026-09-01,OMC,
2026-09-01,OME,75.0
2026-09-01,OMG,35.90604026845637
2026-09-01,OMT,2.302631578947368
2026-09-01,ONB,40.045592705167174
2026-09-01,OND,42.32522796352583
2026-09-01,ONE,49.01215805471125
2026-09-01,ONF,77.3972602739726
2026-09-01,ONK,21.960486322188448
2026-09-01,ONN,99.77203647416414
2026-09-01,ONS,71.50455927051672
2026-09-01,ONT,43.54103343465046
2026-09-01,ONY,43.38905775075988
2026-09-01,OPB,89.62264150943396
2026-09-01,OPD,94.30091185410335
2026-09-01,OPF,41.19496855345912
2026-09-01,OPH,43.95973154362416
2026-09-01,OPI,29.194630872483224
2026-09-01,OPJ,50.98684210526315
2026-09-01,OPL,77.04402515723271
2026-09-01,OPZ,
2026-09-01,ORC,59.954407294832826
2026-09-01,ORI,
2026-09-01,OSD,46.20253164556962
2026-09-01,OSF,54.33130699088146
2026-09-01,OSH,46.42857142857143
2026-09-01,OSL,70.25316455696202
2026-09-01,OSN,72.26443768996961
2026-09-01,OTE,
2026-09-01,OTF,79.43037974683544
2026-09-01,OTJ,18.493150684931507
2026-09-01,OTK,
2026-09-01,OTM,19.18238993710692
2026-09-01,OTZ,
2026-09-01,OUB,81.53495440729483
2026-09-01,OUD,78.64741641337386
2026-09-01,OUN,61.018237082066875
2026-09-01,OUR,68.76899696048632
2026-09-01,OUY,
2026-09-01,OVD,72.98850574712644
2026-09-01,OVR,
2026-09-01,OYL,43.09210526315789
2026-09-01,OYS,7.826747720364742
2026-09-01,OYT,95.36474164133737
2026-09-01,OZC,
2026-09-01,P1A,79.27631578947368
2026-09-01,PA2,93.83561643835617
2026-09-01,PAB,87.82894736842105
2026-09-01,PAC,
2026-09-01,PAF,73.28767123287672
2026-09-01,PAI,25.471698113207548
2026-09-01,PAL,52.73972602739726
2026-09-01,PAO,24.848024316109424
2026-09-01,PAU,31.0790273556231
2026-09-01,PBE,83.96656534954407
2026-09-01,PBF,
2026-09-01,PBH,12.8419452887538
2026-09-01,PBI,98.27586206896551
2026-09-01,PBK,24.367088607594937
2026-09-01,PBN,43.237082066869306
2026-09-01,PBR,4.716981132075472
2026-09-01,PBS,68.9209726443769
2026-09-01,PBY,6.155015197568389
2026-09-01,PCE,64.8176291793313
2026-09-01,PCH,57.52279635258358
2026-09-01,PCN,36.39817629179331
2026-09-01,PCS,75.45592705167174
2026-09-01,PDC,4.4832826747720365
2026-09-01,PDD,47.78481012658228
2026-09-01,PDE,2.2151898734177213
2026-09-01,PDF,51.139817629179326
2026-09-01,PDG,8.890577507598785
2026-09-01,PDH,17.09726443768997
2026-09-01,PDR,
2026-09-01,PDS,7.9787234042553195
2026-09-01,PEA,44.52054794520548
2026-09-01,PFO,35.05747126436782
2026-09-01,PFS,30.45977011494253
2026-09-01,PGD,46.22641509433962
2026-09-01,PGE,69.98480243161094
2026-09-01,PGH,11.170212765957446
2026-09-01,PGS,15.100671140939598
2026-09-01,PHB,28.191489361702125
2026-09-01,PHE,84.8993288590604
2026-09-01,PHF,33.81458966565349
2026-09-01,PHI,70.13422818791946
2026-09-01,PHK,37.65822784810127
2026-09-01,PHN,58.7386018237082
2026-09-01,PHS,46.73252279635258
2026-09-01,PHY,9.19452887537994
2026-09-01,PID,55.660377358490564
2026-09-01,PIL,7.471264367816093
2026-09-01,PIP,4.276315789473684
2026-09-01,PIR,17.123287671232877
2026-09-01,PIS,98.86018237082067
2026-09-01,PJL,22.697368421052634
2026-09-01,PJP,45.516717325227965
2026-09-01,PK1,
2026-09-01,PKD,26.89873417721519
2026-09-01,PKF,34.93150684931507
2026-09-01,PKH,0.949367088607595
2026-09-01,PKL,40.822784810126585
2026-09-01,PKM,98.35526315789474
2026-09-01,PKN,37.462006079027354
2026-09-01,PKP,80.5921052631579
2026-09-01,PKR,0.9868421052631579
2026-09-01,PKT,37.17105263157895
2026-09-01,PKU,53.72340425531915
2026-09-01,PKV,99.16413373860182
2026-09-01,PKZ,29.103343465045594
2026-09-01,PLA,
2026-09-01,PLR,74.67105263157895
2026-09-01,PLS,
2026-09-01,PMG,
2026-09-01,PMH,
2026-09-01,PMP,2.507598784194529
2026-09-01,PNU,88.48684210526315
2026-09-01,PO7,17.5531914893617
2026-09-01,PO8,19.224924012158056
2026-09-01,PO9,51.747720364741646
2026-09-01,POB,21.35258358662614
2026-09-01,POD,27.127659574468083
2026-09-01,POF,3.4246575342465753
2026-09-01,POH,
2026-09-01,POI,1.7477203647416413
2026-09-01,POS,29.559270516717323
2026-09-01,POU,71.04863221884499
2026-09-01,PP1,33.22784810126582
2026-09-01,PPB,6.375838926174497
2026-09-01,PPD,35.94224924012158
2026-09-01,PPE,48.10030395136778
2026-09-01,PPF,41.56534954407295
2026-09-01,PPG,7.565789473684211
2026-09-01,PPH,41.946308724832214
2026-09-01,PPI,14.144736842105262
2026-09-01,PPJ,52.960526315789465
2026-09-01,PPK,62.82894736842105
2026-09-01,PPM,64.05775075987842
2026-09-01,PPN,79.93421052631578
2026-09-01,PPO,50.07598784194529
2026-09-01,PPP,1.644736842105263
2026-09-01,PPS,2.811550151975684
2026-09-01,PPT,81.25
2026-09-01,PPU,5.091185410334346
2026-09-01,PPV,71.38157894736842
2026-09-01,PPZ,68.0921052631579
2026-09-01,PRD,85.19736842105263
2026-09-01,PRF,
2026-09-01,PRH,29.276315789473685
2026-09-01,PRR,6.25
2026-09-01,PRU,88.82978723404256
2026-09-01,PRV,22.039473684210524
2026-09-01,PRY,86.51315789473685
2026-09-01,PSD,
2026-09-01,PSE,66.77631578947368
2026-09-01,PSG,8.58662613981763
2026-09-01,PSH,60.06711409395973
2026-09-01,PSL,55.39513677811551
2026-09-01,PSO,
2026-09-01,PSR,20.89665653495441
2026-09-01,PSS,60.410334346504555
2026-09-01,PST,4.939209726443769
2026-09-01,PTC,56.15501519756839
2026-09-01,PTE,52.30263157894737
2026-09-01,PTF,91.56534954407294
2026-09-01,PTG,
2026-09-01,PTL,61.51315789473685
2026-09-01,PTN,43.15068493150685
2026-09-01,PTO,88.25503355704699
2026-09-01,PTP,16.11842105263158
2026-09-01,PTS,65.46052631578947
2026-09-01,PUA,
2026-09-01,PUC,83.2066869300912
2026-09-01,PUH,49.316109422492396
2026-09-01,PUK,83.22784810126582
2026-09-01,PUR,35.19736842105263
2026-09-01,PUT,
2026-09-01,PUV,
2026-09-01,PVK,84.49367088607595
2026-09-01,PYB,20.723684210526315
2026-09-01,PYD,2.6595744680851063
2026-09-01,PYF,88.67781155015197
2026-09-01,PYH,1.5822784810126582
2026-09-01,PYI,12.082066869300911
2026-09-01,PYL,33.358662613981764
2026-09-01,PYR,3.875379939209726
2026-09-01,PYS,50.22796352583586
2026-09-01,RAF,22.602739726027394
2026-09-01,RAI,
2026-09-01,RAN,
2026-09-01,RAV,67.5531914893617
2026-09-01,RAY,
2026-09-01,RBA,41.78082191780822
2026-09-01,RBB,41.139240506329116
2026-09-01,RBE,84.11854103343465
2026-09-01,RBF,31.0126582278481
2026-09-01,RBH,57.91139240506329
2026-09-01,RBI,18.617021276595743
2026-09-01,RBK,47.151898734177216
2026-09-01,RBL,45.972644376899694
2026-09-01,RBN,20.288753799392097
2026-09-01,RBP,87.17105263157895
2026-09-01,RBR,90.18987341772153
2026-09-01,RBT,81.9620253164557
2026-09-01,RBV,95.25316455696202
2026-09-01,RCL,
2026-09-01,RCS,
2026-09-01,RCV,74.36708860759494
2026-09-01,RD1,78.9308176100629
2026-09-01,RDF,47.49240121580547
2026-09-01,RDH,9.042553191489363
2026-09-01,RDK,
2026-09-01,RDS,48.556231003039514
2026-09-01,RDT,34.72644376899696
2026-09-01,RDZ,69.22492401215806
2026-09-01,RE6,7.534246575342466
2026-09-01,RE7,
2026-09-01,RE8,11.4741641337386
2026-09-01,RFM,33.90804597701149
2026-09-01,RGD,26.10062893081761
2026-09-01,RGH,62.99392097264438
2026-09-01,RHD,53.419452887538
2026-09-01,RHI,96.97986577181209
2026-09-01,RHS,17.78523489932886
2026-09-01,RIA,47.9483282674772
2026-09-01,RIH,77.73556231003039
2026-09-01,RIK,0.9433962264150944
2026-09-01,RJG,63.6986301369863
2026-09-01,RKC,87.73584905660378
2026-09-01,RKH,
2026-09-01,RKL,
2026-09-01,RKS,37.0253164556962
2026-09-01,RKV,86.39240506329115
2026-09-01,RLH,83.8145896656535
2026-09-01,RO1,11.513157894736842
2026-09-01,ROD,35.638297872340424
2026-09-01,ROF,50.53191489361703
2026-09-01,ROY,66.77215189873418
2026-09-01,RPC,58.17610062893082
2026-09-01,RPD,14.150943396226415
2026-09-01,RPG,33.56164383561644
2026-09-01,RPI,32.594936708860764
2026-09-01,RPK,
2026-09-01,RPL,56.610942249240125
2026-09-01,RPM,97.79874213836479
2026-09-01,RPN,7.066869300911854
2026-09-01,RPO,
2026-09-01,RPP,48.35526315789473
2026-09-01,RPS,50.83586626139818
2026-09-01,RPT,87.15805471124621
2026-09-01,RPU,64.24050632911393
2026-09-01,RPX,48.860182370820674
2026-09-01,RRA,31.907894736842106
2026-09-01,RRP,8.881578947368421
2026-09-01,RS1,76.82370820668693
2026-09-01,RSF,88.22188449848024
2026-09-01,RSK,41.26139817629179
2026-09-01,RSY,47.18844984802432
2026-09-01,RSZ,12.23404255319149
2026-09-01,RTA,40.349544072948326
2026-09-01,RTB,81.23100303951368
2026-09-01,RTD,21.069182389937108
2026-09-01,RTG,33.0188679245283
2026-09-01,RTH,16.793313069908812
2026-09-01,RTI,89.55696202531645
2026-09-01,RTP,15.273556231003038
2026-09-01,RUH,67.40121580547113
2026-09-01,RUT,42.45283018867924
2026-09-01,RVI,32.19178082191781
2026-09-01,RVS,28.64741641337386
2026-09-01,RYA,
2026-09-01,RYB,
2026-09-01,RYD,14.817629179331307
2026-09-01,RYF,14.05775075987842
2026-09-01,RYU,35.790273556231
2026-09-01,RZR,
2026-09-01,SAP,55.5921052631579
2026-09-01,SAR,
2026-09-01,SAS,63.42281879194631
2026-09-01,SAT,
2026-09-01,SBH,13.145896656534955
2026-09-01,SBI,30.623100303951368
2026-09-01,SBR,35.33434650455927
2026-09-01,SBS,
2026-09-01,SCZ,95.66869300911854
2026-09-01,SD1,83.9622641509434
2026-09-01,SDA,76.36778115501521
2026-09-01,SEH,61.77811550151976
2026-09-01,SER,68.61702127659575
2026-09-01,SFA,80.92705167173251
2026-09-01,SFS,50.0
2026-09-01,SGK,6.60377358490566
2026-09-01,SGT,60.062893081761004
2026-09-01,SHC,77.51677852348993
2026-09-01,SHE,18.553459119496853
2026-09-01,SHI,16.641337386018236
2026-09-01,SHU,81.6869300911854
2026-09-01,SIA,
2026-09-01,SIS,15.881458966565349
2026-09-01,SJP,67.09726443768997
2026-09-01,SKL,35.85526315789473
2026-09-01,SKO,27.85234899328859
2026-09-01,SKS,
2026-09-01,SKT,76.58227848101265
2026-09-01,SKZ,77.27963525835865
2026-09-01,SLF,47.69736842105263
2026-09-01,SLG,50.0
2026-09-01,SLR,
2026-09-01,SLS,
2026-09-01,SMP,
2026-09-01,SNY,22.264437689969604
2026-09-01,SOS,91.50943396226415
2026-09-01,SPA,92.32522796352583
2026-09-01,SPD,
2026-09-01,SPE,95.82066869300911
2026-09-01,SPN,38.98176291793313
2026-09-01,SPP,45.06578947368421
2026-09-01,SPR,
2026-09-01,SPT,58.54430379746836
2026-09-01,SRA,
2026-09-01,SRE,
2026-09-01,SRL,72.14765100671141
2026-09-01,SRO,
2026-09-01,SSD,
2026-09-01,SSE,11.930091185410333
2026-09-01,SSF,
2026-09-01,SSK,77.67295597484278
2026-09-01,SSN,
2026-09-01,SSO,
2026-09-01,SSS,5.033557046979865
2026-09-01,SST,
2026-09-01,ST1,19.798657718120804
2026-09-01,STI,44.148936170212764
2026-09-01,STM,
2026-09-01,STS,63.60182370820668
2026-09-01,STZ,36.55015197568389
2026-09-01,SUA,87.10691823899371
2026-09-01,SUB,29.245283018867923
2026-09-01,SUC,50.0
2026-09-01,SUR,56.04026845637584
2026-09-01,SVB,21.69811320754717
2026-09-01,SVS,
2026-09-01,SVY,
2026-09-01,SYF,
2026-09-01,SYL,
2026-09-01,SYR,24.696048632218844
2026-09-01,SYS,22.872340425531913
2026-09-01,T3B,12.689969604863222
2026-09-01,TAL,65.06849315068493
2026-09-01,TAO,
2026-09-01,TAR,27.358490566037734
2026-09-01,TAU,42.61744966442953
2026-09-01,TAZ,
2026-09-01,TB9,79.1033434650456
2026-09-01,TBP,58.04597701149425
2026-09-01,TBT,33.54430379746836
2026-09-01,TBV,47.46835443037975
2026-09-01,TCA,14.383561643835616
2026-09-01,TCB,47.03947368421053
2026-09-01,TCC,28.039513677811552
2026-09-01,TCD,70.0
2026-09-01,TCF,59.195402298850574
2026-09-01,TCG,
2026-09-01,TCH,72.41641337386018
2026-09-01,TCI,86.09422492401215
2026-09-01,TCS,26.975683890577507
2026-09-01,TDG,4.430379746835443
2026-09-01,TDP,63.753799392097264
2026-09-01,TE3,60.691823899371066
2026-09-01,TE4,94.65408805031447
2026-09-01,TEJ,41.95402298850575
2026-09-01,TFE,78.79746835443038
2026-09-01,TFF,24.71264367816092
2026-09-01,TFU,20.88607594936709
2026-09-01,TGA,35.53459119496855
2026-09-01,TGE,10.919540229885058
2026-09-01,TGN,56.25
2026-09-01,TGR,34.276729559748425
2026-09-01,TGT,99.36708860759494
2026-09-01,TGV,3.115501519756839
2026-09-01,TGZ,76.06382978723404
2026-09-01,THD,
2026-09-01,THF,98.99328859060402
2026-09-01,THG,92.62917933130699
2026-09-01,THH,
2026-09-01,THO,40.95744680851064
2026-09-01,THS,
2026-09-01,THT,31.382978723404253
2026-09-01,THV,13.601823708206688
2026-09-01,TI1,89.80263157894737
2026-09-01,TI2,17.114093959731544
2026-09-01,TI3,0.33557046979865773
2026-09-01,TI4,63.20754716981132
2026-09-01,TI6,22.151898734177212
2026-09-01,TI7,65.09433962264151
2026-09-01,TIE,64.09395973154362
2026-09-01,TIL,38.924050632911396
2026-09-01,TIP,85.48632218844985
2026-09-01,TIV,93.0379746835443
2026-09-01,TJB,
2026-09-01,TJF,18.96551724137931
2026-09-01,TJI,44.252873563218394
2026-09-01,TJL,
2026-09-01,TJT,59.589041095890416
2026-09-01,TKF,86.91275167785236
2026-09-01,TKH,
2026-09-01,TKK,51.14942528735632
2026-09-01,TKM,24.013157894736842
2026-09-01,TLC,95.28301886792453
2026-09-01,TLE,5.69620253164557
2026-09-01,TLH,5.704697986577181
2026-09-01,TLK,27.302631578947366
2026-09-01,TLT,
2026-09-01,TLU,56.306990881458965
2026-09-01,TLV,62.17105263157895
2026-09-01,TLY,96.580547112462
2026-09-01,TLZ,93.35443037974683
2026-09-01,TMC,67.61006289308176
2026-09-01,TMG,91.61073825503355
2026-09-01,TMM,99.46808510638297
2026-09-01,TMR,
2026-09-01,TMS,89.58966565349544
2026-09-01,TMU,70.6896551724138
2026-09-01,TMV,97.03647416413374
2026-09-01,TMZ,91.37931034482759
2026-09-01,TNB,19.832826747720365
2026-09-01,TND,83.33333333333334
2026-09-01,TNF,
2026-09-01,TNH,
2026-09-01,TNI,84.59119496855347
2026-09-01,TNK,84.17721518987342
2026-09-01,TNS,73.93617021276596
2026-09-01,TO8,40.19756838905775
2026-09-01,TOK,31.68693009118541
2026-09-01,TOT,43.67088607594937
2026-09-01,TP1,
2026-09-01,TP2,93.75
2026-09-01,TPC,10.273972602739725
2026-09-01,TPE,13.291139240506327
2026-09-01,TPF,52.53164556962025
2026-09-01,TPJ,85.33434650455926
2026-09-01,TPL,1.89873417721519
2026-09-01,TPO,
2026-09-01,TPP,52.659574468085104
2026-09-01,TPR,
2026-09-01,TPV,
2026-09-01,TPZ,82.59493670886076
2026-09-01,TRJ,86.70886075949366
2026-09-01,TRN,
2026-09-01,TRO,45.89041095890411
2026-09-01,TRR,82.4468085106383
2026-09-01,TRU,18.037974683544302
2026-09-01,TSI,72.78481012658227
2026-09-01,TSP,
2026-09-01,TTA,13.013698630136986
2026-09-01,TTE,21.140939597315437
2026-09-01,TTL,41.71732522796353
2026-09-01,TTP,57.67477203647417
2026-09-01,TTS,
2026-09-01,TTV,43.99696048632219
2026-09-01,TTZ,
2026-09-01,TUA,55.47945205479452
2026-09-01,TVE,9.81012658227848
2026-09-01,TVN,84.48275862068965
2026-09-01,TYH,15.771812080536913
2026-09-01,TZC,68.86792452830188
2026-09-01,TZD,74.83221476510067
2026-09-01,TZH,
2026-09-01,TZL,40.46052631578947
2026-09-01,TZP,90.34954407294833
2026-09-01,TZT,56.32911392405063
2026-09-01,TZV,91.77215189873418
2026-09-01,UAB,
2026-09-01,UAP,
2026-09-01,UCN,
2026-09-01,UCP,15.460526315789474
2026-09-01,UFH,
2026-09-01,UHL,
2026-09-01,UHS,52.50759878419453
2026-09-01,ULH,24.240121580547115
2026-09-01,ULL,
2026-09-01,UNT,70.44072948328267
2026-09-01,UP1,84.24657534246576
2026-09-01,UP2,72.03947368421053
2026-09-01,UPD,45.36474164133739
2026-09-01,UPH,2.348993288590604
2026-09-01,UPP,39.14473684210527
2026-09-01,UPS,
2026-09-01,URA,27.9874213836478
2026-09-01,URC,39.8936170212766
2026-09-01,URD,40.189873417721515
2026-09-01,URG,
2026-09-01,URM,
2026-09-01,URS,
2026-09-01,URV,
2026-09-01,USS,
2026-09-01,UST,
2026-09-01,USY,65.5775075987842
2026-09-01,UYH,73.0243161094225
2026-09-01,UZY,90.04559270516718
2026-09-01,VAY,76.84563758389261
2026-09-01,VCD,83.51063829787235
2026-09-01,VCG,85.63829787234043
2026-09-01,VCY,51.257861635220124
2026-09-01,VFK,81.32911392405063
2026-09-01,VFO,91.0958904109589
2026-09-01,VFS,
2026-09-01,VHS,46.51898734177215
2026-09-01,VK6,74.01315789473685
2026-09-01,VKI,41.45569620253164
2026-09-01,VKK,98.41772151898735
2026-09-01,VKT,98.10126582278481
2026-09-01,VKV,92.72151898734177
2026-09-01,VLT,88.35616438356165
2026-09-01,VMV,91.8693009118541
2026-09-01,VNK,46.58054711246201
2026-09-01,VPA,10.855263157894738
2026-09-01,VPP,96.88449848024317
2026-09-01,VPS,5.243161094224924
2026-09-01,VRK,38.291139240506325
2026-09-01,VTF,
2026-09-01,VTL,96.51898734177216
2026-09-01,YA1,94.14893617021278
2026-09-01,YAC,38.50574712643678
2026-09-01,YAE,23.417721518987342
2026-09-01,YAK,93.75
2026-09-01,YAN,81.03448275862068
2026-09-01,YAR,
2026-09-01,YAS,29.86577181208054
2026-09-01,YAY,22.483221476510067
2026-09-01,YBE,8.227848101265822
2026-09-01,YBH,65.42553191489363
2026-09-01,YBJ,
2026-09-01,YBP,57.54716981132076
2026-09-01,YBR,93.54103343465046
2026-09-01,YBS,71.51898734177216
2026-09-01,YCG,
2026-09-01,YCH,71.83908045977012
2026-09-01,YCK,24.544072948328267
2026-09-01,YCL,4.027355623100304
2026-09-01,YCP,51.899696048632215
2026-09-01,YCY,93.9873417721519
2026-09-01,YDH,
2026-09-01,YDI,88.9261744966443
2026-09-01,YDK,60.12658227848101
2026-09-01,YDL,
2026-09-01,YDM,
2026-09-01,YDP,92.76729559748428
2026-09-01,YDZ,80.62310030395136
2026-09-01,YEF,92.9530201342282
2026-09-01,YFV,76.26582278481013
2026-09-01,YGM,69.52887537993921
2026-09-01,YHB,87.58389261744966
2026-09-01,YHI,35.18237082066869
2026-09-01,YHK,50.31645569620253
2026-09-01,YHP,
2026-09-01,YHS,73.48993288590604
2026-09-01,YHT,94.30379746835443
2026-09-01,YHY,6.458966565349544
2026-09-01,YHZ,47.98657718120805
2026-09-01,YIK,8.223684210526317
2026-09-01,YIS,
2026-09-01,YIT,2.8301886792452833
2026-09-01,YIV,
2026-09-01,YJA,
2026-09-01,YJH,7.232704402515723
2026-09-01,YJK,15.517241379310345
2026-09-01,YJU,
2026-09-01,YJY,69.37689969604864
2026-09-01,YKS,95.2127659574468
2026-09-01,YKT,25.34246575342466
2026-09-01,YLB,54.276315789473685
2026-09-01,YLC,20.440251572327046
2026-09-01,YLE,70.80536912751678
2026-09-01,YLO,16.666666666666664
2026-09-01,YLR,
2026-09-01,YLY,50.671140939597315
2026-09-01,YLZ,13.449848024316111
2026-09-01,YMD,78.95136778115501
2026-09-01,YMH,71.96048632218846
2026-09-01,YMP,95.06578947368422
2026-09-01,YNF,
2026-09-01,YNK,66.7933130699088
2026-09-01,YNL,
2026-09-01,YOA,9.49367088607595
2026-09-01,YOS,23.024316109422493
2026-09-01,YOT,51.26582278481012
2026-09-01,YOZ,83.35866261398176
2026-09-01,YP1,
2026-09-01,YP2,
2026-09-01,YP4,52.20364741641338
2026-09-01,YPC,76.41509433962264
2026-09-01,YPD,
2026-09-01,YPF,83.66261398176292
2026-09-01,YPI,32.75075987841946
2026-09-01,YPK,76.21580547112463
2026-09-01,YPL,80.77507598784194
2026-09-01,YPN,65.72948328267478
2026-09-01,YPP,
2026-09-01,YPR,44.63087248322148
2026-09-01,YPT,45.723684210526315
2026-09-01,YPU,71.35258358662614
2026-09-01,YPV,22.413793103448278
2026-09-01,YRZ,27.887537993920976
2026-09-01,YSA,76.51975683890578
2026-09-01,YSH,23.58490566037736
2026-09-01,YSL,25.63291139240506
2026-09-01,YSO,98.25227963525836
2026-09-01,YSU,92.13836477987421
2026-09-01,YTD,48.85057471264368
2026-09-01,YTJ,
2026-09-01,YTO,
2026-09-01,YTR,
2026-09-01,YTV,24.21383647798742
2026-09-01,YTY,53.26747720364742
2026-09-01,YUB,45.06079027355623
2026-09-01,YUD,
2026-09-01,YUI,
2026-09-01,YUK,22.416413373860184
2026-09-01,YUN,86.85410334346506
2026-09-01,YUY,
2026-09-01,YVB,42.405063291139236
2026-09-01,YVD,18.75
2026-09-01,YVF,
2026-09-01,YVG,48.25227963525836
2026-09-01,YVO,
2026-09-01,YVS,
2026-09-01,YZC,56.91823899371069
2026-09-01,YZF,
2026-09-01,YZG,20.114942528735632
2026-09-01,YZH,33.22147651006711
2026-09-01,YZK,39.74164133738602
2026-09-01,YZL,44.6048632218845
2026-09-01,YZT,63.83647798742138
2026-09-01,ZA2,60.85526315789473
2026-09-01,ZAD,31.329113924050635
2026-09-01,ZAV,26.367781155015198
2026-09-01,ZAY,10.197368421052632
2026-09-01,ZBD,53.77358490566038
2026-09-01,ZBI,73.10126582278481
2026-09-01,ZBJ,81.9078947368421
2026-09-01,ZBN,27.735562310030392
2026-09-01,ZBO,61.170212765957444
2026-09-01,ZBZ,
2026-09-01,ZCA,
2026-09-01,ZCB,
2026-09-01,ZCC,
2026-09-01,ZCD,15.753424657534246
2026-09-01,ZCE,
2026-09-01,ZCF,
2026-09-01,ZCG,98.55623100303951
2026-09-01,ZCH,
2026-09-01,ZCK,75.63291139240506
2026-09-01,ZCN,77.58620689655173
2026-09-01,ZDD,85.84905660377359
2026-09-01,ZDK,
2026-09-01,ZDZ,31.132075471698112
2026-09-01,ZFB,12.89308176100629
2026-09-01,ZFZ,
2026-09-01,ZHH,76.1744966442953
2026-09-01,ZIH,3.459119496855346
2026-09-01,ZJB,15.425531914893616
2026-09-01,ZJH,
2026-09-01,ZJI,13.297872340425531
2026-09-01,ZJL,90.26845637583892
2026-09-01,ZJT,
2026-09-01,ZJV,57.38255033557047
2026-09-01,ZK1,30.69620253164557
2026-09-01,ZK2,2.848101265822785
2026-09-01,ZKK,
2026-09-01,ZLB,56.91489361702128
2026-09-01,ZLG,
2026-09-01,ZLH,32.5503355704698
2026-09-01,ZMT,44.452887537993924
2026-09-01,ZMU,42.17325227963526
2026-09-01,ZMY,15.40880503144654
2026-09-01,ZNF,
2026-09-01,ZOS,59.19452887537994
2026-09-01,ZP1,
2026-09-01,ZP2,
2026-09-01,ZP3,
2026-09-01,ZP6,22.468354430379748
2026-09-01,ZP7,
2026-09-01,ZP8,34.53947368421053
2026-09-01,ZP9,16.139240506329113
2026-09-01,ZPA,90.50151975683892
2026-09-01,ZPC,45.40229885057471
2026-09-01,ZPE,49.050632911392405
2026-09-01,ZPF,52.84810126582279
2026-09-01,ZPG,60.44303797468354
2026-09-01,ZPH,29.93421052631579
2026-09-01,ZPJ,14.240506329113925
2026-09-01,ZPK,94.62025316455697
2026-09-01,ZPN,
2026-09-01,ZPO,99.01315789473685
2026-09-01,ZPR,50.32894736842105
2026-09-01,ZR2,
2026-09-01,ZR3,10.562310030395135
2026-09-01,ZSB,95.9726443768997
2026-09-01,ZSF,78.85906040268456
2026-09-01,ZSG,56.896551724137936
2026-09-01,ZSK,
2026-09-01,ZSN,
2026-09-01,ZTF,
2026-09-01,ZTG,64.9425287356322
2026-09-01,ZTV,90.93959731543623
2026-09-01,ZUD,
2026-09-01,ZUE,
2026-09-01,ZUS,32.142857142857146
2026-09-01,ZVB,34.27051671732523
2026-09-01,ZVO,21.048632218844983
2026-09-01,ZYC,
2026-09-01,ZYD,
2026-09-01,ZZL,84.87841945288754
2026-09-01,FDY,
2026-09-01,ZJR,
2026-09-01,DKY,21.50455927051672
2026-09-01,FKH,
